INFO Started
INFO Sound file does not exist at path
INFO Attempting to add sound: ambient from path: Resources\Sounds\swamp_low_quality.wav
INFO Sound file loaded successfully
INFO Sound added to map: ambient
INFO Sound verified in map: ambient
INFO Attempting to add sound: hit from path: Resources\Sounds\AppleEat.wav
INFO Sound file loaded successfully
INFO Sound added to map: hit
INFO Sound verified in map: hit
INFO PlaySound called for: ambient
INFO Sound found in map, attempting to play
INFO Play command sent to sound component
INFO 550.000000
INFO 20.000000
INFO Attempting to add sound: kill from path: Resources\Sounds\Kill.wav
INFO Sound file loaded successfully
INFO Sound added to map: kill
INFO Sound verified in map: kill
INFO SoundManager found, attempting to play hit sound
INFO PlaySound called for: hit
INFO Sound found in map, attempting to play
INFO Play command sent to sound component
INFO Player took 10.000000 damage. Health: 540.000000
INFO Enemy attacked player for 10.000000 damage
INFO Enemy taking damage, playing hit sound
INFO PlaySound called for: Kill
ERROR Sound not found in map: Kill
INFO Available sounds: kill, 
INFO Enemy took 20.000000 damage. Health: 30.000000
INFO PlaySound called for: hit
INFO Sound found in map, attempting to play
INFO Play command sent to sound component
INFO SoundManager found, attempting to play hit sound
INFO PlaySound called for: hit
INFO Sound found in map, attempting to play
INFO Play command sent to sound component
INFO Player took 10.000000 damage. Health: 530.000000
INFO Enemy attacked player for 10.000000 damage
INFO PlaySound called for: hit
INFO Sound found in map, attempting to play
INFO Play command sent to sound component
INFO SoundManager found, attempting to play hit sound
INFO PlaySound called for: hit
INFO Sound found in map, attempting to play
INFO Play command sent to sound component
INFO Player took 10.000000 damage. Health: 520.000000
INFO Enemy attacked player for 10.000000 damage
INFO SoundManager found, attempting to play hit sound
INFO PlaySound called for: hit
INFO Sound found in map, attempting to play
INFO Play command sent to sound component
INFO Player took 10.000000 damage. Health: 510.000000
INFO Enemy attacked player for 10.000000 damage
INFO PlaySound called for: hit
INFO Sound found in map, attempting to play
INFO Play command sent to sound component
INFO SoundManager found, attempting to play hit sound
INFO PlaySound called for: hit
INFO Sound found in map, attempting to play
INFO Play command sent to sound component
INFO Player took 10.000000 damage. Health: 500.000000
INFO Enemy attacked player for 10.000000 damage
INFO SoundManager found, attempting to play hit sound
INFO PlaySound called for: hit
INFO Sound found in map, attempting to play
INFO Play command sent to sound component
INFO Player took 10.000000 damage. Health: 490.000000
INFO Enemy attacked player for 10.000000 damage
INFO SoundManager found, attempting to play hit sound
INFO PlaySound called for: hit
INFO Sound found in map, attempting to play
INFO Play command sent to sound component
INFO Player took 10.000000 damage. Health: 480.000000
INFO Enemy attacked player for 10.000000 damage
INFO Enemy taking damage, playing hit sound
INFO PlaySound called for: Kill
ERROR Sound not found in map: Kill
INFO Available sounds: kill, 
INFO Enemy took 20.000000 damage. Health: 10.000000
INFO PlaySound called for: hit
INFO Sound found in map, attempting to play
INFO Play command sent to sound component
INFO SoundManager found, attempting to play hit sound
INFO PlaySound called for: hit
INFO Sound found in map, attempting to play
INFO Play command sent to sound component
INFO Player took 10.000000 damage. Health: 470.000000
INFO Enemy attacked player for 10.000000 damage
INFO SoundManager found, attempting to play hit sound
INFO PlaySound called for: hit
INFO Sound found in map, attempting to play
INFO Play command sent to sound component
INFO Player took 10.000000 damage. Health: 460.000000
INFO Enemy attacked player for 10.000000 damage
INFO Enemy taking damage, playing hit sound
INFO PlaySound called for: Kill
ERROR Sound not found in map: Kill
INFO Available sounds: kill, 
INFO Enemy took 20.000000 damage. Health: -10.000000
INFO Enemy died!
INFO PlaySound called for: hit
INFO Sound found in map, attempting to play
INFO Play command sent to sound component
INFO Started
INFO Sound file does not exist at path
INFO Attempting to add sound: ambient from path: Resources\Sounds\swamp_low_quality.wav
INFO Sound file loaded successfully
INFO Sound added to map: ambient
INFO Sound verified in map: ambient
INFO Attempting to add sound: hit from path: Resources\Sounds\AppleEat.wav
INFO Sound file loaded successfully
INFO Sound added to map: hit
INFO Sound verified in map: hit
INFO PlaySound called for: ambient
INFO Sound found in map, attempting to play
INFO Play command sent to sound component
INFO 550.000000
INFO 20.000000
INFO Attempting to add sound: kill from path: Resources\Sounds\Kill.wav
INFO Sound file loaded successfully
INFO Sound added to map: kill
INFO Sound verified in map: kill
INFO SoundManager found, attempting to play hit sound
INFO PlaySound called for: hit
INFO Sound found in map, attempting to play
INFO Play command sent to sound component
INFO Player took 10.000000 damage. Health: 540.000000
INFO Enemy attacked player for 10.000000 damage
INFO Enemy taking damage, playing hit sound
INFO PlaySound called for: Kill
ERROR Sound not found in map: Kill
INFO Available sounds: kill, 
INFO Enemy took 20.000000 damage. Health: 30.000000
INFO PlaySound called for: hit
INFO Sound found in map, attempting to play
INFO Play command sent to sound component
INFO SoundManager found, attempting to play hit sound
INFO PlaySound called for: hit
INFO Sound found in map, attempting to play
INFO Play command sent to sound component
INFO Player took 10.000000 damage. Health: 530.000000
INFO Enemy attacked player for 10.000000 damage
INFO SoundManager found, attempting to play hit sound
INFO PlaySound called for: hit
INFO Sound found in map, attempting to play
INFO Play command sent to sound component
INFO Player took 10.000000 damage. Health: 520.000000
INFO Enemy attacked player for 10.000000 damage
INFO SoundManager found, attempting to play hit sound
INFO PlaySound called for: hit
INFO Sound found in map, attempting to play
INFO Play command sent to sound component
INFO Player took 10.000000 damage. Health: 510.000000
INFO Enemy attacked player for 10.000000 damage
INFO Enemy taking damage, playing hit sound
INFO PlaySound called for: Kill
ERROR Sound not found in map: Kill
INFO Available sounds: kill, 
INFO Enemy took 20.000000 damage. Health: 10.000000
INFO PlaySound called for: hit
INFO Sound found in map, attempting to play
INFO Play command sent to sound component
INFO SoundManager found, attempting to play hit sound
INFO PlaySound called for: hit
INFO Sound found in map, attempting to play
INFO Play command sent to sound component
INFO Player took 10.000000 damage. Health: 500.000000
INFO Enemy attacked player for 10.000000 damage
INFO SoundManager found, attempting to play hit sound
INFO PlaySound called for: hit
INFO Sound found in map, attempting to play
INFO Play command sent to sound component
INFO Player took 10.000000 damage. Health: 490.000000
INFO Enemy attacked player for 10.000000 damage
INFO Enemy taking damage, playing hit sound
INFO PlaySound called for: Kill
ERROR Sound not found in map: Kill
INFO Available sounds: kill, 
INFO Enemy took 20.000000 damage. Health: -10.000000
INFO Enemy died!
INFO PlaySound called for: hit
INFO Sound found in map, attempting to play
INFO Play command sent to sound component
INFO Started
WARNING Sound file does not exist at path: Resources\Sounds\swamp_low_quality.wav
INFO Attempting to add sound: ambient from path: Resources\Sounds\swamp_low_quality.wav
INFO Sound file loaded successfully
INFO Sound added to map: ambient
INFO Sound verified in map: ambient
INFO Attempting to add sound: hit from path: Resources\Sounds\AppleEat.wav
INFO Sound file loaded successfully
INFO Sound added to map: hit
INFO Sound verified in map: hit
INFO PlaySound called for: ambient
INFO Sound found in map, attempting to play
INFO Play command sent to sound component
INFO 550.000000
INFO 20.000000
INFO Enemy created
INFO Attempting to add sound: kill from path: Resources\Sounds\Kill.wav
INFO Sound file loaded successfully
INFO Sound added to map: kill
INFO Sound verified in map: kill
DEBUG Enemy stats initialized: Health=50.000000, AttackDamage=10.000000, AttackRange=50.000000
DEBUG Player found in detection range
DEBUG Player found in detection range
DEBUG Player found in detection range
DEBUG Player found in detection range
DEBUG Player found in detection range
DEBUG Player found in detection range
DEBUG Player found in detection range
DEBUG Player found in detection range
DEBUG Player found in detection range
DEBUG Player found in detection range
DEBUG Player found in detection range
DEBUG Player found in detection range
DEBUG Player found in detection range
DEBUG Player found in detection range
DEBUG Player found in detection range
DEBUG Player found in detection range
DEBUG Player found in detection range
DEBUG Player found in detection range
DEBUG Player found in detection range
DEBUG Player found in detection range
DEBUG Player found in detection range
DEBUG Player found in detection range
DEBUG Player found in detection range
DEBUG Player found in detection range
DEBUG Player found in detection range
DEBUG Player found in detection range
DEBUG Player found in detection range
DEBUG Player found in detection range
DEBUG Player found in detection range
DEBUG Player found in detection range
DEBUG Player found in detection range
DEBUG Player found in detection range
DEBUG Player found in detection range
DEBUG Player found in detection range
DEBUG Player found in detection range
DEBUG Player found in detection range
DEBUG Player found in detection range
DEBUG Player found in detection range
DEBUG Player found in detection range
DEBUG Player found in detection range
DEBUG Player found in detection range
DEBUG Player found in detection range
DEBUG Player found in detection range
DEBUG Player found in detection range
DEBUG Player found in detection range
DEBUG Player found in detection range
DEBUG Player found in detection range
DEBUG Player found in detection range
DEBUG Player found in detection range
DEBUG Player found in detection range
DEBUG Player found in detection range
DEBUG Player found in detection range
DEBUG Player found in detection range
DEBUG Player found in detection range
DEBUG Player found in detection range
DEBUG Player found in detection range
DEBUG Player found in detection range
DEBUG Player found in detection range
DEBUG Player found in detection range
DEBUG Player found in detection range
DEBUG Player found in detection range
DEBUG Player found in detection range
DEBUG Player found in detection range
DEBUG Player found in detection range
DEBUG Player found in detection range
DEBUG Player found in detection range
DEBUG Player found in detection range
DEBUG Player found in detection range
DEBUG Player found in detection range
DEBUG Player found in detection range
DEBUG Player found in detection range
DEBUG Player found in detection range
DEBUG Player found in detection range
DEBUG Player found in detection range
DEBUG Player found in detection range
DEBUG Player found in detection range
DEBUG Player found in detection range
DEBUG Player found in detection range
DEBUG Player found in detection range
DEBUG Player found in detection range
DEBUG Player found in detection range
DEBUG Player found in detection range
DEBUG Player found in detection range
DEBUG Player found in detection range
DEBUG Player found in detection range
DEBUG Player found in detection range
DEBUG Player found in detection range
DEBUG Player found in detection range
DEBUG Player found in detection range
DEBUG Player found in detection range
DEBUG Player found in detection range
DEBUG Player found in detection range
DEBUG Player found in detection range
DEBUG Player found in detection range
DEBUG Player found in detection range
DEBUG Player found in detection range
DEBUG Player found in detection range
DEBUG Player found in detection range
DEBUG Player found in detection range
DEBUG Player found in detection range
DEBUG Player found in detection range
DEBUG Player found in detection range
DEBUG Player found in detection range
DEBUG Player found in detection range
DEBUG Player found in detection range
DEBUG Player found in detection range
DEBUG Player found in detection range
DEBUG Player found in detection range
DEBUG Player found in detection range
DEBUG Player found in detection range
DEBUG Player found in detection range
DEBUG Player found in detection range
DEBUG Player found in detection range
DEBUG Player found in detection range
DEBUG Player found in detection range
DEBUG Player found in detection range
DEBUG Player found in detection range
DEBUG Player found in detection range
DEBUG Player found in detection range
DEBUG Player found in detection range
DEBUG Player found in detection range
DEBUG Player found in detection range
DEBUG Player found in detection range
DEBUG Player found in detection range
DEBUG Player found in detection range
DEBUG Player found in detection range
DEBUG Player found in detection range
DEBUG Player found in detection range
DEBUG Player found in detection range
DEBUG Player found in detection range
DEBUG Player found in detection range
DEBUG Player found in detection range
DEBUG Player found in detection range
DEBUG Player found in detection range
DEBUG Player found in detection range
DEBUG Player found in detection range
DEBUG Player found in detection range
DEBUG Player found in detection range
DEBUG Player found in detection range
DEBUG Player found in detection range
DEBUG Player found in detection range
DEBUG Player found in detection range
DEBUG Player found in detection range
DEBUG Player found in detection range
DEBUG Player found in detection range
DEBUG Player found in detection range
DEBUG Player found in detection range
DEBUG Player found in detection range
DEBUG Player found in detection range
DEBUG Player found in detection range
DEBUG Player found in detection range
DEBUG Player found in detection range
DEBUG Player found in detection range
DEBUG Player found in detection range
DEBUG Player found in detection range
DEBUG Player found in detection range
DEBUG Player found in detection range
DEBUG Player found in detection range
DEBUG Player found in detection range
DEBUG Player found in detection range
DEBUG Player found in detection range
DEBUG Player found in detection range
DEBUG Player found in detection range
DEBUG Player found in detection range
DEBUG Player found in detection range
DEBUG Player found in detection range
DEBUG Player found in detection range
DEBUG Player found in detection range
DEBUG Player found in detection range
DEBUG Player found in detection range
DEBUG Player found in detection range
DEBUG Player found in detection range
DEBUG Player found in detection range
DEBUG Player found in detection range
DEBUG Player found in detection range
DEBUG Player found in detection range
DEBUG Player found in detection range
DEBUG Player found in detection range
DEBUG Player found in detection range
DEBUG Player found in detection range
DEBUG Player found in detection range
DEBUG Player found in detection range
DEBUG Player found in detection range
DEBUG Player found in detection range
DEBUG Player found in detection range
DEBUG Player found in detection range
DEBUG Player found in detection range
DEBUG Player found in detection range
DEBUG Player found in detection range
DEBUG Player found in detection range
DEBUG Player found in detection range
DEBUG Player found in detection range
DEBUG Player found in detection range
DEBUG Player found in detection range
DEBUG Player found in detection range
DEBUG Player found in detection range
DEBUG Player found in detection range
DEBUG Player found in detection range
DEBUG Player found in detection range
DEBUG Player found in detection range
DEBUG Player found in detection range
DEBUG Player found in detection range
DEBUG Player found in detection range
DEBUG Player found in detection range
DEBUG Player found in detection range
DEBUG Player found in detection range
DEBUG Player found in detection range
DEBUG Player found in detection range
DEBUG Player found in detection range
DEBUG Player found in detection range
DEBUG Player found in detection range
DEBUG Player found in detection range
DEBUG Player found in detection range
DEBUG Player found in detection range
DEBUG Player found in detection range
DEBUG Player found in detection range
DEBUG Player found in detection range
DEBUG Player found in detection range
DEBUG Player found in detection range
DEBUG Player found in detection range
DEBUG Player found in detection range
DEBUG Player found in detection range
DEBUG Player found in detection range
DEBUG Player found in detection range
DEBUG Player found in detection range
DEBUG Player found in detection range
DEBUG Player found in detection range
DEBUG Player found in detection range
DEBUG Player found in detection range
DEBUG Player found in detection range
DEBUG Player found in detection range
DEBUG Player found in detection range
DEBUG Player found in detection range
DEBUG Player found in detection range
DEBUG Player found in detection range
DEBUG Player found in detection range
DEBUG Player found in detection range
DEBUG Player found in detection range
DEBUG Player found in detection range
DEBUG Player found in detection range
DEBUG Player found in detection range
DEBUG Player found in detection range
DEBUG Player found in detection range
DEBUG Player found in detection range
DEBUG Player found in detection range
DEBUG Player found in detection range
DEBUG Player found in detection range
DEBUG Player found in detection range
DEBUG Player found in detection range
DEBUG Player found in detection range
DEBUG Player found in detection range
DEBUG Player found in detection range
DEBUG Player found in detection range
DEBUG Player found in detection range
DEBUG Player found in detection range
DEBUG Player found in detection range
DEBUG Player found in detection range
DEBUG Player found in detection range
DEBUG Player found in detection range
DEBUG Player found in detection range
DEBUG Player found in detection range
DEBUG Player found in detection range
DEBUG Player found in detection range
DEBUG Player found in detection range
DEBUG Player found in detection range
DEBUG Player found in detection range
DEBUG Player found in detection range
DEBUG Player found in detection range
DEBUG Player found in detection range
DEBUG Player found in detection range
DEBUG Player found in detection range
DEBUG Player found in detection range
DEBUG Player found in detection range
DEBUG Player found in detection range
DEBUG Player found in detection range
DEBUG Player found in detection range
DEBUG Player found in detection range
DEBUG Player found in detection range
DEBUG Player found in detection range
DEBUG Player found in detection range
DEBUG Player found in detection range
DEBUG Player found in detection range
DEBUG Player found in detection range
DEBUG Player found in detection range
DEBUG Player found in detection range
DEBUG Player found in detection range
DEBUG Player found in detection range
DEBUG Player found in detection range
DEBUG Player found in detection range
DEBUG Player found in detection range
DEBUG Player found in detection range
DEBUG Player found in detection range
DEBUG Player found in detection range
DEBUG Player found in detection range
DEBUG Player found in detection range
DEBUG Player found in detection range
DEBUG Player found in detection range
DEBUG Player found in detection range
DEBUG Player found in detection range
DEBUG Player found in detection range
DEBUG Player found in detection range
DEBUG Player found in detection range
DEBUG Player found in detection range
DEBUG Player found in detection range
DEBUG Player found in detection range
DEBUG Player found in detection range
DEBUG Player found in detection range
DEBUG Player found in detection range
DEBUG Player found in detection range
DEBUG Player found in detection range
DEBUG Player found in detection range
DEBUG Player found in detection range
DEBUG Player found in detection range
DEBUG Player found in detection range
DEBUG Player found in detection range
DEBUG Player found in detection range
DEBUG Player found in detection range
DEBUG Player found in detection range
DEBUG Player found in detection range
DEBUG Player found in detection range
DEBUG Player found in detection range
DEBUG Player found in detection range
DEBUG Player found in detection range
DEBUG Player found in detection range
DEBUG Player found in detection range
DEBUG Player found in detection range
DEBUG Player found in detection range
DEBUG Player found in detection range
DEBUG Player found in detection range
DEBUG Player found in detection range
DEBUG Player found in detection range
DEBUG Player found in detection range
DEBUG Player found in detection range
DEBUG Player found in detection range
DEBUG Player found in detection range
DEBUG Player found in detection range
DEBUG Player found in detection range
DEBUG Player found in detection range
DEBUG Player found in detection range
DEBUG Player found in detection range
DEBUG Player found in detection range
DEBUG Player found in detection range
DEBUG Player found in detection range
DEBUG Player found in detection range
DEBUG Player found in detection range
DEBUG Player found in detection range
DEBUG Player found in detection range
DEBUG Player found in detection range
DEBUG Player found in detection range
DEBUG Player found in detection range
DEBUG Player found in detection range
DEBUG Player found in detection range
DEBUG Player found in detection range
DEBUG Player found in detection range
DEBUG Player found in detection range
DEBUG Player found in detection range
DEBUG Player found in detection range
DEBUG Player found in detection range
DEBUG Player found in detection range
DEBUG Player found in detection range
DEBUG Player found in detection range
DEBUG Player found in detection range
DEBUG Player found in detection range
DEBUG Player found in detection range
DEBUG Player found in detection range
DEBUG Player found in detection range
DEBUG Player found in detection range
DEBUG Player found in detection range
DEBUG Player found in detection range
DEBUG Player found in detection range
DEBUG Player found in detection range
DEBUG Player found in detection range
DEBUG Player found in detection range
DEBUG Player found in detection range
DEBUG Player found in detection range
DEBUG Player found in detection range
DEBUG Player found in detection range
DEBUG Player found in detection range
DEBUG Player found in detection range
DEBUG Player found in detection range
DEBUG Player found in detection range
DEBUG Player found in detection range
DEBUG Player found in detection range
DEBUG Player found in detection range
DEBUG Player found in detection range
DEBUG Player found in detection range
DEBUG Player found in detection range
DEBUG Player found in detection range
DEBUG Player found in detection range
DEBUG Player found in detection range
DEBUG Player found in detection range
DEBUG Player found in detection range
DEBUG Player found in detection range
DEBUG Player found in detection range
DEBUG Player found in detection range
DEBUG Player found in detection range
DEBUG Player found in detection range
DEBUG Player found in detection range
DEBUG Player found in detection range
DEBUG Player found in detection range
DEBUG Player found in detection range
DEBUG Player found in detection range
DEBUG Player found in detection range
DEBUG Player found in detection range
DEBUG Player found in detection range
DEBUG Player found in detection range
DEBUG Player found in detection range
DEBUG Player found in detection range
DEBUG Player found in detection range
DEBUG Player found in detection range
DEBUG Player found in detection range
DEBUG Player found in detection range
DEBUG Player found in detection range
DEBUG Player found in detection range
DEBUG Player found in detection range
DEBUG Player found in detection range
DEBUG Player found in detection range
DEBUG Player found in detection range
DEBUG Player found in detection range
DEBUG Player found in detection range
DEBUG Player found in detection range
DEBUG Player found in detection range
DEBUG Player found in detection range
DEBUG Player found in detection range
DEBUG Player found in detection range
DEBUG Player found in detection range
DEBUG Player found in detection range
DEBUG Player found in detection range
DEBUG Player found in detection range
DEBUG Player found in detection range
DEBUG Player found in detection range
DEBUG Player found in detection range
DEBUG Player found in detection range
DEBUG Player found in detection range
DEBUG Player found in detection range
DEBUG Player found in detection range
DEBUG Player found in detection range
DEBUG Player found in detection range
DEBUG Player found in detection range
DEBUG Player found in detection range
DEBUG Player found in detection range
DEBUG Player found in detection range
DEBUG Player found in detection range
DEBUG Player found in detection range
DEBUG Player found in detection range
DEBUG Player found in detection range
DEBUG Player found in detection range
DEBUG Player found in detection range
DEBUG Player found in detection range
DEBUG Player found in detection range
DEBUG Player found in detection range
DEBUG Player found in detection range
DEBUG Player found in detection range
DEBUG Player found in detection range
DEBUG Player found in detection range
DEBUG Player found in detection range
DEBUG Player found in detection range
DEBUG Player found in detection range
DEBUG Player found in detection range
DEBUG Player found in detection range
DEBUG Player found in detection range
DEBUG Player found in detection range
DEBUG Player found in detection range
DEBUG Player found in detection range
DEBUG Player found in detection range
DEBUG Player found in detection range
DEBUG Player found in detection range
DEBUG Player found in detection range
DEBUG Player found in detection range
DEBUG Player found in detection range
DEBUG Player found in detection range
DEBUG Player found in detection range
DEBUG Player found in detection range
DEBUG Player found in detection range
DEBUG Player found in detection range
DEBUG Player found in detection range
DEBUG Player found in detection range
DEBUG Player found in detection range
DEBUG Player found in detection range
DEBUG Player found in detection range
DEBUG Player found in detection range
DEBUG Player found in detection range
DEBUG Player found in detection range
DEBUG Player found in detection range
DEBUG Player found in detection range
INFO SoundManager found, attempting to play hit sound
INFO PlaySound called for: hit
INFO Sound found in map, attempting to play
INFO Play command sent to sound component
INFO Player took 10.000000 damage. Health: 540.000000
INFO Enemy attacked player for 10.000000 damage
DEBUG Player found in detection range
DEBUG Attack on cooldown: 0.997716
DEBUG Player found in detection range
DEBUG Player found in detection range
DEBUG Player found in detection range
DEBUG Player found in detection range
DEBUG Player found in detection range
DEBUG Player found in detection range
DEBUG Player found in detection range
DEBUG Player found in detection range
DEBUG Player found in detection range
DEBUG Player found in detection range
DEBUG Player found in detection range
DEBUG Player found in detection range
DEBUG Player found in detection range
DEBUG Player found in detection range
DEBUG Player found in detection range
DEBUG Player found in detection range
DEBUG Player found in detection range
DEBUG Player found in detection range
DEBUG Player found in detection range
DEBUG Player found in detection range
DEBUG Player found in detection range
DEBUG Player found in detection range
DEBUG Player found in detection range
DEBUG Player found in detection range
DEBUG Player found in detection range
DEBUG Player found in detection range
DEBUG Player found in detection range
DEBUG Player found in detection range
DEBUG Player found in detection range
DEBUG Player found in detection range
DEBUG Player found in detection range
DEBUG Player found in detection range
DEBUG Player found in detection range
DEBUG Player found in detection range
DEBUG Player found in detection range
DEBUG Player found in detection range
DEBUG Player found in detection range
DEBUG Player found in detection range
DEBUG Player found in detection range
DEBUG Player found in detection range
DEBUG Player found in detection range
DEBUG Player found in detection range
DEBUG Player found in detection range
DEBUG Player found in detection range
DEBUG Player found in detection range
DEBUG Player found in detection range
DEBUG Player found in detection range
DEBUG Player found in detection range
DEBUG Player found in detection range
DEBUG Player found in detection range
DEBUG Player found in detection range
DEBUG Player found in detection range
DEBUG Player found in detection range
DEBUG Player found in detection range
DEBUG Player found in detection range
DEBUG Player found in detection range
DEBUG Player found in detection range
DEBUG Player found in detection range
DEBUG Player found in detection range
DEBUG Player found in detection range
DEBUG Player found in detection range
DEBUG Player found in detection range
DEBUG Player found in detection range
DEBUG Player found in detection range
DEBUG Player found in detection range
DEBUG Player found in detection range
DEBUG Player found in detection range
DEBUG Player found in detection range
DEBUG Player found in detection range
DEBUG Player found in detection range
DEBUG Player found in detection range
DEBUG Player found in detection range
DEBUG Player found in detection range
DEBUG Player found in detection range
DEBUG Player found in detection range
DEBUG Player found in detection range
DEBUG Player found in detection range
DEBUG Player found in detection range
DEBUG Player found in detection range
DEBUG Attack on cooldown: 0.932726
DEBUG Player found in detection range
DEBUG Attack on cooldown: 0.931788
DEBUG Player found in detection range
DEBUG Attack on cooldown: 0.930740
DEBUG Player found in detection range
DEBUG Attack on cooldown: 0.929790
DEBUG Player found in detection range
DEBUG Attack on cooldown: 0.928688
DEBUG Player found in detection range
DEBUG Attack on cooldown: 0.927679
DEBUG Player found in detection range
DEBUG Attack on cooldown: 0.926747
DEBUG Player found in detection range
DEBUG Attack on cooldown: 0.925858
DEBUG Player found in detection range
DEBUG Attack on cooldown: 0.924941
DEBUG Player found in detection range
DEBUG Attack on cooldown: 0.924037
DEBUG Player found in detection range
DEBUG Attack on cooldown: 0.923122
DEBUG Player found in detection range
DEBUG Attack on cooldown: 0.922199
DEBUG Player found in detection range
DEBUG Attack on cooldown: 0.921124
DEBUG Player found in detection range
DEBUG Attack on cooldown: 0.920192
DEBUG Player found in detection range
DEBUG Attack on cooldown: 0.919189
DEBUG Player found in detection range
DEBUG Attack on cooldown: 0.918110
DEBUG Player found in detection range
DEBUG Attack on cooldown: 0.915181
DEBUG Player found in detection range
DEBUG Attack on cooldown: 0.914033
DEBUG Player found in detection range
DEBUG Attack on cooldown: 0.912979
DEBUG Player found in detection range
DEBUG Attack on cooldown: 0.912045
DEBUG Player found in detection range
DEBUG Attack on cooldown: 0.911073
DEBUG Player found in detection range
DEBUG Attack on cooldown: 0.910088
DEBUG Player found in detection range
DEBUG Attack on cooldown: 0.909117
DEBUG Player found in detection range
DEBUG Attack on cooldown: 0.908135
DEBUG Player found in detection range
DEBUG Attack on cooldown: 0.907132
DEBUG Player found in detection range
DEBUG Attack on cooldown: 0.906149
DEBUG Player found in detection range
DEBUG Attack on cooldown: 0.905121
DEBUG Player found in detection range
DEBUG Attack on cooldown: 0.904318
DEBUG Player found in detection range
DEBUG Attack on cooldown: 0.903395
DEBUG Player found in detection range
DEBUG Attack on cooldown: 0.902500
DEBUG Player found in detection range
DEBUG Attack on cooldown: 0.900003
DEBUG Player found in detection range
DEBUG Attack on cooldown: 0.899121
DEBUG Player found in detection range
DEBUG Attack on cooldown: 0.898052
DEBUG Player found in detection range
DEBUG Attack on cooldown: 0.897122
DEBUG Player found in detection range
DEBUG Attack on cooldown: 0.896082
DEBUG Player found in detection range
DEBUG Attack on cooldown: 0.895122
DEBUG Player found in detection range
DEBUG Attack on cooldown: 0.894114
DEBUG Player found in detection range
DEBUG Attack on cooldown: 0.893092
DEBUG Player found in detection range
DEBUG Attack on cooldown: 0.892116
DEBUG Player found in detection range
DEBUG Attack on cooldown: 0.891145
DEBUG Player found in detection range
DEBUG Attack on cooldown: 0.890237
DEBUG Player found in detection range
DEBUG Attack on cooldown: 0.889265
DEBUG Player found in detection range
DEBUG Attack on cooldown: 0.888273
DEBUG Player found in detection range
DEBUG Attack on cooldown: 0.887175
DEBUG Player found in detection range
DEBUG Attack on cooldown: 0.884133
DEBUG Player found in detection range
DEBUG Attack on cooldown: 0.883087
DEBUG Player found in detection range
DEBUG Attack on cooldown: 0.881932
DEBUG Player found in detection range
DEBUG Attack on cooldown: 0.880979
DEBUG Player found in detection range
DEBUG Attack on cooldown: 0.879740
DEBUG Player found in detection range
DEBUG Attack on cooldown: 0.878714
DEBUG Player found in detection range
DEBUG Attack on cooldown: 0.877688
DEBUG Player found in detection range
DEBUG Attack on cooldown: 0.876811
DEBUG Player found in detection range
DEBUG Attack on cooldown: 0.875946
DEBUG Player found in detection range
DEBUG Attack on cooldown: 0.875058
DEBUG Player found in detection range
DEBUG Attack on cooldown: 0.874138
DEBUG Player found in detection range
DEBUG Attack on cooldown: 0.873167
DEBUG Player found in detection range
DEBUG Attack on cooldown: 0.872227
DEBUG Player found in detection range
DEBUG Attack on cooldown: 0.871137
DEBUG Player found in detection range
DEBUG Attack on cooldown: 0.868958
DEBUG Player found in detection range
DEBUG Attack on cooldown: 0.867986
DEBUG Player found in detection range
DEBUG Attack on cooldown: 0.867088
DEBUG Player found in detection range
DEBUG Attack on cooldown: 0.866160
DEBUG Player found in detection range
DEBUG Attack on cooldown: 0.865111
DEBUG Player found in detection range
DEBUG Attack on cooldown: 0.863922
DEBUG Player found in detection range
DEBUG Attack on cooldown: 0.862973
DEBUG Player found in detection range
DEBUG Attack on cooldown: 0.861922
DEBUG Player found in detection range
DEBUG Attack on cooldown: 0.860928
DEBUG Player found in detection range
DEBUG Attack on cooldown: 0.859951
DEBUG Player found in detection range
DEBUG Attack on cooldown: 0.858968
DEBUG Player found in detection range
DEBUG Attack on cooldown: 0.858017
DEBUG Player found in detection range
DEBUG Attack on cooldown: 0.857076
DEBUG Player found in detection range
DEBUG Attack on cooldown: 0.856134
DEBUG Player found in detection range
DEBUG Attack on cooldown: 0.853787
DEBUG Player found in detection range
DEBUG Attack on cooldown: 0.852853
DEBUG Player found in detection range
DEBUG Attack on cooldown: 0.851854
DEBUG Player found in detection range
DEBUG Attack on cooldown: 0.850779
DEBUG Player found in detection range
DEBUG Attack on cooldown: 0.849730
DEBUG Player found in detection range
DEBUG Attack on cooldown: 0.848593
DEBUG Player found in detection range
DEBUG Attack on cooldown: 0.847510
DEBUG Player found in detection range
DEBUG Attack on cooldown: 0.846561
DEBUG Player found in detection range
DEBUG Attack on cooldown: 0.845484
DEBUG Player found in detection range
DEBUG Attack on cooldown: 0.844595
DEBUG Player found in detection range
DEBUG Attack on cooldown: 0.843630
DEBUG Player found in detection range
DEBUG Attack on cooldown: 0.842688
DEBUG Player found in detection range
DEBUG Attack on cooldown: 0.841697
DEBUG Player found in detection range
DEBUG Attack on cooldown: 0.840623
DEBUG Player found in detection range
DEBUG Attack on cooldown: 0.839414
DEBUG Player found in detection range
DEBUG Attack on cooldown: 0.837055
DEBUG Player found in detection range
DEBUG Attack on cooldown: 0.835995
DEBUG Player found in detection range
DEBUG Attack on cooldown: 0.834998
DEBUG Player found in detection range
DEBUG Attack on cooldown: 0.834131
DEBUG Player found in detection range
DEBUG Attack on cooldown: 0.833136
DEBUG Player found in detection range
DEBUG Attack on cooldown: 0.832259
DEBUG Player found in detection range
DEBUG Attack on cooldown: 0.831265
DEBUG Player found in detection range
DEBUG Attack on cooldown: 0.829903
DEBUG Player found in detection range
DEBUG Attack on cooldown: 0.828792
DEBUG Player found in detection range
DEBUG Attack on cooldown: 0.827590
DEBUG Player found in detection range
DEBUG Attack on cooldown: 0.442168
DEBUG Player found in detection range
DEBUG Attack on cooldown: 0.440985
DEBUG Player found in detection range
DEBUG Attack on cooldown: 0.439886
DEBUG Player found in detection range
DEBUG Attack on cooldown: 0.438947
DEBUG Player found in detection range
DEBUG Attack on cooldown: 0.437901
DEBUG Player found in detection range
DEBUG Attack on cooldown: 0.436994
DEBUG Player found in detection range
DEBUG Attack on cooldown: 0.435967
DEBUG Player found in detection range
DEBUG Attack on cooldown: 0.434749
DEBUG Player found in detection range
DEBUG Attack on cooldown: 0.432733
DEBUG Player found in detection range
DEBUG Attack on cooldown: 0.431720
DEBUG Player found in detection range
DEBUG Attack on cooldown: 0.430667
DEBUG Player found in detection range
DEBUG Attack on cooldown: 0.429756
DEBUG Player found in detection range
DEBUG Attack on cooldown: 0.428792
DEBUG Player found in detection range
DEBUG Attack on cooldown: 0.427805
DEBUG Player found in detection range
DEBUG Attack on cooldown: 0.426682
DEBUG Player found in detection range
DEBUG Attack on cooldown: 0.425578
DEBUG Player found in detection range
DEBUG Attack on cooldown: 0.424715
DEBUG Player found in detection range
DEBUG Attack on cooldown: 0.423843
DEBUG Player found in detection range
DEBUG Attack on cooldown: 0.422907
DEBUG Player found in detection range
DEBUG Attack on cooldown: 0.421905
DEBUG Player found in detection range
DEBUG Attack on cooldown: 0.420826
DEBUG Player found in detection range
DEBUG Attack on cooldown: 0.419872
DEBUG Player found in detection range
DEBUG Attack on cooldown: 0.418322
DEBUG Player found in detection range
DEBUG Attack on cooldown: 0.415651
DEBUG Player found in detection range
DEBUG Attack on cooldown: 0.414697
DEBUG Player found in detection range
DEBUG Attack on cooldown: 0.413689
DEBUG Player found in detection range
DEBUG Attack on cooldown: 0.412586
DEBUG Player found in detection range
DEBUG Attack on cooldown: 0.411641
DEBUG Player found in detection range
DEBUG Attack on cooldown: 0.410401
DEBUG Player found in detection range
DEBUG Attack on cooldown: 0.409461
DEBUG Player found in detection range
DEBUG Attack on cooldown: 0.408565
DEBUG Player found in detection range
DEBUG Attack on cooldown: 0.407519
DEBUG Player found in detection range
DEBUG Attack on cooldown: 0.406524
DEBUG Player found in detection range
DEBUG Attack on cooldown: 0.405410
DEBUG Player found in detection range
DEBUG Attack on cooldown: 0.404494
DEBUG Player found in detection range
DEBUG Attack on cooldown: 0.403501
DEBUG Player found in detection range
DEBUG Attack on cooldown: 0.401197
DEBUG Player found in detection range
DEBUG Attack on cooldown: 0.399843
DEBUG Player found in detection range
DEBUG Attack on cooldown: 0.398885
DEBUG Player found in detection range
DEBUG Attack on cooldown: 0.397848
DEBUG Player found in detection range
DEBUG Attack on cooldown: 0.396855
DEBUG Player found in detection range
DEBUG Attack on cooldown: 0.395849
DEBUG Player found in detection range
DEBUG Attack on cooldown: 0.394862
DEBUG Player found in detection range
DEBUG Attack on cooldown: 0.393715
DEBUG Player found in detection range
DEBUG Attack on cooldown: 0.392652
DEBUG Player found in detection range
DEBUG Attack on cooldown: 0.391476
DEBUG Player found in detection range
DEBUG Attack on cooldown: 0.390415
DEBUG Player found in detection range
DEBUG Attack on cooldown: 0.389454
DEBUG Player found in detection range
DEBUG Attack on cooldown: 0.388424
DEBUG Player found in detection range
DEBUG Attack on cooldown: 0.387155
DEBUG Player found in detection range
DEBUG Attack on cooldown: 0.384782
DEBUG Player found in detection range
DEBUG Attack on cooldown: 0.383653
DEBUG Player found in detection range
DEBUG Attack on cooldown: 0.382406
DEBUG Player found in detection range
DEBUG Attack on cooldown: 0.381114
DEBUG Player found in detection range
DEBUG Attack on cooldown: 0.380124
DEBUG Player found in detection range
DEBUG Attack on cooldown: 0.379197
DEBUG Player found in detection range
DEBUG Attack on cooldown: 0.378123
DEBUG Player found in detection range
DEBUG Attack on cooldown: 0.376788
DEBUG Player found in detection range
DEBUG Attack on cooldown: 0.375237
DEBUG Player found in detection range
DEBUG Attack on cooldown: 0.373718
DEBUG Player found in detection range
DEBUG Attack on cooldown: 0.372113
DEBUG Player found in detection range
DEBUG Attack on cooldown: 0.369335
DEBUG Player found in detection range
DEBUG Attack on cooldown: 0.367871
DEBUG Player found in detection range
DEBUG Attack on cooldown: 0.366574
DEBUG Player found in detection range
DEBUG Attack on cooldown: 0.364980
DEBUG Player found in detection range
DEBUG Attack on cooldown: 0.363816
DEBUG Player found in detection range
DEBUG Attack on cooldown: 0.362308
DEBUG Player found in detection range
DEBUG Attack on cooldown: 0.360913
DEBUG Player found in detection range
DEBUG Attack on cooldown: 0.359851
DEBUG Player found in detection range
DEBUG Attack on cooldown: 0.358368
DEBUG Player found in detection range
DEBUG Attack on cooldown: 0.357033
DEBUG Player found in detection range
DEBUG Attack on cooldown: 0.355914
DEBUG Player found in detection range
DEBUG Attack on cooldown: 0.353017
DEBUG Player found in detection range
DEBUG Attack on cooldown: 0.350575
DEBUG Player found in detection range
DEBUG Attack on cooldown: 0.348180
DEBUG Player found in detection range
DEBUG Attack on cooldown: 0.346328
DEBUG Player found in detection range
DEBUG Attack on cooldown: 0.344191
DEBUG Player found in detection range
DEBUG Attack on cooldown: 0.342710
DEBUG Player found in detection range
DEBUG Attack on cooldown: 0.341590
DEBUG Player found in detection range
DEBUG Attack on cooldown: 0.339852
DEBUG Player found in detection range
DEBUG Attack on cooldown: 0.337023
DEBUG Player found in detection range
DEBUG Attack on cooldown: 0.334408
DEBUG Player found in detection range
DEBUG Attack on cooldown: 0.333122
DEBUG Player found in detection range
DEBUG Attack on cooldown: 0.332081
DEBUG Player found in detection range
DEBUG Attack on cooldown: 0.330450
DEBUG Player found in detection range
DEBUG Attack on cooldown: 0.328864
DEBUG Player found in detection range
DEBUG Attack on cooldown: 0.327747
DEBUG Player found in detection range
DEBUG Attack on cooldown: 0.326437
DEBUG Player found in detection range
DEBUG Attack on cooldown: 0.325095
DEBUG Player found in detection range
DEBUG Attack on cooldown: 0.323762
DEBUG Player found in detection range
DEBUG Attack on cooldown: 0.321810
DEBUG Player found in detection range
DEBUG Attack on cooldown: 0.320358
DEBUG Player found in detection range
DEBUG Attack on cooldown: 0.318958
DEBUG Player found in detection range
DEBUG Attack on cooldown: 0.317975
DEBUG Player found in detection range
DEBUG Attack on cooldown: 0.316430
DEBUG Player found in detection range
DEBUG Attack on cooldown: 0.314939
DEBUG Player found in detection range
DEBUG Attack on cooldown: 0.313912
DEBUG Player found in detection range
DEBUG Attack on cooldown: 0.312557
DEBUG Player found in detection range
DEBUG Attack on cooldown: 0.311605
DEBUG Player found in detection range
DEBUG Attack on cooldown: 0.310174
DEBUG Player found in detection range
DEBUG Attack on cooldown: 0.308779
DEBUG Player found in detection range
DEBUG Attack on cooldown: 0.305046
DEBUG Player found in detection range
DEBUG Attack on cooldown: 0.303338
DEBUG Player found in detection range
DEBUG Attack on cooldown: 0.301775
DEBUG Player found in detection range
DEBUG Attack on cooldown: 0.300008
DEBUG Player found in detection range
DEBUG Attack on cooldown: 0.298650
DEBUG Player found in detection range
DEBUG Attack on cooldown: 0.297641
DEBUG Player found in detection range
DEBUG Attack on cooldown: 0.295700
DEBUG Player found in detection range
DEBUG Attack on cooldown: 0.294206
DEBUG Player found in detection range
DEBUG Attack on cooldown: 0.292632
DEBUG Player found in detection range
DEBUG Attack on cooldown: 0.290915
DEBUG Player found in detection range
DEBUG Attack on cooldown: 0.289204
DEBUG Player found in detection range
DEBUG Attack on cooldown: 0.287422
DEBUG Player found in detection range
DEBUG Attack on cooldown: 0.285913
DEBUG Player found in detection range
DEBUG Attack on cooldown: 0.284522
DEBUG Player found in detection range
DEBUG Attack on cooldown: 0.283138
DEBUG Player found in detection range
DEBUG Attack on cooldown: 0.281828
DEBUG Player found in detection range
DEBUG Attack on cooldown: 0.280009
DEBUG Player found in detection range
DEBUG Attack on cooldown: 0.278416
DEBUG Player found in detection range
DEBUG Attack on cooldown: 0.275734
DEBUG Player found in detection range
DEBUG Attack on cooldown: 0.273934
DEBUG Player found in detection range
DEBUG Attack on cooldown: 0.272387
DEBUG Player found in detection range
DEBUG Attack on cooldown: 0.270620
DEBUG Player found in detection range
DEBUG Attack on cooldown: 0.269648
DEBUG Player found in detection range
DEBUG Attack on cooldown: 0.267676
DEBUG Player found in detection range
DEBUG Attack on cooldown: 0.265937
DEBUG Player found in detection range
DEBUG Attack on cooldown: 0.264260
DEBUG Player found in detection range
DEBUG Attack on cooldown: 0.261197
DEBUG Player found in detection range
DEBUG Attack on cooldown: 0.257872
DEBUG Player found in detection range
DEBUG Attack on cooldown: 0.254601
DEBUG Player found in detection range
DEBUG Attack on cooldown: 0.252078
DEBUG Player found in detection range
DEBUG Attack on cooldown: 0.250482
DEBUG Player found in detection range
DEBUG Attack on cooldown: 0.248920
DEBUG Player found in detection range
DEBUG Attack on cooldown: 0.247780
DEBUG Player found in detection range
DEBUG Attack on cooldown: 0.245583
DEBUG Player found in detection range
DEBUG Attack on cooldown: 0.243152
DEBUG Player found in detection range
DEBUG Attack on cooldown: 0.241737
DEBUG Player found in detection range
DEBUG Attack on cooldown: 0.239578
DEBUG Player found in detection range
DEBUG Attack on cooldown: 0.237825
DEBUG Player found in detection range
DEBUG Attack on cooldown: 0.236222
DEBUG Player found in detection range
DEBUG Attack on cooldown: 0.234707
DEBUG Player found in detection range
DEBUG Attack on cooldown: 0.233368
DEBUG Player found in detection range
DEBUG Attack on cooldown: 0.231687
DEBUG Player found in detection range
DEBUG Attack on cooldown: 0.228786
DEBUG Player found in detection range
DEBUG Attack on cooldown: 0.226763
DEBUG Player found in detection range
DEBUG Attack on cooldown: 0.225529
DEBUG Player found in detection range
DEBUG Attack on cooldown: 0.223845
DEBUG Player found in detection range
DEBUG Attack on cooldown: 0.222487
DEBUG Player found in detection range
DEBUG Attack on cooldown: 0.221040
DEBUG Player found in detection range
DEBUG Attack on cooldown: 0.219806
DEBUG Player found in detection range
DEBUG Attack on cooldown: 0.218059
DEBUG Player found in detection range
DEBUG Attack on cooldown: 0.216670
DEBUG Player found in detection range
DEBUG Attack on cooldown: 0.215525
DEBUG Player found in detection range
DEBUG Attack on cooldown: 0.213190
DEBUG Player found in detection range
DEBUG Attack on cooldown: 0.211743
DEBUG Player found in detection range
DEBUG Attack on cooldown: 0.210356
DEBUG Player found in detection range
DEBUG Attack on cooldown: 0.208859
DEBUG Player found in detection range
DEBUG Attack on cooldown: 0.207796
DEBUG Player found in detection range
DEBUG Attack on cooldown: 0.206406
DEBUG Player found in detection range
DEBUG Attack on cooldown: 0.205226
DEBUG Player found in detection range
DEBUG Attack on cooldown: 0.203580
DEBUG Player found in detection range
DEBUG Attack on cooldown: 0.201963
DEBUG Player found in detection range
DEBUG Attack on cooldown: 0.200514
DEBUG Player found in detection range
DEBUG Attack on cooldown: 0.198775
DEBUG Player found in detection range
DEBUG Attack on cooldown: 0.196773
DEBUG Player found in detection range
DEBUG Attack on cooldown: 0.194788
DEBUG Player found in detection range
DEBUG Attack on cooldown: 0.193544
DEBUG Player found in detection range
DEBUG Attack on cooldown: 0.192091
DEBUG Player found in detection range
DEBUG Attack on cooldown: 0.190561
DEBUG Player found in detection range
DEBUG Attack on cooldown: 0.189454
DEBUG Player found in detection range
DEBUG Attack on cooldown: 0.187903
DEBUG Player found in detection range
DEBUG Attack on cooldown: 0.186450
DEBUG Player found in detection range
DEBUG Attack on cooldown: 0.184959
DEBUG Player found in detection range
DEBUG Attack on cooldown: 0.183550
DEBUG Player found in detection range
DEBUG Attack on cooldown: 0.181914
DEBUG Player found in detection range
DEBUG Attack on cooldown: 0.180469
DEBUG Player found in detection range
DEBUG Attack on cooldown: 0.178907
DEBUG Player found in detection range
DEBUG Attack on cooldown: 0.177751
DEBUG Player found in detection range
DEBUG Attack on cooldown: 0.175720
DEBUG Player found in detection range
DEBUG Attack on cooldown: 0.174177
DEBUG Player found in detection range
DEBUG Attack on cooldown: 0.172674
DEBUG Player found in detection range
DEBUG Attack on cooldown: 0.171600
DEBUG Player found in detection range
DEBUG Attack on cooldown: 0.170017
DEBUG Player found in detection range
DEBUG Attack on cooldown: 0.168436
DEBUG Player found in detection range
DEBUG Attack on cooldown: 0.166629
DEBUG Player found in detection range
DEBUG Attack on cooldown: 0.164987
DEBUG Player found in detection range
DEBUG Attack on cooldown: 0.163754
DEBUG Player found in detection range
DEBUG Attack on cooldown: 0.162217
DEBUG Player found in detection range
DEBUG Attack on cooldown: 0.160716
DEBUG Player found in detection range
DEBUG Attack on cooldown: 0.159652
DEBUG Player found in detection range
DEBUG Attack on cooldown: 0.158358
DEBUG Player found in detection range
DEBUG Attack on cooldown: 0.156609
DEBUG Player found in detection range
DEBUG Attack on cooldown: 0.155531
DEBUG Player found in detection range
DEBUG Attack on cooldown: 0.153914
DEBUG Player found in detection range
DEBUG Attack on cooldown: 0.152451
DEBUG Player found in detection range
DEBUG Attack on cooldown: 0.150052
DEBUG Player found in detection range
DEBUG Attack on cooldown: 0.148030
DEBUG Player found in detection range
DEBUG Attack on cooldown: 0.146298
DEBUG Player found in detection range
DEBUG Attack on cooldown: 0.144379
DEBUG Player found in detection range
DEBUG Attack on cooldown: 0.143042
DEBUG Player found in detection range
DEBUG Attack on cooldown: 0.140741
DEBUG Player found in detection range
DEBUG Attack on cooldown: 0.139726
DEBUG Player found in detection range
DEBUG Attack on cooldown: 0.138378
DEBUG Player found in detection range
DEBUG Attack on cooldown: 0.136820
DEBUG Player found in detection range
DEBUG Attack on cooldown: 0.135025
DEBUG Player found in detection range
DEBUG Attack on cooldown: 0.133986
DEBUG Player found in detection range
DEBUG Attack on cooldown: 0.132390
DEBUG Player found in detection range
DEBUG Attack on cooldown: 0.131092
DEBUG Player found in detection range
DEBUG Attack on cooldown: 0.130001
DEBUG Player found in detection range
DEBUG Attack on cooldown: 0.128166
DEBUG Player found in detection range
DEBUG Attack on cooldown: 0.127051
DEBUG Player found in detection range
DEBUG Attack on cooldown: 0.125830
DEBUG Player found in detection range
DEBUG Attack on cooldown: 0.124302
DEBUG Player found in detection range
DEBUG Attack on cooldown: 0.123092
DEBUG Player found in detection range
DEBUG Attack on cooldown: 0.122153
DEBUG Player found in detection range
DEBUG Attack on cooldown: 0.120849
DEBUG Player found in detection range
DEBUG Attack on cooldown: 0.119318
DEBUG Player found in detection range
DEBUG Attack on cooldown: 0.118008
DEBUG Player found in detection range
DEBUG Attack on cooldown: 0.117063
DEBUG Player found in detection range
DEBUG Attack on cooldown: 0.115935
DEBUG Player found in detection range
DEBUG Attack on cooldown: 0.114443
DEBUG Player found in detection range
DEBUG Attack on cooldown: 0.113485
DEBUG Player found in detection range
DEBUG Attack on cooldown: 0.112415
DEBUG Player found in detection range
DEBUG Attack on cooldown: 0.110855
DEBUG Player found in detection range
DEBUG Attack on cooldown: 0.109891
DEBUG Player found in detection range
DEBUG Attack on cooldown: 0.108787
DEBUG Player found in detection range
DEBUG Attack on cooldown: 0.107538
DEBUG Player found in detection range
DEBUG Attack on cooldown: 0.106238
DEBUG Player found in detection range
DEBUG Attack on cooldown: 0.104128
DEBUG Player found in detection range
DEBUG Attack on cooldown: 0.103157
DEBUG Player found in detection range
DEBUG Attack on cooldown: 0.102131
DEBUG Player found in detection range
DEBUG Attack on cooldown: 0.101102
DEBUG Player found in detection range
DEBUG Attack on cooldown: 0.100042
DEBUG Player found in detection range
DEBUG Attack on cooldown: 0.098544
DEBUG Player found in detection range
DEBUG Attack on cooldown: 0.097607
DEBUG Player found in detection range
DEBUG Attack on cooldown: 0.096494
DEBUG Player found in detection range
DEBUG Attack on cooldown: 0.095100
DEBUG Player found in detection range
DEBUG Attack on cooldown: 0.093968
DEBUG Player found in detection range
DEBUG Attack on cooldown: 0.092433
DEBUG Player found in detection range
DEBUG Attack on cooldown: 0.091521
DEBUG Player found in detection range
DEBUG Attack on cooldown: 0.090463
DEBUG Player found in detection range
DEBUG Attack on cooldown: 0.088633
DEBUG Player found in detection range
DEBUG Attack on cooldown: 0.087539
DEBUG Player found in detection range
DEBUG Attack on cooldown: 0.086143
DEBUG Player found in detection range
DEBUG Attack on cooldown: 0.084835
DEBUG Player found in detection range
DEBUG Attack on cooldown: 0.083904
DEBUG Player found in detection range
DEBUG Attack on cooldown: 0.082969
DEBUG Player found in detection range
DEBUG Attack on cooldown: 0.081926
DEBUG Player found in detection range
DEBUG Attack on cooldown: 0.080416
DEBUG Player found in detection range
DEBUG Attack on cooldown: 0.078823
DEBUG Player found in detection range
DEBUG Attack on cooldown: 0.077879
DEBUG Player found in detection range
DEBUG Attack on cooldown: 0.076929
DEBUG Player found in detection range
DEBUG Attack on cooldown: 0.075850
DEBUG Player found in detection range
DEBUG Attack on cooldown: 0.073272
DEBUG Player found in detection range
DEBUG Attack on cooldown: 0.071865
DEBUG Player found in detection range
DEBUG Attack on cooldown: 0.070711
DEBUG Player found in detection range
DEBUG Attack on cooldown: 0.069676
DEBUG Player found in detection range
DEBUG Attack on cooldown: 0.068500
DEBUG Player found in detection range
DEBUG Attack on cooldown: 0.067495
DEBUG Player found in detection range
DEBUG Attack on cooldown: 0.066178
DEBUG Player found in detection range
DEBUG Attack on cooldown: 0.064505
DEBUG Player found in detection range
DEBUG Attack on cooldown: 0.063488
DEBUG Player found in detection range
DEBUG Attack on cooldown: 0.062475
DEBUG Player found in detection range
DEBUG Attack on cooldown: 0.061036
DEBUG Player found in detection range
DEBUG Attack on cooldown: 0.060005
DEBUG Player found in detection range
DEBUG Attack on cooldown: 0.058681
DEBUG Player found in detection range
DEBUG Attack on cooldown: 0.056925
DEBUG Player found in detection range
DEBUG Attack on cooldown: 0.055854
DEBUG Player found in detection range
DEBUG Attack on cooldown: 0.054522
DEBUG Player found in detection range
DEBUG Attack on cooldown: 0.053426
DEBUG Player found in detection range
DEBUG Attack on cooldown: 0.052449
DEBUG Player found in detection range
DEBUG Attack on cooldown: 0.051016
DEBUG Player found in detection range
DEBUG Attack on cooldown: 0.050068
DEBUG Player found in detection range
DEBUG Attack on cooldown: 0.049053
DEBUG Player found in detection range
DEBUG Attack on cooldown: 0.048105
DEBUG Player found in detection range
DEBUG Attack on cooldown: 0.047142
DEBUG Player found in detection range
DEBUG Attack on cooldown: 0.046060
DEBUG Player found in detection range
DEBUG Attack on cooldown: 0.044987
DEBUG Player found in detection range
DEBUG Attack on cooldown: 0.044027
DEBUG Player found in detection range
DEBUG Attack on cooldown: 0.041805
DEBUG Player found in detection range
DEBUG Attack on cooldown: 0.040844
DEBUG Player found in detection range
DEBUG Attack on cooldown: 0.039837
DEBUG Player found in detection range
DEBUG Attack on cooldown: 0.038919
DEBUG Player found in detection range
DEBUG Attack on cooldown: 0.037863
DEBUG Player found in detection range
DEBUG Attack on cooldown: 0.036887
DEBUG Player found in detection range
DEBUG Attack on cooldown: 0.035714
DEBUG Player found in detection range
DEBUG Attack on cooldown: 0.034515
DEBUG Player found in detection range
DEBUG Attack on cooldown: 0.033563
DEBUG Player found in detection range
DEBUG Attack on cooldown: 0.032428
DEBUG Player found in detection range
DEBUG Attack on cooldown: 0.031342
DEBUG Player found in detection range
DEBUG Attack on cooldown: 0.030213
DEBUG Player found in detection range
DEBUG Attack on cooldown: 0.029148
DEBUG Player found in detection range
DEBUG Attack on cooldown: 0.026595
DEBUG Player found in detection range
DEBUG Attack on cooldown: 0.024941
DEBUG Player found in detection range
DEBUG Attack on cooldown: 0.023996
DEBUG Player found in detection range
DEBUG Attack on cooldown: 0.023152
DEBUG Player found in detection range
DEBUG Attack on cooldown: 0.022283
DEBUG Player found in detection range
DEBUG Attack on cooldown: 0.021240
DEBUG Player found in detection range
DEBUG Attack on cooldown: 0.020321
DEBUG Player found in detection range
DEBUG Attack on cooldown: 0.019396
DEBUG Player found in detection range
DEBUG Attack on cooldown: 0.018433
DEBUG Player found in detection range
DEBUG Attack on cooldown: 0.017417
DEBUG Player found in detection range
DEBUG Attack on cooldown: 0.016156
DEBUG Player found in detection range
DEBUG Attack on cooldown: 0.015200
DEBUG Player found in detection range
DEBUG Attack on cooldown: 0.014294
DEBUG Player found in detection range
DEBUG Attack on cooldown: 0.013343
DEBUG Player found in detection range
DEBUG Attack on cooldown: 0.010423
DEBUG Player found in detection range
DEBUG Attack on cooldown: 0.009268
DEBUG Player found in detection range
DEBUG Attack on cooldown: 0.008229
DEBUG Player found in detection range
DEBUG Attack on cooldown: 0.007249
DEBUG Player found in detection range
DEBUG Attack on cooldown: 0.006357
DEBUG Player found in detection range
DEBUG Attack on cooldown: 0.005431
DEBUG Player found in detection range
DEBUG Attack on cooldown: 0.004434
DEBUG Player found in detection range
DEBUG Attack on cooldown: 0.003412
DEBUG Player found in detection range
DEBUG Attack on cooldown: 0.002348
DEBUG Player found in detection range
DEBUG Attack on cooldown: 0.001473
DEBUG Player found in detection range
DEBUG Attack on cooldown: 0.000275
DEBUG Player found in detection range
INFO SoundManager found, attempting to play hit sound
INFO PlaySound called for: hit
INFO Sound found in map, attempting to play
INFO Play command sent to sound component
INFO Player took 10.000000 damage. Health: 530.000000
INFO Enemy attacked player for 10.000000 damage
DEBUG Player found in detection range
DEBUG Attack on cooldown: 0.997621
DEBUG Player found in detection range
DEBUG Player found in detection range
DEBUG Player found in detection range
DEBUG Player found in detection range
DEBUG Player found in detection range
DEBUG Player found in detection range
DEBUG Player found in detection range
DEBUG Player found in detection range
DEBUG Player found in detection range
DEBUG Player found in detection range
DEBUG Player found in detection range
DEBUG Player found in detection range
DEBUG Player found in detection range
DEBUG Player found in detection range
DEBUG Player found in detection range
DEBUG Player found in detection range
DEBUG Player found in detection range
DEBUG Player found in detection range
DEBUG Player found in detection range
DEBUG Player found in detection range
DEBUG Player found in detection range
DEBUG Player found in detection range
DEBUG Player found in detection range
DEBUG Player found in detection range
DEBUG Player found in detection range
DEBUG Player found in detection range
DEBUG Player found in detection range
DEBUG Player found in detection range
DEBUG Player found in detection range
DEBUG Player found in detection range
DEBUG Player found in detection range
DEBUG Player found in detection range
DEBUG Player found in detection range
DEBUG Player found in detection range
DEBUG Player found in detection range
DEBUG Player found in detection range
DEBUG Player found in detection range
DEBUG Player found in detection range
DEBUG Player found in detection range
DEBUG Player found in detection range
DEBUG Player found in detection range
DEBUG Player found in detection range
DEBUG Player found in detection range
DEBUG Player found in detection range
DEBUG Player found in detection range
DEBUG Player found in detection range
DEBUG Player found in detection range
DEBUG Player found in detection range
DEBUG Player found in detection range
DEBUG Player found in detection range
DEBUG Player found in detection range
DEBUG Player found in detection range
DEBUG Player found in detection range
DEBUG Player found in detection range
DEBUG Player found in detection range
DEBUG Player found in detection range
DEBUG Player found in detection range
DEBUG Player found in detection range
DEBUG Player found in detection range
DEBUG Player found in detection range
DEBUG Player found in detection range
DEBUG Player found in detection range
DEBUG Player found in detection range
DEBUG Player found in detection range
DEBUG Player found in detection range
DEBUG Player found in detection range
DEBUG Player found in detection range
DEBUG Player found in detection range
DEBUG Player found in detection range
DEBUG Player found in detection range
DEBUG Player found in detection range
DEBUG Player found in detection range
DEBUG Player found in detection range
DEBUG Player found in detection range
DEBUG Player found in detection range
DEBUG Player found in detection range
DEBUG Player found in detection range
DEBUG Player found in detection range
DEBUG Player found in detection range
DEBUG Player found in detection range
DEBUG Attack on cooldown: 0.932746
DEBUG Player found in detection range
DEBUG Attack on cooldown: 0.931741
DEBUG Player found in detection range
DEBUG Attack on cooldown: 0.930702
DEBUG Player found in detection range
DEBUG Attack on cooldown: 0.929696
DEBUG Player found in detection range
DEBUG Attack on cooldown: 0.928739
DEBUG Player found in detection range
DEBUG Attack on cooldown: 0.927657
DEBUG Player found in detection range
DEBUG Attack on cooldown: 0.926638
DEBUG Player found in detection range
DEBUG Attack on cooldown: 0.925597
DEBUG Player found in detection range
DEBUG Attack on cooldown: 0.924307
DEBUG Player found in detection range
DEBUG Attack on cooldown: 0.923030
DEBUG Player found in detection range
DEBUG Attack on cooldown: 0.921974
DEBUG Player found in detection range
DEBUG Attack on cooldown: 0.920671
DEBUG Player found in detection range
DEBUG Attack on cooldown: 0.919607
DEBUG Player found in detection range
DEBUG Attack on cooldown: 0.917707
DEBUG Player found in detection range
DEBUG Attack on cooldown: 0.916607
DEBUG Player found in detection range
DEBUG Attack on cooldown: 0.915277
DEBUG Player found in detection range
DEBUG Attack on cooldown: 0.914300
DEBUG Player found in detection range
DEBUG Attack on cooldown: 0.912953
DEBUG Player found in detection range
DEBUG Attack on cooldown: 0.912019
DEBUG Player found in detection range
DEBUG Attack on cooldown: 0.911008
DEBUG Player found in detection range
DEBUG Attack on cooldown: 0.910047
DEBUG Player found in detection range
DEBUG Attack on cooldown: 0.909043
DEBUG Player found in detection range
DEBUG Attack on cooldown: 0.907982
DEBUG Player found in detection range
DEBUG Attack on cooldown: 0.906967
DEBUG Player found in detection range
DEBUG Attack on cooldown: 0.905782
DEBUG Player found in detection range
DEBUG Attack on cooldown: 0.904699
DEBUG Player found in detection range
DEBUG Attack on cooldown: 0.903677
DEBUG Player found in detection range
DEBUG Attack on cooldown: 0.901690
DEBUG Player found in detection range
DEBUG Attack on cooldown: 0.900565
DEBUG Player found in detection range
DEBUG Attack on cooldown: 0.899125
DEBUG Player found in detection range
DEBUG Attack on cooldown: 0.898138
DEBUG Player found in detection range
DEBUG Attack on cooldown: 0.897209
DEBUG Player found in detection range
DEBUG Attack on cooldown: 0.896236
DEBUG Player found in detection range
DEBUG Attack on cooldown: 0.895381
DEBUG Player found in detection range
DEBUG Attack on cooldown: 0.894360
DEBUG Player found in detection range
DEBUG Attack on cooldown: 0.892937
DEBUG Player found in detection range
DEBUG Attack on cooldown: 0.891552
DEBUG Player found in detection range
DEBUG Attack on cooldown: 0.890385
DEBUG Player found in detection range
DEBUG Attack on cooldown: 0.889454
DEBUG Player found in detection range
DEBUG Attack on cooldown: 0.887275
DEBUG Player found in detection range
DEBUG Attack on cooldown: 0.885020
DEBUG Player found in detection range
DEBUG Attack on cooldown: 0.883756
DEBUG Player found in detection range
DEBUG Attack on cooldown: 0.882797
DEBUG Player found in detection range
DEBUG Attack on cooldown: 0.881889
DEBUG Player found in detection range
DEBUG Attack on cooldown: 0.880905
DEBUG Player found in detection range
DEBUG Attack on cooldown: 0.879436
DEBUG Player found in detection range
DEBUG Attack on cooldown: 0.878447
DEBUG Player found in detection range
DEBUG Attack on cooldown: 0.877536
DEBUG Player found in detection range
DEBUG Attack on cooldown: 0.876582
DEBUG Player found in detection range
DEBUG Attack on cooldown: 0.875519
DEBUG Player found in detection range
DEBUG Attack on cooldown: 0.874543
DEBUG Player found in detection range
DEBUG Attack on cooldown: 0.872953
DEBUG Player found in detection range
DEBUG Attack on cooldown: 0.870975
DEBUG Player found in detection range
DEBUG Attack on cooldown: 0.870076
DEBUG Player found in detection range
DEBUG Attack on cooldown: 0.869065
DEBUG Player found in detection range
DEBUG Attack on cooldown: 0.868069
DEBUG Player found in detection range
DEBUG Attack on cooldown: 0.866993
DEBUG Player found in detection range
DEBUG Attack on cooldown: 0.865380
DEBUG Player found in detection range
DEBUG Attack on cooldown: 0.864326
DEBUG Player found in detection range
DEBUG Attack on cooldown: 0.863090
DEBUG Player found in detection range
DEBUG Attack on cooldown: 0.862088
DEBUG Player found in detection range
DEBUG Attack on cooldown: 0.861062
DEBUG Player found in detection range
DEBUG Attack on cooldown: 0.860208
DEBUG Player found in detection range
DEBUG Attack on cooldown: 0.859164
DEBUG Player found in detection range
DEBUG Attack on cooldown: 0.857980
DEBUG Player found in detection range
DEBUG Attack on cooldown: 0.855464
DEBUG Player found in detection range
DEBUG Attack on cooldown: 0.854428
DEBUG Player found in detection range
DEBUG Attack on cooldown: 0.853216
DEBUG Player found in detection range
DEBUG Attack on cooldown: 0.852160
DEBUG Player found in detection range
DEBUG Attack on cooldown: 0.851049
DEBUG Player found in detection range
DEBUG Attack on cooldown: 0.850065
DEBUG Player found in detection range
DEBUG Attack on cooldown: 0.849029
DEBUG Player found in detection range
DEBUG Attack on cooldown: 0.847589
DEBUG Player found in detection range
DEBUG Attack on cooldown: 0.846576
DEBUG Player found in detection range
DEBUG Attack on cooldown: 0.845101
DEBUG Player found in detection range
DEBUG Attack on cooldown: 0.844152
DEBUG Player found in detection range
DEBUG Attack on cooldown: 0.843085
DEBUG Player found in detection range
DEBUG Attack on cooldown: 0.840231
DEBUG Player found in detection range
DEBUG Attack on cooldown: 0.838568
DEBUG Player found in detection range
DEBUG Attack on cooldown: 0.837091
DEBUG Player found in detection range
DEBUG Attack on cooldown: 0.835705
DEBUG Player found in detection range
DEBUG Attack on cooldown: 0.834645
DEBUG Player found in detection range
DEBUG Attack on cooldown: 0.833349
DEBUG Player found in detection range
DEBUG Attack on cooldown: 0.832265
DEBUG Player found in detection range
DEBUG Attack on cooldown: 0.830483
DEBUG Player found in detection range
DEBUG Attack on cooldown: 0.828921
DEBUG Player found in detection range
DEBUG Attack on cooldown: 0.827461
DEBUG Player found in detection range
DEBUG Attack on cooldown: 0.826103
DEBUG Player found in detection range
DEBUG Attack on cooldown: 0.824302
DEBUG Player found in detection range
DEBUG Attack on cooldown: 0.822571
DEBUG Player found in detection range
DEBUG Attack on cooldown: 0.820865
DEBUG Player found in detection range
DEBUG Attack on cooldown: 0.819573
DEBUG Player found in detection range
DEBUG Attack on cooldown: 0.818558
DEBUG Player found in detection range
DEBUG Attack on cooldown: 0.817074
DEBUG Player found in detection range
DEBUG Attack on cooldown: 0.815591
DEBUG Player found in detection range
DEBUG Attack on cooldown: 0.814763
DEBUG Player found in detection range
DEBUG Attack on cooldown: 0.813857
DEBUG Player found in detection range
DEBUG Attack on cooldown: 0.813024
DEBUG Player found in detection range
DEBUG Attack on cooldown: 0.812067
DEBUG Player found in detection range
DEBUG Attack on cooldown: 0.810770
DEBUG Player found in detection range
DEBUG Attack on cooldown: 0.808992
DEBUG Player found in detection range
DEBUG Attack on cooldown: 0.807566
DEBUG Player found in detection range
DEBUG Attack on cooldown: 0.806646
DEBUG Player found in detection range
DEBUG Attack on cooldown: 0.805716
DEBUG Player found in detection range
DEBUG Attack on cooldown: 0.804734
DEBUG Player found in detection range
DEBUG Attack on cooldown: 0.803662
DEBUG Player found in detection range
DEBUG Attack on cooldown: 0.802630
DEBUG Player found in detection range
DEBUG Attack on cooldown: 0.801681
DEBUG Player found in detection range
DEBUG Attack on cooldown: 0.800702
DEBUG Player found in detection range
DEBUG Attack on cooldown: 0.799763
DEBUG Player found in detection range
DEBUG Attack on cooldown: 0.798653
DEBUG Player found in detection range
DEBUG Attack on cooldown: 0.797774
DEBUG Player found in detection range
DEBUG Attack on cooldown: 0.796654
DEBUG Player found in detection range
DEBUG Attack on cooldown: 0.795183
DEBUG Player found in detection range
DEBUG Attack on cooldown: 0.793167
DEBUG Player found in detection range
DEBUG Attack on cooldown: 0.792206
DEBUG Player found in detection range
DEBUG Attack on cooldown: 0.791228
DEBUG Player found in detection range
DEBUG Attack on cooldown: 0.790323
DEBUG Player found in detection range
DEBUG Attack on cooldown: 0.789362
DEBUG Player found in detection range
DEBUG Attack on cooldown: 0.788435
DEBUG Player found in detection range
DEBUG Attack on cooldown: 0.787433
DEBUG Player found in detection range
DEBUG Attack on cooldown: 0.786200
DEBUG Player found in detection range
DEBUG Attack on cooldown: 0.785263
DEBUG Player found in detection range
DEBUG Attack on cooldown: 0.784239
DEBUG Player found in detection range
DEBUG Attack on cooldown: 0.783101
DEBUG Player found in detection range
DEBUG Attack on cooldown: 0.782012
DEBUG Player found in detection range
DEBUG Attack on cooldown: 0.781099
DEBUG Player found in detection range
DEBUG Attack on cooldown: 0.778890
DEBUG Player found in detection range
DEBUG Attack on cooldown: 0.777943
DEBUG Player found in detection range
DEBUG Attack on cooldown: 0.776879
DEBUG Player found in detection range
DEBUG Attack on cooldown: 0.775839
DEBUG Player found in detection range
DEBUG Attack on cooldown: 0.774760
DEBUG Player found in detection range
DEBUG Attack on cooldown: 0.773784
DEBUG Player found in detection range
DEBUG Attack on cooldown: 0.772847
DEBUG Player found in detection range
DEBUG Attack on cooldown: 0.771856
DEBUG Player found in detection range
DEBUG Attack on cooldown: 0.770840
DEBUG Player found in detection range
DEBUG Attack on cooldown: 0.769870
DEBUG Player found in detection range
DEBUG Attack on cooldown: 0.768809
DEBUG Player found in detection range
DEBUG Attack on cooldown: 0.767873
DEBUG Player found in detection range
DEBUG Attack on cooldown: 0.766994
DEBUG Player found in detection range
DEBUG Attack on cooldown: 0.765868
DEBUG Player found in detection range
DEBUG Attack on cooldown: 0.764872
DEBUG Player found in detection range
DEBUG Attack on cooldown: 0.763785
DEBUG Player found in detection range
DEBUG Attack on cooldown: 0.762061
DEBUG Player found in detection range
DEBUG Attack on cooldown: 0.760865
DEBUG Player found in detection range
DEBUG Attack on cooldown: 0.759888
DEBUG Player found in detection range
DEBUG Attack on cooldown: 0.758939
DEBUG Player found in detection range
DEBUG Attack on cooldown: 0.758031
DEBUG Player found in detection range
DEBUG Attack on cooldown: 0.757125
DEBUG Player found in detection range
DEBUG Attack on cooldown: 0.756200
DEBUG Player found in detection range
DEBUG Attack on cooldown: 0.755061
DEBUG Player found in detection range
DEBUG Attack on cooldown: 0.753893
DEBUG Player found in detection range
DEBUG Attack on cooldown: 0.752916
DEBUG Player found in detection range
DEBUG Attack on cooldown: 0.751890
DEBUG Player found in detection range
DEBUG Attack on cooldown: 0.750926
DEBUG Player found in detection range
DEBUG Attack on cooldown: 0.750017
DEBUG Player found in detection range
DEBUG Attack on cooldown: 0.749120
DEBUG Player found in detection range
DEBUG Attack on cooldown: 0.746419
DEBUG Player found in detection range
DEBUG Attack on cooldown: 0.745140
DEBUG Player found in detection range
DEBUG Attack on cooldown: 0.744088
DEBUG Player found in detection range
DEBUG Attack on cooldown: 0.742980
DEBUG Player found in detection range
DEBUG Attack on cooldown: 0.741829
DEBUG Player found in detection range
DEBUG Attack on cooldown: 0.740211
DEBUG Player found in detection range
DEBUG Attack on cooldown: 0.738861
DEBUG Player found in detection range
DEBUG Attack on cooldown: 0.737962
DEBUG Player found in detection range
DEBUG Attack on cooldown: 0.736947
DEBUG Player found in detection range
DEBUG Attack on cooldown: 0.735915
DEBUG Player found in detection range
DEBUG Attack on cooldown: 0.734869
DEBUG Player found in detection range
DEBUG Attack on cooldown: 0.733580
DEBUG Player found in detection range
DEBUG Attack on cooldown: 0.731030
DEBUG Player found in detection range
DEBUG Attack on cooldown: 0.730076
DEBUG Player found in detection range
DEBUG Attack on cooldown: 0.729111
DEBUG Player found in detection range
DEBUG Attack on cooldown: 0.728081
DEBUG Player found in detection range
DEBUG Attack on cooldown: 0.726925
DEBUG Player found in detection range
DEBUG Attack on cooldown: 0.725811
DEBUG Player found in detection range
DEBUG Attack on cooldown: 0.724851
DEBUG Player found in detection range
DEBUG Attack on cooldown: 0.723965
DEBUG Player found in detection range
DEBUG Attack on cooldown: 0.723003
DEBUG Player found in detection range
DEBUG Attack on cooldown: 0.721982
DEBUG Player found in detection range
DEBUG Attack on cooldown: 0.720933
DEBUG Player found in detection range
DEBUG Attack on cooldown: 0.719920
DEBUG Player found in detection range
DEBUG Attack on cooldown: 0.718934
DEBUG Player found in detection range
DEBUG Attack on cooldown: 0.718006
DEBUG Player found in detection range
DEBUG Attack on cooldown: 0.715539
DEBUG Player found in detection range
DEBUG Attack on cooldown: 0.714607
DEBUG Player found in detection range
DEBUG Attack on cooldown: 0.713409
DEBUG Player found in detection range
DEBUG Attack on cooldown: 0.711890
DEBUG Player found in detection range
DEBUG Player found in detection range
DEBUG Player found in detection range
DEBUG Player found in detection range
DEBUG Player found in detection range
DEBUG Attack on cooldown: 0.707030
DEBUG Player found in detection range
DEBUG Player found in detection range
DEBUG Player found in detection range
DEBUG Player found in detection range
DEBUG Player found in detection range
DEBUG Player found in detection range
DEBUG Player found in detection range
DEBUG Player found in detection range
DEBUG Player found in detection range
DEBUG Player found in detection range
DEBUG Player found in detection range
DEBUG Player found in detection range
DEBUG Player found in detection range
DEBUG Player found in detection range
DEBUG Player found in detection range
DEBUG Player found in detection range
DEBUG Player found in detection range
DEBUG Player found in detection range
DEBUG Player found in detection range
DEBUG Player found in detection range
DEBUG Player found in detection range
DEBUG Player found in detection range
DEBUG Player found in detection range
DEBUG Player found in detection range
DEBUG Player found in detection range
DEBUG Player found in detection range
DEBUG Player found in detection range
DEBUG Player found in detection range
DEBUG Player found in detection range
DEBUG Player found in detection range
DEBUG Player found in detection range
DEBUG Player found in detection range
DEBUG Player found in detection range
DEBUG Player found in detection range
DEBUG Player found in detection range
DEBUG Player found in detection range
DEBUG Player found in detection range
DEBUG Player found in detection range
DEBUG Player found in detection range
DEBUG Player found in detection range
DEBUG Player found in detection range
DEBUG Player found in detection range
DEBUG Player found in detection range
DEBUG Player found in detection range
DEBUG Player found in detection range
DEBUG Player found in detection range
DEBUG Player found in detection range
DEBUG Player found in detection range
DEBUG Player found in detection range
DEBUG Player found in detection range
DEBUG Player found in detection range
DEBUG Player found in detection range
DEBUG Player found in detection range
DEBUG Player found in detection range
DEBUG Player found in detection range
DEBUG Player found in detection range
DEBUG Player found in detection range
DEBUG Player found in detection range
DEBUG Player found in detection range
DEBUG Player found in detection range
DEBUG Player found in detection range
DEBUG Player found in detection range
DEBUG Player found in detection range
DEBUG Player found in detection range
DEBUG Player found in detection range
DEBUG Player found in detection range
DEBUG Player found in detection range
DEBUG Player found in detection range
DEBUG Player found in detection range
DEBUG Player found in detection range
DEBUG Player found in detection range
DEBUG Player found in detection range
DEBUG Player found in detection range
DEBUG Player found in detection range
DEBUG Player found in detection range
DEBUG Player found in detection range
DEBUG Player found in detection range
DEBUG Player found in detection range
DEBUG Player found in detection range
DEBUG Player found in detection range
DEBUG Player found in detection range
DEBUG Player found in detection range
DEBUG Player found in detection range
DEBUG Player found in detection range
DEBUG Player found in detection range
DEBUG Player found in detection range
DEBUG Player found in detection range
DEBUG Player found in detection range
DEBUG Player found in detection range
DEBUG Player found in detection range
DEBUG Player found in detection range
DEBUG Player found in detection range
DEBUG Player found in detection range
DEBUG Player found in detection range
DEBUG Player found in detection range
DEBUG Player found in detection range
DEBUG Player found in detection range
DEBUG Player found in detection range
DEBUG Player found in detection range
DEBUG Player found in detection range
DEBUG Player found in detection range
DEBUG Player found in detection range
DEBUG Player found in detection range
DEBUG Player found in detection range
DEBUG Player found in detection range
DEBUG Player found in detection range
DEBUG Player found in detection range
DEBUG Player found in detection range
DEBUG Player found in detection range
DEBUG Player found in detection range
DEBUG Player found in detection range
DEBUG Player found in detection range
DEBUG Player found in detection range
DEBUG Player found in detection range
DEBUG Player found in detection range
DEBUG Player found in detection range
DEBUG Player found in detection range
DEBUG Player found in detection range
DEBUG Player found in detection range
DEBUG Player found in detection range
DEBUG Player found in detection range
DEBUG Player found in detection range
DEBUG Player found in detection range
DEBUG Player found in detection range
DEBUG Player found in detection range
DEBUG Player found in detection range
DEBUG Player found in detection range
DEBUG Player found in detection range
DEBUG Player found in detection range
DEBUG Player found in detection range
DEBUG Player found in detection range
DEBUG Player found in detection range
DEBUG Player found in detection range
DEBUG Player found in detection range
DEBUG Player found in detection range
DEBUG Player found in detection range
DEBUG Player found in detection range
DEBUG Player found in detection range
DEBUG Player found in detection range
DEBUG Player found in detection range
DEBUG Player found in detection range
DEBUG Player found in detection range
DEBUG Player found in detection range
DEBUG Player found in detection range
DEBUG Player found in detection range
DEBUG Player found in detection range
DEBUG Player found in detection range
DEBUG Player found in detection range
DEBUG Player found in detection range
DEBUG Player found in detection range
DEBUG Player found in detection range
DEBUG Player found in detection range
DEBUG Player found in detection range
DEBUG Player found in detection range
DEBUG Player found in detection range
DEBUG Player found in detection range
DEBUG Player found in detection range
DEBUG Player found in detection range
DEBUG Player found in detection range
DEBUG Player found in detection range
DEBUG Player found in detection range
DEBUG Player found in detection range
DEBUG Player found in detection range
DEBUG Player found in detection range
DEBUG Player found in detection range
DEBUG Player found in detection range
DEBUG Player found in detection range
DEBUG Player found in detection range
DEBUG Player found in detection range
DEBUG Player found in detection range
DEBUG Player found in detection range
DEBUG Player found in detection range
DEBUG Player found in detection range
DEBUG Player found in detection range
DEBUG Player found in detection range
DEBUG Player found in detection range
DEBUG Player found in detection range
DEBUG Player found in detection range
DEBUG Player found in detection range
DEBUG Player found in detection range
DEBUG Player found in detection range
DEBUG Player found in detection range
DEBUG Player found in detection range
DEBUG Player found in detection range
DEBUG Player found in detection range
DEBUG Player found in detection range
DEBUG Player found in detection range
DEBUG Player found in detection range
DEBUG Player found in detection range
DEBUG Player found in detection range
DEBUG Player found in detection range
DEBUG Player found in detection range
DEBUG Player found in detection range
DEBUG Player found in detection range
DEBUG Player found in detection range
DEBUG Player found in detection range
DEBUG Player found in detection range
DEBUG Player found in detection range
DEBUG Player found in detection range
DEBUG Player found in detection range
DEBUG Player found in detection range
DEBUG Player found in detection range
DEBUG Player found in detection range
DEBUG Player found in detection range
DEBUG Player found in detection range
DEBUG Player found in detection range
DEBUG Player found in detection range
DEBUG Player found in detection range
DEBUG Player found in detection range
DEBUG Player found in detection range
DEBUG Player found in detection range
DEBUG Player found in detection range
DEBUG Player found in detection range
DEBUG Player found in detection range
DEBUG Player found in detection range
DEBUG Player found in detection range
DEBUG Player found in detection range
DEBUG Player found in detection range
DEBUG Player found in detection range
DEBUG Player found in detection range
DEBUG Player found in detection range
DEBUG Player found in detection range
DEBUG Player found in detection range
DEBUG Player found in detection range
DEBUG Player found in detection range
DEBUG Player found in detection range
DEBUG Player found in detection range
DEBUG Player found in detection range
DEBUG Player found in detection range
DEBUG Player found in detection range
DEBUG Player found in detection range
DEBUG Player found in detection range
DEBUG Player found in detection range
DEBUG Player found in detection range
DEBUG Player found in detection range
DEBUG Player found in detection range
DEBUG Player found in detection range
DEBUG Player found in detection range
DEBUG Player found in detection range
DEBUG Player found in detection range
DEBUG Player found in detection range
DEBUG Player found in detection range
DEBUG Player found in detection range
DEBUG Player found in detection range
DEBUG Player found in detection range
DEBUG Player found in detection range
DEBUG Player found in detection range
DEBUG Player found in detection range
DEBUG Player found in detection range
DEBUG Player found in detection range
DEBUG Player found in detection range
DEBUG Player found in detection range
DEBUG Player found in detection range
DEBUG Player found in detection range
DEBUG Player found in detection range
DEBUG Player found in detection range
DEBUG Player found in detection range
DEBUG Player found in detection range
DEBUG Player found in detection range
DEBUG Player found in detection range
DEBUG Player found in detection range
DEBUG Player found in detection range
DEBUG Player found in detection range
DEBUG Player found in detection range
DEBUG Player found in detection range
DEBUG Player found in detection range
DEBUG Player found in detection range
DEBUG Player found in detection range
DEBUG Player found in detection range
DEBUG Player found in detection range
DEBUG Player found in detection range
DEBUG Player found in detection range
DEBUG Player found in detection range
DEBUG Player found in detection range
DEBUG Player found in detection range
DEBUG Player found in detection range
DEBUG Player found in detection range
DEBUG Player found in detection range
DEBUG Player found in detection range
DEBUG Player found in detection range
DEBUG Player found in detection range
DEBUG Player found in detection range
DEBUG Player found in detection range
DEBUG Player found in detection range
DEBUG Player found in detection range
DEBUG Player found in detection range
DEBUG Player found in detection range
DEBUG Player found in detection range
DEBUG Player found in detection range
DEBUG Player found in detection range
DEBUG Player found in detection range
DEBUG Player found in detection range
DEBUG Player found in detection range
DEBUG Player found in detection range
DEBUG Player found in detection range
DEBUG Player found in detection range
DEBUG Player found in detection range
DEBUG Player found in detection range
DEBUG Player found in detection range
DEBUG Player found in detection range
DEBUG Player found in detection range
DEBUG Player found in detection range
DEBUG Player found in detection range
DEBUG Player found in detection range
DEBUG Player found in detection range
DEBUG Player found in detection range
DEBUG Player found in detection range
DEBUG Player found in detection range
DEBUG Player found in detection range
DEBUG Player found in detection range
DEBUG Player found in detection range
DEBUG Player found in detection range
DEBUG Player found in detection range
DEBUG Player found in detection range
DEBUG Player found in detection range
DEBUG Player found in detection range
DEBUG Player found in detection range
DEBUG Player found in detection range
DEBUG Player found in detection range
DEBUG Player found in detection range
DEBUG Player found in detection range
DEBUG Player found in detection range
DEBUG Player found in detection range
DEBUG Player found in detection range
DEBUG Player found in detection range
DEBUG Player found in detection range
DEBUG Player found in detection range
DEBUG Player found in detection range
DEBUG Player found in detection range
DEBUG Player found in detection range
DEBUG Player found in detection range
DEBUG Player found in detection range
DEBUG Player found in detection range
DEBUG Player found in detection range
DEBUG Player found in detection range
DEBUG Player found in detection range
DEBUG Player found in detection range
DEBUG Player found in detection range
DEBUG Player found in detection range
DEBUG Player found in detection range
DEBUG Player found in detection range
DEBUG Player found in detection range
DEBUG Player found in detection range
DEBUG Player found in detection range
DEBUG Player found in detection range
DEBUG Player found in detection range
DEBUG Player found in detection range
DEBUG Player found in detection range
DEBUG Player found in detection range
DEBUG Player found in detection range
DEBUG Player found in detection range
DEBUG Player found in detection range
DEBUG Player found in detection range
DEBUG Player found in detection range
DEBUG Player found in detection range
DEBUG Player found in detection range
DEBUG Player found in detection range
DEBUG Player found in detection range
DEBUG Player found in detection range
DEBUG Player found in detection range
DEBUG Player found in detection range
DEBUG Player found in detection range
DEBUG Player found in detection range
DEBUG Player found in detection range
DEBUG Player found in detection range
DEBUG Player found in detection range
DEBUG Player found in detection range
DEBUG Player found in detection range
DEBUG Player found in detection range
DEBUG Player found in detection range
DEBUG Player found in detection range
DEBUG Player found in detection range
DEBUG Player found in detection range
DEBUG Player found in detection range
DEBUG Player found in detection range
DEBUG Player found in detection range
DEBUG Player found in detection range
DEBUG Player found in detection range
DEBUG Player found in detection range
DEBUG Player found in detection range
DEBUG Player found in detection range
DEBUG Player found in detection range
DEBUG Player found in detection range
DEBUG Player found in detection range
DEBUG Player found in detection range
DEBUG Player found in detection range
DEBUG Player found in detection range
DEBUG Player found in detection range
DEBUG Player found in detection range
DEBUG Player found in detection range
DEBUG Player found in detection range
DEBUG Player found in detection range
DEBUG Player found in detection range
DEBUG Player found in detection range
DEBUG Player found in detection range
DEBUG Player found in detection range
DEBUG Player found in detection range
DEBUG Player found in detection range
DEBUG Player found in detection range
DEBUG Player found in detection range
DEBUG Player found in detection range
DEBUG Player found in detection range
DEBUG Player found in detection range
DEBUG Player found in detection range
DEBUG Player found in detection range
DEBUG Player found in detection range
DEBUG Player found in detection range
DEBUG Player found in detection range
DEBUG Player found in detection range
DEBUG Player found in detection range
DEBUG Player found in detection range
DEBUG Player found in detection range
DEBUG Player found in detection range
DEBUG Player found in detection range
DEBUG Player found in detection range
DEBUG Player found in detection range
DEBUG Player found in detection range
DEBUG Player found in detection range
DEBUG Player found in detection range
DEBUG Player found in detection range
DEBUG Player found in detection range
DEBUG Player found in detection range
DEBUG Player found in detection range
DEBUG Player found in detection range
DEBUG Player found in detection range
DEBUG Player found in detection range
DEBUG Player found in detection range
DEBUG Player found in detection range
DEBUG Player found in detection range
DEBUG Player found in detection range
DEBUG Player found in detection range
DEBUG Player found in detection range
DEBUG Player found in detection range
DEBUG Player found in detection range
DEBUG Player found in detection range
DEBUG Player found in detection range
DEBUG Player found in detection range
DEBUG Player found in detection range
DEBUG Player found in detection range
DEBUG Player found in detection range
DEBUG Player found in detection range
DEBUG Player found in detection range
DEBUG Player found in detection range
DEBUG Player found in detection range
DEBUG Player found in detection range
DEBUG Player found in detection range
DEBUG Player found in detection range
DEBUG Player found in detection range
DEBUG Player found in detection range
DEBUG Player found in detection range
DEBUG Player found in detection range
DEBUG Player found in detection range
DEBUG Player found in detection range
DEBUG Player found in detection range
DEBUG Player found in detection range
DEBUG Player found in detection range
DEBUG Player found in detection range
DEBUG Player found in detection range
DEBUG Player found in detection range
DEBUG Player found in detection range
DEBUG Player found in detection range
DEBUG Player found in detection range
DEBUG Player found in detection range
DEBUG Player found in detection range
DEBUG Player found in detection range
DEBUG Player found in detection range
DEBUG Player found in detection range
DEBUG Player found in detection range
DEBUG Player found in detection range
DEBUG Player found in detection range
DEBUG Player found in detection range
DEBUG Player found in detection range
DEBUG Player found in detection range
DEBUG Player found in detection range
DEBUG Player found in detection range
DEBUG Player found in detection range
DEBUG Player found in detection range
DEBUG Player found in detection range
DEBUG Player found in detection range
DEBUG Player found in detection range
DEBUG Player found in detection range
DEBUG Player found in detection range
DEBUG Player found in detection range
DEBUG Player found in detection range
DEBUG Player found in detection range
DEBUG Player found in detection range
DEBUG Player found in detection range
DEBUG Player found in detection range
DEBUG Player found in detection range
DEBUG Player found in detection range
DEBUG Player found in detection range
DEBUG Player found in detection range
DEBUG Player found in detection range
DEBUG Player found in detection range
DEBUG Player found in detection range
DEBUG Player found in detection range
DEBUG Player found in detection range
DEBUG Player found in detection range
DEBUG Player found in detection range
DEBUG Player found in detection range
DEBUG Player found in detection range
DEBUG Player found in detection range
DEBUG Player found in detection range
DEBUG Player found in detection range
DEBUG Player found in detection range
DEBUG Player found in detection range
DEBUG Player found in detection range
DEBUG Player found in detection range
DEBUG Player found in detection range
DEBUG Player found in detection range
DEBUG Player found in detection range
DEBUG Player found in detection range
DEBUG Player found in detection range
DEBUG Player found in detection range
DEBUG Player found in detection range
DEBUG Player found in detection range
DEBUG Player found in detection range
DEBUG Player found in detection range
DEBUG Player found in detection range
DEBUG Player found in detection range
DEBUG Player found in detection range
DEBUG Player found in detection range
DEBUG Player found in detection range
DEBUG Player found in detection range
DEBUG Player found in detection range
DEBUG Player found in detection range
DEBUG Player found in detection range
DEBUG Player found in detection range
DEBUG Player found in detection range
DEBUG Player found in detection range
DEBUG Player found in detection range
DEBUG Player found in detection range
DEBUG Player found in detection range
DEBUG Player found in detection range
DEBUG Player found in detection range
DEBUG Player found in detection range
DEBUG Player found in detection range
DEBUG Player found in detection range
DEBUG Player found in detection range
DEBUG Player found in detection range
DEBUG Player found in detection range
DEBUG Player found in detection range
DEBUG Player found in detection range
DEBUG Player found in detection range
DEBUG Player found in detection range
DEBUG Player found in detection range
DEBUG Player found in detection range
DEBUG Player found in detection range
DEBUG Player found in detection range
DEBUG Player found in detection range
DEBUG Player found in detection range
DEBUG Player found in detection range
DEBUG Player found in detection range
DEBUG Player found in detection range
DEBUG Player found in detection range
DEBUG Player found in detection range
DEBUG Player found in detection range
DEBUG Player found in detection range
DEBUG Player found in detection range
DEBUG Player found in detection range
DEBUG Player found in detection range
DEBUG Player found in detection range
DEBUG Player found in detection range
DEBUG Player found in detection range
DEBUG Player found in detection range
DEBUG Player found in detection range
DEBUG Player found in detection range
DEBUG Player found in detection range
DEBUG Player found in detection range
DEBUG Player found in detection range
DEBUG Player found in detection range
DEBUG Player found in detection range
DEBUG Player found in detection range
DEBUG Player found in detection range
DEBUG Player found in detection range
DEBUG Player found in detection range
DEBUG Player found in detection range
DEBUG Player found in detection range
DEBUG Player found in detection range
DEBUG Player found in detection range
DEBUG Player found in detection range
DEBUG Player found in detection range
DEBUG Player found in detection range
DEBUG Player found in detection range
DEBUG Player found in detection range
DEBUG Player found in detection range
DEBUG Player found in detection range
DEBUG Player found in detection range
DEBUG Player found in detection range
DEBUG Player found in detection range
DEBUG Player found in detection range
DEBUG Player found in detection range
DEBUG Player found in detection range
DEBUG Player found in detection range
DEBUG Player found in detection range
DEBUG Player found in detection range
DEBUG Player found in detection range
DEBUG Player found in detection range
DEBUG Player found in detection range
DEBUG Player found in detection range
DEBUG Player found in detection range
DEBUG Player found in detection range
DEBUG Player found in detection range
DEBUG Player found in detection range
DEBUG Player found in detection range
DEBUG Player found in detection range
DEBUG Player found in detection range
DEBUG Player found in detection range
DEBUG Player found in detection range
DEBUG Player found in detection range
DEBUG Player found in detection range
DEBUG Player found in detection range
DEBUG Player found in detection range
DEBUG Player found in detection range
DEBUG Player found in detection range
DEBUG Player found in detection range
DEBUG Player found in detection range
DEBUG Player found in detection range
DEBUG Player found in detection range
DEBUG Player found in detection range
DEBUG Player found in detection range
DEBUG Player found in detection range
DEBUG Player found in detection range
DEBUG Player found in detection range
DEBUG Player found in detection range
DEBUG Player found in detection range
DEBUG Player found in detection range
DEBUG Player found in detection range
DEBUG Player found in detection range
DEBUG Player found in detection range
DEBUG Player found in detection range
DEBUG Player found in detection range
DEBUG Player found in detection range
DEBUG Player found in detection range
DEBUG Player found in detection range
DEBUG Player found in detection range
DEBUG Player found in detection range
DEBUG Player found in detection range
DEBUG Player found in detection range
DEBUG Player found in detection range
DEBUG Player found in detection range
DEBUG Player found in detection range
DEBUG Player found in detection range
DEBUG Player found in detection range
DEBUG Player found in detection range
DEBUG Player found in detection range
DEBUG Player found in detection range
DEBUG Player found in detection range
DEBUG Player found in detection range
DEBUG Player found in detection range
DEBUG Player found in detection range
DEBUG Player found in detection range
DEBUG Player found in detection range
DEBUG Player found in detection range
DEBUG Player found in detection range
DEBUG Player found in detection range
DEBUG Player found in detection range
DEBUG Player found in detection range
DEBUG Player found in detection range
DEBUG Player found in detection range
DEBUG Player found in detection range
DEBUG Player found in detection range
DEBUG Player found in detection range
DEBUG Player found in detection range
DEBUG Player found in detection range
DEBUG Player found in detection range
DEBUG Player found in detection range
DEBUG Player found in detection range
DEBUG Player found in detection range
DEBUG Player found in detection range
DEBUG Player found in detection range
DEBUG Player found in detection range
DEBUG Player found in detection range
DEBUG Player found in detection range
DEBUG Player found in detection range
DEBUG Player found in detection range
DEBUG Player found in detection range
DEBUG Player found in detection range
DEBUG Player found in detection range
DEBUG Player found in detection range
DEBUG Player found in detection range
DEBUG Player found in detection range
DEBUG Player found in detection range
DEBUG Player found in detection range
DEBUG Player found in detection range
DEBUG Player found in detection range
DEBUG Player found in detection range
DEBUG Player found in detection range
DEBUG Player found in detection range
DEBUG Player found in detection range
DEBUG Player found in detection range
DEBUG Player found in detection range
DEBUG Player found in detection range
DEBUG Player found in detection range
DEBUG Player found in detection range
DEBUG Player found in detection range
DEBUG Player found in detection range
DEBUG Player found in detection range
DEBUG Player found in detection range
DEBUG Player found in detection range
DEBUG Player found in detection range
DEBUG Player found in detection range
DEBUG Player found in detection range
DEBUG Player found in detection range
DEBUG Player found in detection range
DEBUG Player found in detection range
DEBUG Player found in detection range
DEBUG Player found in detection range
DEBUG Player found in detection range
DEBUG Player found in detection range
DEBUG Player found in detection range
DEBUG Player found in detection range
DEBUG Player found in detection range
DEBUG Player found in detection range
DEBUG Player found in detection range
DEBUG Player found in detection range
DEBUG Player found in detection range
DEBUG Player found in detection range
DEBUG Player found in detection range
DEBUG Player found in detection range
DEBUG Player found in detection range
DEBUG Player found in detection range
DEBUG Player found in detection range
DEBUG Player found in detection range
DEBUG Player found in detection range
DEBUG Player found in detection range
DEBUG Player found in detection range
DEBUG Player found in detection range
DEBUG Player found in detection range
DEBUG Player found in detection range
DEBUG Player found in detection range
DEBUG Player found in detection range
DEBUG Player found in detection range
DEBUG Player found in detection range
DEBUG Player found in detection range
DEBUG Player found in detection range
DEBUG Player found in detection range
DEBUG Player found in detection range
DEBUG Player found in detection range
DEBUG Player found in detection range
DEBUG Player found in detection range
DEBUG Player found in detection range
DEBUG Player found in detection range
DEBUG Player found in detection range
DEBUG Player found in detection range
DEBUG Player found in detection range
DEBUG Player found in detection range
DEBUG Player found in detection range
DEBUG Player found in detection range
DEBUG Player found in detection range
DEBUG Player found in detection range
DEBUG Player found in detection range
DEBUG Player found in detection range
DEBUG Player found in detection range
DEBUG Player found in detection range
DEBUG Player found in detection range
DEBUG Player found in detection range
DEBUG Player found in detection range
DEBUG Player found in detection range
DEBUG Player found in detection range
DEBUG Player found in detection range
DEBUG Player found in detection range
DEBUG Player found in detection range
DEBUG Player found in detection range
DEBUG Player found in detection range
DEBUG Player found in detection range
DEBUG Player found in detection range
DEBUG Player found in detection range
DEBUG Player found in detection range
DEBUG Player found in detection range
DEBUG Player found in detection range
DEBUG Player found in detection range
DEBUG Player found in detection range
DEBUG Player found in detection range
DEBUG Player found in detection range
DEBUG Player found in detection range
DEBUG Player found in detection range
DEBUG Player found in detection range
DEBUG Player found in detection range
DEBUG Player found in detection range
DEBUG Player found in detection range
DEBUG Player found in detection range
DEBUG Player found in detection range
DEBUG Player found in detection range
DEBUG Player found in detection range
DEBUG Player found in detection range
DEBUG Player found in detection range
DEBUG Player found in detection range
DEBUG Player found in detection range
DEBUG Player found in detection range
DEBUG Player found in detection range
DEBUG Player found in detection range
DEBUG Player found in detection range
DEBUG Player found in detection range
DEBUG Player found in detection range
DEBUG Player found in detection range
DEBUG Player found in detection range
DEBUG Player found in detection range
DEBUG Player found in detection range
DEBUG Player found in detection range
DEBUG Player found in detection range
DEBUG Player found in detection range
DEBUG Player found in detection range
DEBUG Player found in detection range
DEBUG Player found in detection range
DEBUG Player found in detection range
DEBUG Player found in detection range
DEBUG Player found in detection range
DEBUG Player found in detection range
DEBUG Player found in detection range
DEBUG Player found in detection range
DEBUG Player found in detection range
DEBUG Player found in detection range
DEBUG Player found in detection range
DEBUG Player found in detection range
DEBUG Player found in detection range
DEBUG Player found in detection range
DEBUG Player found in detection range
DEBUG Player found in detection range
DEBUG Player found in detection range
DEBUG Player found in detection range
DEBUG Player found in detection range
DEBUG Player found in detection range
DEBUG Player found in detection range
DEBUG Player found in detection range
DEBUG Player found in detection range
DEBUG Player found in detection range
DEBUG Player found in detection range
DEBUG Player found in detection range
DEBUG Player found in detection range
DEBUG Player found in detection range
DEBUG Player found in detection range
DEBUG Player found in detection range
DEBUG Player found in detection range
DEBUG Player found in detection range
DEBUG Player found in detection range
DEBUG Player found in detection range
DEBUG Player found in detection range
DEBUG Player found in detection range
DEBUG Player found in detection range
DEBUG Player found in detection range
DEBUG Player found in detection range
DEBUG Player found in detection range
DEBUG Player found in detection range
DEBUG Player found in detection range
DEBUG Player found in detection range
DEBUG Player found in detection range
DEBUG Player found in detection range
DEBUG Player found in detection range
DEBUG Player found in detection range
DEBUG Player found in detection range
DEBUG Player found in detection range
DEBUG Player found in detection range
DEBUG Player found in detection range
DEBUG Player found in detection range
DEBUG Player found in detection range
DEBUG Player found in detection range
DEBUG Player found in detection range
DEBUG Player found in detection range
DEBUG Player found in detection range
DEBUG Player found in detection range
DEBUG Player found in detection range
DEBUG Player found in detection range
DEBUG Player found in detection range
DEBUG Player found in detection range
DEBUG Player found in detection range
DEBUG Player found in detection range
DEBUG Player found in detection range
DEBUG Player found in detection range
DEBUG Player found in detection range
DEBUG Player found in detection range
DEBUG Player found in detection range
DEBUG Player found in detection range
DEBUG Player found in detection range
DEBUG Player found in detection range
DEBUG Player found in detection range
DEBUG Player found in detection range
DEBUG Player found in detection range
DEBUG Player found in detection range
DEBUG Player found in detection range
DEBUG Player found in detection range
DEBUG Player found in detection range
DEBUG Player found in detection range
DEBUG Player found in detection range
DEBUG Player found in detection range
DEBUG Player found in detection range
DEBUG Player found in detection range
DEBUG Player found in detection range
DEBUG Player found in detection range
DEBUG Player found in detection range
DEBUG Player found in detection range
DEBUG Player found in detection range
DEBUG Player found in detection range
DEBUG Player found in detection range
DEBUG Player found in detection range
DEBUG Player found in detection range
DEBUG Player found in detection range
DEBUG Player found in detection range
DEBUG Player found in detection range
DEBUG Player found in detection range
DEBUG Player found in detection range
DEBUG Player found in detection range
DEBUG Player found in detection range
DEBUG Player found in detection range
DEBUG Player found in detection range
DEBUG Player found in detection range
DEBUG Player found in detection range
DEBUG Player found in detection range
DEBUG Player found in detection range
DEBUG Player found in detection range
DEBUG Player found in detection range
DEBUG Player found in detection range
DEBUG Player found in detection range
DEBUG Player found in detection range
DEBUG Player found in detection range
DEBUG Player found in detection range
DEBUG Player found in detection range
DEBUG Player found in detection range
DEBUG Player found in detection range
DEBUG Player found in detection range
DEBUG Player found in detection range
DEBUG Player found in detection range
DEBUG Player found in detection range
DEBUG Player found in detection range
DEBUG Player found in detection range
DEBUG Player found in detection range
DEBUG Player found in detection range
DEBUG Player found in detection range
DEBUG Player found in detection range
DEBUG Player found in detection range
DEBUG Player found in detection range
DEBUG Player found in detection range
DEBUG Player found in detection range
DEBUG Player found in detection range
DEBUG Player found in detection range
DEBUG Player found in detection range
DEBUG Player found in detection range
DEBUG Player found in detection range
DEBUG Player found in detection range
DEBUG Player found in detection range
DEBUG Player found in detection range
DEBUG Player found in detection range
DEBUG Player found in detection range
DEBUG Player found in detection range
DEBUG Player found in detection range
DEBUG Player found in detection range
DEBUG Player found in detection range
DEBUG Player found in detection range
DEBUG Player found in detection range
DEBUG Player found in detection range
DEBUG Player found in detection range
DEBUG Player found in detection range
DEBUG Player found in detection range
DEBUG Player found in detection range
DEBUG Player found in detection range
DEBUG Player found in detection range
DEBUG Player found in detection range
DEBUG Player found in detection range
DEBUG Player found in detection range
DEBUG Player found in detection range
DEBUG Player found in detection range
DEBUG Player found in detection range
DEBUG Player found in detection range
DEBUG Player found in detection range
DEBUG Player found in detection range
DEBUG Player found in detection range
DEBUG Player found in detection range
DEBUG Player found in detection range
DEBUG Player found in detection range
DEBUG Player found in detection range
DEBUG Player found in detection range
DEBUG Player found in detection range
DEBUG Player found in detection range
DEBUG Player found in detection range
DEBUG Player found in detection range
DEBUG Player found in detection range
DEBUG Player found in detection range
DEBUG Player found in detection range
DEBUG Player found in detection range
DEBUG Player found in detection range
DEBUG Player found in detection range
DEBUG Player found in detection range
DEBUG Player found in detection range
DEBUG Player found in detection range
DEBUG Player found in detection range
DEBUG Player found in detection range
DEBUG Player found in detection range
DEBUG Player found in detection range
DEBUG Player found in detection range
DEBUG Player found in detection range
DEBUG Player found in detection range
DEBUG Player found in detection range
DEBUG Player found in detection range
DEBUG Player found in detection range
DEBUG Player found in detection range
DEBUG Player found in detection range
DEBUG Player found in detection range
DEBUG Player found in detection range
DEBUG Player found in detection range
DEBUG Player found in detection range
DEBUG Player found in detection range
DEBUG Player found in detection range
DEBUG Player found in detection range
DEBUG Player found in detection range
DEBUG Player found in detection range
DEBUG Player found in detection range
DEBUG Player found in detection range
DEBUG Player found in detection range
DEBUG Player found in detection range
DEBUG Player found in detection range
DEBUG Player found in detection range
DEBUG Player found in detection range
DEBUG Player found in detection range
DEBUG Player found in detection range
DEBUG Player found in detection range
DEBUG Player found in detection range
DEBUG Player found in detection range
DEBUG Player found in detection range
DEBUG Player found in detection range
DEBUG Player found in detection range
DEBUG Player found in detection range
DEBUG Player found in detection range
DEBUG Player found in detection range
DEBUG Player found in detection range
DEBUG Player found in detection range
DEBUG Player found in detection range
DEBUG Player found in detection range
DEBUG Player found in detection range
DEBUG Player found in detection range
DEBUG Player found in detection range
DEBUG Player found in detection range
DEBUG Player found in detection range
DEBUG Player found in detection range
DEBUG Player found in detection range
DEBUG Player found in detection range
DEBUG Player found in detection range
DEBUG Player found in detection range
DEBUG Player found in detection range
DEBUG Player found in detection range
DEBUG Player found in detection range
DEBUG Player found in detection range
DEBUG Player found in detection range
DEBUG Player found in detection range
DEBUG Player found in detection range
DEBUG Player found in detection range
DEBUG Player found in detection range
DEBUG Player found in detection range
DEBUG Player found in detection range
DEBUG Player found in detection range
DEBUG Player found in detection range
DEBUG Player found in detection range
DEBUG Player found in detection range
DEBUG Player found in detection range
DEBUG Player found in detection range
DEBUG Player found in detection range
DEBUG Player found in detection range
DEBUG Player found in detection range
DEBUG Player found in detection range
DEBUG Player found in detection range
DEBUG Player found in detection range
DEBUG Player found in detection range
DEBUG Player found in detection range
DEBUG Player found in detection range
DEBUG Player found in detection range
DEBUG Player found in detection range
DEBUG Player found in detection range
DEBUG Player found in detection range
DEBUG Player found in detection range
DEBUG Player found in detection range
DEBUG Player found in detection range
DEBUG Player found in detection range
DEBUG Player found in detection range
DEBUG Player found in detection range
DEBUG Player found in detection range
DEBUG Player found in detection range
DEBUG Player found in detection range
DEBUG Player found in detection range
DEBUG Player found in detection range
DEBUG Player found in detection range
DEBUG Player found in detection range
DEBUG Player found in detection range
DEBUG Player found in detection range
DEBUG Player found in detection range
DEBUG Player found in detection range
DEBUG Player found in detection range
DEBUG Player found in detection range
DEBUG Player found in detection range
DEBUG Player found in detection range
DEBUG Player found in detection range
DEBUG Player found in detection range
DEBUG Player found in detection range
DEBUG Player found in detection range
DEBUG Player found in detection range
DEBUG Player found in detection range
DEBUG Player found in detection range
DEBUG Player found in detection range
DEBUG Player found in detection range
DEBUG Player found in detection range
DEBUG Player found in detection range
DEBUG Player found in detection range
DEBUG Player found in detection range
DEBUG Player found in detection range
DEBUG Player found in detection range
DEBUG Player found in detection range
DEBUG Player found in detection range
DEBUG Player found in detection range
DEBUG Player found in detection range
DEBUG Player found in detection range
DEBUG Player found in detection range
DEBUG Player found in detection range
DEBUG Player found in detection range
DEBUG Player found in detection range
DEBUG Player found in detection range
DEBUG Player found in detection range
DEBUG Player found in detection range
DEBUG Player found in detection range
DEBUG Player found in detection range
DEBUG Player found in detection range
DEBUG Player found in detection range
DEBUG Player found in detection range
DEBUG Player found in detection range
DEBUG Player found in detection range
DEBUG Player found in detection range
DEBUG Player found in detection range
DEBUG Player found in detection range
DEBUG Player found in detection range
DEBUG Player found in detection range
DEBUG Player found in detection range
DEBUG Player found in detection range
DEBUG Player found in detection range
DEBUG Player found in detection range
DEBUG Player found in detection range
DEBUG Player found in detection range
DEBUG Player found in detection range
DEBUG Player found in detection range
DEBUG Player found in detection range
DEBUG Player found in detection range
DEBUG Player found in detection range
DEBUG Player found in detection range
DEBUG Player found in detection range
DEBUG Player found in detection range
DEBUG Player found in detection range
DEBUG Player found in detection range
DEBUG Player found in detection range
DEBUG Player found in detection range
DEBUG Player found in detection range
DEBUG Player found in detection range
DEBUG Player found in detection range
DEBUG Player found in detection range
DEBUG Player found in detection range
DEBUG Player found in detection range
DEBUG Player found in detection range
DEBUG Player found in detection range
DEBUG Player found in detection range
DEBUG Player found in detection range
DEBUG Player found in detection range
DEBUG Player found in detection range
DEBUG Player found in detection range
DEBUG Player found in detection range
DEBUG Player found in detection range
DEBUG Player found in detection range
DEBUG Player found in detection range
DEBUG Player found in detection range
DEBUG Player found in detection range
DEBUG Player found in detection range
DEBUG Player found in detection range
DEBUG Player found in detection range
DEBUG Player found in detection range
DEBUG Player found in detection range
DEBUG Player found in detection range
DEBUG Player found in detection range
DEBUG Player found in detection range
DEBUG Player found in detection range
DEBUG Player found in detection range
DEBUG Player found in detection range
DEBUG Player found in detection range
DEBUG Player found in detection range
DEBUG Player found in detection range
DEBUG Player found in detection range
DEBUG Player found in detection range
DEBUG Player found in detection range
DEBUG Player found in detection range
DEBUG Player found in detection range
DEBUG Player found in detection range
DEBUG Player found in detection range
DEBUG Player found in detection range
DEBUG Player found in detection range
DEBUG Player found in detection range
DEBUG Player found in detection range
DEBUG Player found in detection range
DEBUG Player found in detection range
DEBUG Player found in detection range
DEBUG Player found in detection range
DEBUG Player found in detection range
DEBUG Player found in detection range
DEBUG Player found in detection range
DEBUG Player found in detection range
DEBUG Player found in detection range
DEBUG Player found in detection range
DEBUG Player found in detection range
DEBUG Player found in detection range
DEBUG Player found in detection range
DEBUG Player found in detection range
DEBUG Player found in detection range
DEBUG Player found in detection range
DEBUG Player found in detection range
DEBUG Player found in detection range
DEBUG Player found in detection range
DEBUG Player found in detection range
DEBUG Player found in detection range
DEBUG Player found in detection range
DEBUG Player found in detection range
DEBUG Player found in detection range
DEBUG Player found in detection range
DEBUG Player found in detection range
DEBUG Player found in detection range
DEBUG Player found in detection range
DEBUG Player found in detection range
DEBUG Player found in detection range
DEBUG Player found in detection range
DEBUG Player found in detection range
DEBUG Player found in detection range
DEBUG Player found in detection range
DEBUG Player found in detection range
DEBUG Player found in detection range
DEBUG Player found in detection range
DEBUG Player found in detection range
DEBUG Player found in detection range
DEBUG Player found in detection range
DEBUG Player found in detection range
DEBUG Player found in detection range
DEBUG Player found in detection range
DEBUG Player found in detection range
DEBUG Player found in detection range
DEBUG Player found in detection range
DEBUG Player found in detection range
DEBUG Player found in detection range
DEBUG Player found in detection range
DEBUG Player found in detection range
DEBUG Player found in detection range
DEBUG Player found in detection range
DEBUG Player found in detection range
DEBUG Player found in detection range
DEBUG Player found in detection range
DEBUG Player found in detection range
DEBUG Player found in detection range
DEBUG Player found in detection range
DEBUG Player found in detection range
DEBUG Player found in detection range
DEBUG Player found in detection range
DEBUG Player found in detection range
DEBUG Player found in detection range
DEBUG Player found in detection range
DEBUG Player found in detection range
DEBUG Player found in detection range
DEBUG Player found in detection range
DEBUG Player found in detection range
DEBUG Player found in detection range
DEBUG Player found in detection range
DEBUG Player found in detection range
DEBUG Player found in detection range
DEBUG Player found in detection range
DEBUG Player found in detection range
DEBUG Player found in detection range
DEBUG Player found in detection range
DEBUG Player found in detection range
DEBUG Player found in detection range
DEBUG Player found in detection range
DEBUG Player found in detection range
DEBUG Player found in detection range
DEBUG Player found in detection range
DEBUG Player found in detection range
DEBUG Player found in detection range
DEBUG Player found in detection range
DEBUG Player found in detection range
DEBUG Player found in detection range
DEBUG Player found in detection range
DEBUG Player found in detection range
DEBUG Player found in detection range
DEBUG Player found in detection range
DEBUG Player found in detection range
DEBUG Player found in detection range
DEBUG Player found in detection range
DEBUG Player found in detection range
DEBUG Player found in detection range
DEBUG Player found in detection range
DEBUG Player found in detection range
DEBUG Player found in detection range
DEBUG Player found in detection range
DEBUG Player found in detection range
DEBUG Player found in detection range
DEBUG Player found in detection range
DEBUG Player found in detection range
DEBUG Player found in detection range
DEBUG Player found in detection range
DEBUG Player found in detection range
DEBUG Player found in detection range
DEBUG Player found in detection range
DEBUG Player found in detection range
DEBUG Player found in detection range
DEBUG Player found in detection range
DEBUG Player found in detection range
DEBUG Player found in detection range
DEBUG Player found in detection range
DEBUG Player found in detection range
DEBUG Player found in detection range
DEBUG Player found in detection range
DEBUG Player found in detection range
DEBUG Player found in detection range
DEBUG Player found in detection range
DEBUG Player found in detection range
DEBUG Player found in detection range
DEBUG Player found in detection range
DEBUG Player found in detection range
DEBUG Player found in detection range
DEBUG Player found in detection range
DEBUG Player found in detection range
DEBUG Player found in detection range
DEBUG Player found in detection range
DEBUG Player found in detection range
DEBUG Player found in detection range
DEBUG Player found in detection range
DEBUG Player found in detection range
DEBUG Player found in detection range
DEBUG Player found in detection range
DEBUG Player found in detection range
DEBUG Player found in detection range
DEBUG Player found in detection range
DEBUG Player found in detection range
DEBUG Player found in detection range
DEBUG Player found in detection range
DEBUG Player found in detection range
DEBUG Player found in detection range
DEBUG Player found in detection range
DEBUG Player found in detection range
DEBUG Player found in detection range
DEBUG Player found in detection range
DEBUG Player found in detection range
DEBUG Player found in detection range
DEBUG Player found in detection range
DEBUG Player found in detection range
DEBUG Player found in detection range
DEBUG Player found in detection range
DEBUG Player found in detection range
DEBUG Player found in detection range
DEBUG Player found in detection range
DEBUG Player found in detection range
DEBUG Player found in detection range
DEBUG Player found in detection range
DEBUG Player found in detection range
DEBUG Player found in detection range
DEBUG Player found in detection range
DEBUG Player found in detection range
DEBUG Player found in detection range
DEBUG Player found in detection range
DEBUG Player found in detection range
DEBUG Player found in detection range
DEBUG Player found in detection range
DEBUG Player found in detection range
DEBUG Player found in detection range
DEBUG Player found in detection range
DEBUG Player found in detection range
DEBUG Player found in detection range
DEBUG Player found in detection range
DEBUG Player found in detection range
DEBUG Player found in detection range
DEBUG Player found in detection range
DEBUG Player found in detection range
DEBUG Player found in detection range
DEBUG Player found in detection range
DEBUG Player found in detection range
DEBUG Player found in detection range
DEBUG Player found in detection range
DEBUG Player found in detection range
DEBUG Player found in detection range
DEBUG Player found in detection range
DEBUG Player found in detection range
DEBUG Player found in detection range
DEBUG Player found in detection range
DEBUG Player found in detection range
DEBUG Player found in detection range
DEBUG Player found in detection range
DEBUG Player found in detection range
DEBUG Player found in detection range
DEBUG Player found in detection range
DEBUG Player found in detection range
DEBUG Player found in detection range
DEBUG Player found in detection range
DEBUG Player found in detection range
DEBUG Player found in detection range
DEBUG Player found in detection range
DEBUG Player found in detection range
DEBUG Player found in detection range
DEBUG Player found in detection range
DEBUG Player found in detection range
DEBUG Player found in detection range
DEBUG Player found in detection range
DEBUG Player found in detection range
DEBUG Player found in detection range
DEBUG Player found in detection range
DEBUG Player found in detection range
DEBUG Player found in detection range
DEBUG Player found in detection range
DEBUG Player found in detection range
DEBUG Player found in detection range
DEBUG Player found in detection range
DEBUG Player found in detection range
DEBUG Player found in detection range
DEBUG Player found in detection range
DEBUG Player found in detection range
DEBUG Player found in detection range
DEBUG Player found in detection range
DEBUG Player found in detection range
DEBUG Player found in detection range
DEBUG Player found in detection range
DEBUG Player found in detection range
DEBUG Player found in detection range
DEBUG Player found in detection range
DEBUG Player found in detection range
DEBUG Player found in detection range
DEBUG Player found in detection range
DEBUG Player found in detection range
DEBUG Player found in detection range
DEBUG Player found in detection range
DEBUG Player found in detection range
DEBUG Player found in detection range
DEBUG Player found in detection range
DEBUG Player found in detection range
DEBUG Player found in detection range
DEBUG Player found in detection range
DEBUG Player found in detection range
DEBUG Player found in detection range
DEBUG Player found in detection range
DEBUG Player found in detection range
DEBUG Player found in detection range
DEBUG Player found in detection range
DEBUG Player found in detection range
DEBUG Player found in detection range
DEBUG Player found in detection range
DEBUG Player found in detection range
DEBUG Player found in detection range
DEBUG Player found in detection range
DEBUG Player found in detection range
DEBUG Player found in detection range
DEBUG Player found in detection range
DEBUG Player found in detection range
DEBUG Player found in detection range
DEBUG Player found in detection range
DEBUG Player found in detection range
DEBUG Player found in detection range
DEBUG Player found in detection range
DEBUG Player found in detection range
DEBUG Player found in detection range
DEBUG Player found in detection range
DEBUG Player found in detection range
DEBUG Player found in detection range
DEBUG Player found in detection range
DEBUG Player found in detection range
DEBUG Player found in detection range
DEBUG Player found in detection range
DEBUG Player found in detection range
DEBUG Player found in detection range
DEBUG Player found in detection range
DEBUG Player found in detection range
DEBUG Player found in detection range
DEBUG Player found in detection range
DEBUG Player found in detection range
DEBUG Player found in detection range
DEBUG Player found in detection range
DEBUG Player found in detection range
DEBUG Player found in detection range
DEBUG Player found in detection range
DEBUG Player found in detection range
DEBUG Player found in detection range
DEBUG Player found in detection range
DEBUG Player found in detection range
DEBUG Player found in detection range
DEBUG Player found in detection range
DEBUG Player found in detection range
DEBUG Player found in detection range
DEBUG Player found in detection range
DEBUG Player found in detection range
DEBUG Player found in detection range
DEBUG Player found in detection range
DEBUG Player found in detection range
DEBUG Player found in detection range
DEBUG Player found in detection range
DEBUG Player found in detection range
DEBUG Player found in detection range
DEBUG Player found in detection range
DEBUG Player found in detection range
DEBUG Player found in detection range
DEBUG Player found in detection range
DEBUG Player found in detection range
DEBUG Player found in detection range
DEBUG Player found in detection range
DEBUG Player found in detection range
DEBUG Player found in detection range
DEBUG Player found in detection range
DEBUG Player found in detection range
DEBUG Player found in detection range
DEBUG Player found in detection range
DEBUG Player found in detection range
DEBUG Player found in detection range
DEBUG Player found in detection range
DEBUG Player found in detection range
DEBUG Player found in detection range
DEBUG Player found in detection range
DEBUG Player found in detection range
DEBUG Player found in detection range
DEBUG Player found in detection range
DEBUG Player found in detection range
DEBUG Player found in detection range
DEBUG Player found in detection range
DEBUG Player found in detection range
DEBUG Player found in detection range
DEBUG Player found in detection range
DEBUG Player found in detection range
DEBUG Player found in detection range
DEBUG Player found in detection range
DEBUG Player found in detection range
DEBUG Player found in detection range
DEBUG Player found in detection range
DEBUG Player found in detection range
DEBUG Player found in detection range
DEBUG Player found in detection range
DEBUG Player found in detection range
DEBUG Player found in detection range
DEBUG Player found in detection range
DEBUG Player found in detection range
DEBUG Player found in detection range
DEBUG Player found in detection range
DEBUG Player found in detection range
DEBUG Player found in detection range
DEBUG Player found in detection range
DEBUG Player found in detection range
DEBUG Player found in detection range
DEBUG Player found in detection range
DEBUG Player found in detection range
DEBUG Player found in detection range
DEBUG Player found in detection range
DEBUG Player found in detection range
DEBUG Player found in detection range
DEBUG Player found in detection range
DEBUG Player found in detection range
DEBUG Player found in detection range
DEBUG Player found in detection range
DEBUG Player found in detection range
DEBUG Player found in detection range
DEBUG Player found in detection range
DEBUG Player found in detection range
DEBUG Player found in detection range
DEBUG Player found in detection range
DEBUG Player found in detection range
DEBUG Player found in detection range
DEBUG Player found in detection range
DEBUG Player found in detection range
DEBUG Player found in detection range
DEBUG Player found in detection range
DEBUG Player found in detection range
DEBUG Player found in detection range
DEBUG Player found in detection range
DEBUG Player found in detection range
DEBUG Player found in detection range
DEBUG Player found in detection range
DEBUG Player found in detection range
DEBUG Player found in detection range
DEBUG Player found in detection range
DEBUG Player found in detection range
DEBUG Player found in detection range
DEBUG Player found in detection range
DEBUG Player found in detection range
DEBUG Player found in detection range
DEBUG Player found in detection range
DEBUG Player found in detection range
DEBUG Player found in detection range
DEBUG Player found in detection range
DEBUG Player found in detection range
DEBUG Player found in detection range
DEBUG Player found in detection range
DEBUG Player found in detection range
DEBUG Player found in detection range
DEBUG Player found in detection range
DEBUG Player found in detection range
DEBUG Player found in detection range
DEBUG Player found in detection range
DEBUG Player found in detection range
DEBUG Player found in detection range
DEBUG Player found in detection range
DEBUG Player found in detection range
DEBUG Player found in detection range
DEBUG Player found in detection range
DEBUG Player found in detection range
DEBUG Player found in detection range
DEBUG Player found in detection range
DEBUG Player found in detection range
DEBUG Player found in detection range
DEBUG Player found in detection range
DEBUG Player found in detection range
DEBUG Player found in detection range
DEBUG Player found in detection range
DEBUG Player found in detection range
DEBUG Player found in detection range
DEBUG Player found in detection range
DEBUG Player found in detection range
DEBUG Player found in detection range
DEBUG Player found in detection range
DEBUG Player found in detection range
DEBUG Player found in detection range
DEBUG Player found in detection range
DEBUG Player found in detection range
DEBUG Player found in detection range
DEBUG Player found in detection range
DEBUG Player found in detection range
DEBUG Player found in detection range
DEBUG Player found in detection range
DEBUG Player found in detection range
DEBUG Player found in detection range
DEBUG Player found in detection range
DEBUG Player found in detection range
DEBUG Player found in detection range
DEBUG Player found in detection range
DEBUG Player found in detection range
DEBUG Player found in detection range
DEBUG Player found in detection range
DEBUG Player found in detection range
DEBUG Player found in detection range
DEBUG Player found in detection range
DEBUG Player found in detection range
DEBUG Player found in detection range
DEBUG Player found in detection range
DEBUG Player found in detection range
DEBUG Player found in detection range
DEBUG Player found in detection range
DEBUG Player found in detection range
DEBUG Player found in detection range
DEBUG Player found in detection range
DEBUG Player found in detection range
DEBUG Player found in detection range
DEBUG Player found in detection range
DEBUG Player found in detection range
DEBUG Player found in detection range
DEBUG Player found in detection range
DEBUG Player found in detection range
DEBUG Player found in detection range
DEBUG Player found in detection range
DEBUG Player found in detection range
DEBUG Player found in detection range
DEBUG Player found in detection range
DEBUG Player found in detection range
DEBUG Player found in detection range
DEBUG Player found in detection range
DEBUG Player found in detection range
DEBUG Player found in detection range
DEBUG Player found in detection range
DEBUG Player found in detection range
DEBUG Player found in detection range
DEBUG Player found in detection range
DEBUG Player found in detection range
DEBUG Player found in detection range
DEBUG Player found in detection range
DEBUG Player found in detection range
DEBUG Player found in detection range
DEBUG Player found in detection range
DEBUG Player found in detection range
DEBUG Player found in detection range
DEBUG Player found in detection range
DEBUG Player found in detection range
DEBUG Player found in detection range
DEBUG Player found in detection range
DEBUG Player found in detection range
DEBUG Player found in detection range
DEBUG Player found in detection range
DEBUG Player found in detection range
DEBUG Player found in detection range
DEBUG Player found in detection range
DEBUG Player found in detection range
DEBUG Player found in detection range
DEBUG Player found in detection range
DEBUG Player found in detection range
DEBUG Player found in detection range
DEBUG Player found in detection range
DEBUG Player found in detection range
DEBUG Player found in detection range
DEBUG Player found in detection range
DEBUG Player found in detection range
DEBUG Player found in detection range
DEBUG Player found in detection range
DEBUG Player found in detection range
DEBUG Player found in detection range
DEBUG Player found in detection range
DEBUG Player found in detection range
DEBUG Player found in detection range
DEBUG Player found in detection range
DEBUG Player found in detection range
DEBUG Player found in detection range
DEBUG Player found in detection range
DEBUG Player found in detection range
DEBUG Player found in detection range
DEBUG Player found in detection range
DEBUG Player found in detection range
DEBUG Player found in detection range
DEBUG Player found in detection range
DEBUG Player found in detection range
DEBUG Player found in detection range
DEBUG Player found in detection range
DEBUG Player found in detection range
DEBUG Player found in detection range
DEBUG Player found in detection range
DEBUG Player found in detection range
DEBUG Player found in detection range
DEBUG Player found in detection range
DEBUG Player found in detection range
DEBUG Player found in detection range
DEBUG Player found in detection range
DEBUG Player found in detection range
DEBUG Player found in detection range
DEBUG Player found in detection range
DEBUG Player found in detection range
DEBUG Player found in detection range
DEBUG Player found in detection range
DEBUG Player found in detection range
DEBUG Player found in detection range
DEBUG Player found in detection range
DEBUG Player found in detection range
DEBUG Player found in detection range
DEBUG Player found in detection range
DEBUG Player found in detection range
DEBUG Player found in detection range
DEBUG Player found in detection range
DEBUG Player found in detection range
DEBUG Player found in detection range
DEBUG Player found in detection range
DEBUG Player found in detection range
DEBUG Player found in detection range
DEBUG Player found in detection range
DEBUG Player found in detection range
DEBUG Player found in detection range
DEBUG Player found in detection range
DEBUG Player found in detection range
DEBUG Player found in detection range
DEBUG Player found in detection range
DEBUG Player found in detection range
DEBUG Player found in detection range
DEBUG Player found in detection range
DEBUG Player found in detection range
DEBUG Player found in detection range
DEBUG Player found in detection range
DEBUG Player found in detection range
DEBUG Player found in detection range
DEBUG Player found in detection range
DEBUG Player found in detection range
DEBUG Player found in detection range
DEBUG Player found in detection range
DEBUG Player found in detection range
DEBUG Player found in detection range
DEBUG Player found in detection range
DEBUG Player found in detection range
DEBUG Player found in detection range
DEBUG Player found in detection range
DEBUG Player found in detection range
DEBUG Player found in detection range
DEBUG Player found in detection range
DEBUG Player found in detection range
DEBUG Player found in detection range
DEBUG Player found in detection range
DEBUG Player found in detection range
DEBUG Player found in detection range
DEBUG Player found in detection range
DEBUG Player found in detection range
DEBUG Player found in detection range
DEBUG Player found in detection range
DEBUG Player found in detection range
DEBUG Player found in detection range
DEBUG Player found in detection range
DEBUG Player found in detection range
DEBUG Player found in detection range
DEBUG Player found in detection range
DEBUG Player found in detection range
DEBUG Player found in detection range
DEBUG Player found in detection range
DEBUG Player found in detection range
DEBUG Player found in detection range
DEBUG Player found in detection range
DEBUG Player found in detection range
DEBUG Player found in detection range
DEBUG Player found in detection range
DEBUG Player found in detection range
DEBUG Player found in detection range
DEBUG Player found in detection range
DEBUG Player found in detection range
DEBUG Player found in detection range
DEBUG Player found in detection range
DEBUG Player found in detection range
DEBUG Player found in detection range
DEBUG Player found in detection range
DEBUG Player found in detection range
DEBUG Player found in detection range
DEBUG Player found in detection range
DEBUG Player found in detection range
DEBUG Player found in detection range
DEBUG Player found in detection range
DEBUG Player found in detection range
DEBUG Player found in detection range
DEBUG Player found in detection range
DEBUG Player found in detection range
DEBUG Player found in detection range
DEBUG Player found in detection range
DEBUG Player found in detection range
DEBUG Player found in detection range
DEBUG Player found in detection range
DEBUG Player found in detection range
DEBUG Player found in detection range
DEBUG Player found in detection range
DEBUG Player found in detection range
DEBUG Player found in detection range
DEBUG Player found in detection range
DEBUG Player found in detection range
DEBUG Player found in detection range
DEBUG Player found in detection range
DEBUG Player found in detection range
DEBUG Player found in detection range
DEBUG Player found in detection range
DEBUG Player found in detection range
DEBUG Player found in detection range
DEBUG Player found in detection range
DEBUG Player found in detection range
DEBUG Player found in detection range
DEBUG Player found in detection range
DEBUG Player found in detection range
DEBUG Player found in detection range
DEBUG Player found in detection range
DEBUG Player found in detection range
DEBUG Player found in detection range
DEBUG Player found in detection range
DEBUG Player found in detection range
DEBUG Player found in detection range
DEBUG Player found in detection range
DEBUG Player found in detection range
DEBUG Player found in detection range
DEBUG Player found in detection range
DEBUG Player found in detection range
DEBUG Player found in detection range
DEBUG Player found in detection range
DEBUG Player found in detection range
DEBUG Player found in detection range
DEBUG Player found in detection range
DEBUG Player found in detection range
DEBUG Player found in detection range
DEBUG Player found in detection range
DEBUG Player found in detection range
DEBUG Player found in detection range
DEBUG Player found in detection range
DEBUG Player found in detection range
DEBUG Player found in detection range
DEBUG Player found in detection range
DEBUG Player found in detection range
DEBUG Player found in detection range
DEBUG Player found in detection range
DEBUG Player found in detection range
DEBUG Player found in detection range
DEBUG Player found in detection range
DEBUG Player found in detection range
DEBUG Player found in detection range
DEBUG Player found in detection range
DEBUG Player found in detection range
DEBUG Player found in detection range
DEBUG Player found in detection range
DEBUG Player found in detection range
DEBUG Player found in detection range
DEBUG Player found in detection range
DEBUG Player found in detection range
DEBUG Player found in detection range
DEBUG Player found in detection range
DEBUG Player found in detection range
DEBUG Player found in detection range
DEBUG Player found in detection range
DEBUG Player found in detection range
DEBUG Player found in detection range
DEBUG Player found in detection range
DEBUG Player found in detection range
DEBUG Player found in detection range
DEBUG Player found in detection range
DEBUG Player found in detection range
DEBUG Player found in detection range
DEBUG Player found in detection range
DEBUG Player found in detection range
DEBUG Player found in detection range
DEBUG Player found in detection range
DEBUG Player found in detection range
DEBUG Player found in detection range
DEBUG Player found in detection range
DEBUG Player found in detection range
DEBUG Player found in detection range
DEBUG Player found in detection range
DEBUG Player found in detection range
DEBUG Player found in detection range
DEBUG Player found in detection range
DEBUG Player found in detection range
DEBUG Player found in detection range
DEBUG Player found in detection range
DEBUG Player found in detection range
DEBUG Player found in detection range
DEBUG Player found in detection range
DEBUG Player found in detection range
DEBUG Player found in detection range
DEBUG Player found in detection range
DEBUG Player found in detection range
DEBUG Player found in detection range
DEBUG Player found in detection range
DEBUG Player found in detection range
DEBUG Player found in detection range
DEBUG Player found in detection range
DEBUG Player found in detection range
DEBUG Player found in detection range
DEBUG Player found in detection range
DEBUG Player found in detection range
DEBUG Player found in detection range
DEBUG Player found in detection range
DEBUG Player found in detection range
DEBUG Player found in detection range
DEBUG Player found in detection range
DEBUG Player found in detection range
DEBUG Player found in detection range
DEBUG Player found in detection range
DEBUG Player found in detection range
DEBUG Player found in detection range
DEBUG Player found in detection range
DEBUG Player found in detection range
DEBUG Player found in detection range
DEBUG Player found in detection range
DEBUG Player found in detection range
DEBUG Player found in detection range
DEBUG Player found in detection range
DEBUG Player found in detection range
DEBUG Player found in detection range
DEBUG Player found in detection range
DEBUG Player found in detection range
DEBUG Player found in detection range
DEBUG Player found in detection range
DEBUG Player found in detection range
DEBUG Player found in detection range
DEBUG Player found in detection range
DEBUG Player found in detection range
DEBUG Player found in detection range
DEBUG Player found in detection range
DEBUG Player found in detection range
DEBUG Player found in detection range
DEBUG Player found in detection range
DEBUG Player found in detection range
DEBUG Player found in detection range
DEBUG Player found in detection range
DEBUG Player found in detection range
DEBUG Player found in detection range
DEBUG Player found in detection range
DEBUG Player found in detection range
DEBUG Player found in detection range
DEBUG Player found in detection range
DEBUG Player found in detection range
DEBUG Player found in detection range
DEBUG Player found in detection range
DEBUG Player found in detection range
DEBUG Player found in detection range
DEBUG Player found in detection range
DEBUG Player found in detection range
DEBUG Player found in detection range
DEBUG Player found in detection range
DEBUG Player found in detection range
DEBUG Player found in detection range
DEBUG Player found in detection range
DEBUG Player found in detection range
DEBUG Player found in detection range
DEBUG Player found in detection range
DEBUG Player found in detection range
DEBUG Player found in detection range
DEBUG Player found in detection range
DEBUG Player found in detection range
DEBUG Player found in detection range
DEBUG Player found in detection range
DEBUG Player found in detection range
DEBUG Player found in detection range
DEBUG Player found in detection range
DEBUG Player found in detection range
DEBUG Player found in detection range
DEBUG Player found in detection range
DEBUG Player found in detection range
DEBUG Player found in detection range
DEBUG Player found in detection range
DEBUG Player found in detection range
DEBUG Player found in detection range
DEBUG Player found in detection range
DEBUG Player found in detection range
DEBUG Player found in detection range
DEBUG Player found in detection range
DEBUG Player found in detection range
DEBUG Player found in detection range
DEBUG Player found in detection range
DEBUG Player found in detection range
DEBUG Player found in detection range
DEBUG Player found in detection range
DEBUG Player found in detection range
DEBUG Player found in detection range
DEBUG Player found in detection range
DEBUG Player found in detection range
DEBUG Player found in detection range
DEBUG Player found in detection range
DEBUG Player found in detection range
DEBUG Player found in detection range
DEBUG Player found in detection range
DEBUG Player found in detection range
DEBUG Player found in detection range
DEBUG Player found in detection range
DEBUG Player found in detection range
DEBUG Player found in detection range
DEBUG Player found in detection range
DEBUG Player found in detection range
DEBUG Player found in detection range
DEBUG Player found in detection range
DEBUG Player found in detection range
DEBUG Player found in detection range
DEBUG Player found in detection range
DEBUG Player found in detection range
DEBUG Player found in detection range
DEBUG Player found in detection range
DEBUG Player found in detection range
DEBUG Player found in detection range
DEBUG Player found in detection range
DEBUG Player found in detection range
DEBUG Player found in detection range
DEBUG Player found in detection range
DEBUG Player found in detection range
DEBUG Player found in detection range
DEBUG Player found in detection range
DEBUG Player found in detection range
DEBUG Player found in detection range
DEBUG Player found in detection range
DEBUG Player found in detection range
DEBUG Player found in detection range
DEBUG Player found in detection range
DEBUG Player found in detection range
DEBUG Player found in detection range
DEBUG Player found in detection range
DEBUG Player found in detection range
DEBUG Player found in detection range
DEBUG Player found in detection range
DEBUG Player found in detection range
DEBUG Player found in detection range
DEBUG Player found in detection range
DEBUG Player found in detection range
DEBUG Player found in detection range
DEBUG Player found in detection range
DEBUG Player found in detection range
DEBUG Player found in detection range
DEBUG Player found in detection range
DEBUG Player found in detection range
DEBUG Player found in detection range
DEBUG Player found in detection range
DEBUG Player found in detection range
DEBUG Player found in detection range
DEBUG Player found in detection range
DEBUG Player found in detection range
DEBUG Player found in detection range
DEBUG Player found in detection range
DEBUG Player found in detection range
DEBUG Player found in detection range
DEBUG Player found in detection range
DEBUG Player found in detection range
DEBUG Player found in detection range
DEBUG Player found in detection range
DEBUG Player found in detection range
DEBUG Player found in detection range
DEBUG Player found in detection range
DEBUG Player found in detection range
DEBUG Player found in detection range
DEBUG Player found in detection range
DEBUG Player found in detection range
DEBUG Player found in detection range
DEBUG Player found in detection range
DEBUG Player found in detection range
DEBUG Player found in detection range
DEBUG Player found in detection range
DEBUG Player found in detection range
DEBUG Player found in detection range
DEBUG Player found in detection range
DEBUG Player found in detection range
DEBUG Player found in detection range
DEBUG Player found in detection range
DEBUG Player found in detection range
DEBUG Player found in detection range
DEBUG Player found in detection range
DEBUG Player found in detection range
DEBUG Player found in detection range
DEBUG Player found in detection range
DEBUG Player found in detection range
DEBUG Player found in detection range
DEBUG Player found in detection range
DEBUG Player found in detection range
DEBUG Player found in detection range
DEBUG Player found in detection range
DEBUG Player found in detection range
DEBUG Player found in detection range
DEBUG Player found in detection range
DEBUG Player found in detection range
DEBUG Player found in detection range
DEBUG Player found in detection range
DEBUG Player found in detection range
DEBUG Player found in detection range
DEBUG Player found in detection range
DEBUG Player found in detection range
DEBUG Player found in detection range
DEBUG Player found in detection range
DEBUG Player found in detection range
DEBUG Player found in detection range
DEBUG Player found in detection range
DEBUG Player found in detection range
DEBUG Player found in detection range
DEBUG Player found in detection range
DEBUG Player found in detection range
DEBUG Player found in detection range
DEBUG Player found in detection range
DEBUG Player found in detection range
DEBUG Player found in detection range
DEBUG Player found in detection range
DEBUG Player found in detection range
DEBUG Player found in detection range
DEBUG Player found in detection range
DEBUG Player found in detection range
DEBUG Player found in detection range
DEBUG Player found in detection range
DEBUG Player found in detection range
DEBUG Player found in detection range
DEBUG Player found in detection range
DEBUG Player found in detection range
DEBUG Player found in detection range
DEBUG Player found in detection range
DEBUG Player found in detection range
DEBUG Player found in detection range
DEBUG Player found in detection range
DEBUG Player found in detection range
DEBUG Player found in detection range
DEBUG Player found in detection range
DEBUG Player found in detection range
DEBUG Player found in detection range
DEBUG Player found in detection range
DEBUG Player found in detection range
DEBUG Player found in detection range
DEBUG Player found in detection range
DEBUG Player found in detection range
DEBUG Player found in detection range
DEBUG Player found in detection range
DEBUG Player found in detection range
DEBUG Player found in detection range
DEBUG Player found in detection range
DEBUG Player found in detection range
DEBUG Player found in detection range
DEBUG Player found in detection range
DEBUG Player found in detection range
DEBUG Player found in detection range
DEBUG Player found in detection range
DEBUG Player found in detection range
DEBUG Player found in detection range
DEBUG Player found in detection range
DEBUG Player found in detection range
DEBUG Player found in detection range
DEBUG Player found in detection range
DEBUG Player found in detection range
DEBUG Player found in detection range
DEBUG Player found in detection range
DEBUG Player found in detection range
DEBUG Player found in detection range
DEBUG Player found in detection range
DEBUG Player found in detection range
DEBUG Player found in detection range
DEBUG Player found in detection range
DEBUG Player found in detection range
DEBUG Player found in detection range
DEBUG Player found in detection range
DEBUG Player found in detection range
DEBUG Player found in detection range
DEBUG Player found in detection range
DEBUG Player found in detection range
DEBUG Player found in detection range
DEBUG Player found in detection range
DEBUG Player found in detection range
DEBUG Player found in detection range
DEBUG Player found in detection range
DEBUG Player found in detection range
DEBUG Player found in detection range
DEBUG Player found in detection range
DEBUG Player found in detection range
DEBUG Player found in detection range
DEBUG Player found in detection range
DEBUG Player found in detection range
DEBUG Player found in detection range
DEBUG Player found in detection range
DEBUG Player found in detection range
DEBUG Player found in detection range
DEBUG Player found in detection range
DEBUG Player found in detection range
DEBUG Player found in detection range
DEBUG Player found in detection range
DEBUG Player found in detection range
DEBUG Player found in detection range
DEBUG Player found in detection range
DEBUG Player found in detection range
DEBUG Player found in detection range
DEBUG Player found in detection range
DEBUG Player found in detection range
DEBUG Player found in detection range
DEBUG Player found in detection range
DEBUG Player found in detection range
DEBUG Player found in detection range
DEBUG Player found in detection range
DEBUG Player found in detection range
DEBUG Player found in detection range
DEBUG Player found in detection range
DEBUG Player found in detection range
DEBUG Player found in detection range
DEBUG Player found in detection range
DEBUG Player found in detection range
DEBUG Player found in detection range
DEBUG Player found in detection range
DEBUG Player found in detection range
DEBUG Player found in detection range
DEBUG Player found in detection range
DEBUG Player found in detection range
DEBUG Player found in detection range
DEBUG Player found in detection range
DEBUG Player found in detection range
DEBUG Player found in detection range
DEBUG Player found in detection range
DEBUG Player found in detection range
DEBUG Player found in detection range
DEBUG Player found in detection range
DEBUG Player found in detection range
DEBUG Player found in detection range
DEBUG Player found in detection range
DEBUG Player found in detection range
DEBUG Player found in detection range
DEBUG Player found in detection range
DEBUG Player found in detection range
DEBUG Player found in detection range
DEBUG Player found in detection range
DEBUG Player found in detection range
DEBUG Player found in detection range
DEBUG Player found in detection range
DEBUG Player found in detection range
DEBUG Player found in detection range
DEBUG Player found in detection range
DEBUG Player found in detection range
DEBUG Player found in detection range
DEBUG Player found in detection range
DEBUG Player found in detection range
DEBUG Player found in detection range
DEBUG Player found in detection range
DEBUG Player found in detection range
DEBUG Player found in detection range
DEBUG Player found in detection range
DEBUG Player found in detection range
DEBUG Player found in detection range
DEBUG Player found in detection range
DEBUG Player found in detection range
DEBUG Player found in detection range
DEBUG Player found in detection range
DEBUG Player found in detection range
DEBUG Player found in detection range
DEBUG Player found in detection range
DEBUG Player found in detection range
DEBUG Player found in detection range
DEBUG Player found in detection range
DEBUG Player found in detection range
DEBUG Player found in detection range
DEBUG Player found in detection range
DEBUG Player found in detection range
DEBUG Player found in detection range
DEBUG Player found in detection range
DEBUG Player found in detection range
DEBUG Player found in detection range
DEBUG Player found in detection range
DEBUG Player found in detection range
DEBUG Player found in detection range
DEBUG Player found in detection range
DEBUG Player found in detection range
DEBUG Player found in detection range
DEBUG Player found in detection range
DEBUG Player found in detection range
DEBUG Player found in detection range
DEBUG Player found in detection range
DEBUG Player found in detection range
DEBUG Player found in detection range
DEBUG Player found in detection range
DEBUG Player found in detection range
DEBUG Player found in detection range
DEBUG Player found in detection range
DEBUG Player found in detection range
DEBUG Player found in detection range
DEBUG Player found in detection range
DEBUG Player found in detection range
DEBUG Player found in detection range
DEBUG Player found in detection range
DEBUG Player found in detection range
DEBUG Player found in detection range
DEBUG Player found in detection range
DEBUG Player found in detection range
DEBUG Player found in detection range
DEBUG Player found in detection range
DEBUG Player found in detection range
DEBUG Player found in detection range
DEBUG Player found in detection range
DEBUG Player found in detection range
DEBUG Player found in detection range
DEBUG Player found in detection range
DEBUG Player found in detection range
DEBUG Player found in detection range
DEBUG Player found in detection range
DEBUG Player found in detection range
DEBUG Player found in detection range
DEBUG Player found in detection range
DEBUG Player found in detection range
DEBUG Player found in detection range
DEBUG Player found in detection range
DEBUG Player found in detection range
DEBUG Player found in detection range
DEBUG Player found in detection range
DEBUG Player found in detection range
DEBUG Player found in detection range
DEBUG Player found in detection range
DEBUG Player found in detection range
DEBUG Player found in detection range
DEBUG Player found in detection range
DEBUG Player found in detection range
DEBUG Player found in detection range
DEBUG Player found in detection range
DEBUG Player found in detection range
DEBUG Player found in detection range
DEBUG Player found in detection range
DEBUG Player found in detection range
DEBUG Player found in detection range
DEBUG Player found in detection range
DEBUG Player found in detection range
DEBUG Player found in detection range
DEBUG Player found in detection range
DEBUG Player found in detection range
DEBUG Player found in detection range
DEBUG Player found in detection range
DEBUG Player found in detection range
DEBUG Player found in detection range
DEBUG Player found in detection range
DEBUG Player found in detection range
DEBUG Player found in detection range
DEBUG Player found in detection range
DEBUG Player found in detection range
DEBUG Player found in detection range
DEBUG Player found in detection range
DEBUG Player found in detection range
DEBUG Player found in detection range
DEBUG Player found in detection range
DEBUG Player found in detection range
DEBUG Player found in detection range
DEBUG Player found in detection range
DEBUG Player found in detection range
DEBUG Player found in detection range
DEBUG Player found in detection range
DEBUG Player found in detection range
DEBUG Player found in detection range
DEBUG Player found in detection range
DEBUG Player found in detection range
DEBUG Player found in detection range
DEBUG Player found in detection range
DEBUG Player found in detection range
DEBUG Player found in detection range
DEBUG Player found in detection range
DEBUG Player found in detection range
DEBUG Player found in detection range
DEBUG Player found in detection range
DEBUG Player found in detection range
DEBUG Player found in detection range
DEBUG Player found in detection range
DEBUG Player found in detection range
DEBUG Player found in detection range
DEBUG Player found in detection range
DEBUG Player found in detection range
DEBUG Player found in detection range
DEBUG Player found in detection range
DEBUG Player found in detection range
DEBUG Player found in detection range
DEBUG Player found in detection range
DEBUG Player found in detection range
DEBUG Player found in detection range
DEBUG Player found in detection range
DEBUG Player found in detection range
DEBUG Player found in detection range
DEBUG Player found in detection range
DEBUG Player found in detection range
DEBUG Player found in detection range
DEBUG Player found in detection range
DEBUG Player found in detection range
DEBUG Player found in detection range
DEBUG Player found in detection range
DEBUG Player found in detection range
DEBUG Player found in detection range
DEBUG Player found in detection range
DEBUG Player found in detection range
DEBUG Player found in detection range
DEBUG Player found in detection range
DEBUG Player found in detection range
DEBUG Player found in detection range
DEBUG Player found in detection range
DEBUG Player found in detection range
DEBUG Player found in detection range
DEBUG Player found in detection range
DEBUG Player found in detection range
DEBUG Player found in detection range
DEBUG Player found in detection range
DEBUG Player found in detection range
DEBUG Player found in detection range
DEBUG Player found in detection range
DEBUG Player found in detection range
DEBUG Player found in detection range
DEBUG Player found in detection range
DEBUG Player found in detection range
DEBUG Player found in detection range
DEBUG Player found in detection range
DEBUG Player found in detection range
DEBUG Player found in detection range
DEBUG Player found in detection range
DEBUG Player found in detection range
DEBUG Player found in detection range
DEBUG Player found in detection range
DEBUG Player found in detection range
DEBUG Player found in detection range
DEBUG Player found in detection range
DEBUG Player found in detection range
DEBUG Player found in detection range
DEBUG Player found in detection range
DEBUG Player found in detection range
DEBUG Player found in detection range
DEBUG Player found in detection range
DEBUG Player found in detection range
DEBUG Player found in detection range
DEBUG Player found in detection range
DEBUG Player found in detection range
DEBUG Player found in detection range
DEBUG Player found in detection range
DEBUG Player found in detection range
DEBUG Player found in detection range
DEBUG Player found in detection range
DEBUG Player found in detection range
DEBUG Player found in detection range
DEBUG Player found in detection range
DEBUG Player found in detection range
DEBUG Player found in detection range
DEBUG Player found in detection range
DEBUG Player found in detection range
DEBUG Player found in detection range
DEBUG Player found in detection range
DEBUG Player found in detection range
DEBUG Player found in detection range
DEBUG Player found in detection range
DEBUG Player found in detection range
DEBUG Player found in detection range
DEBUG Player found in detection range
DEBUG Player found in detection range
DEBUG Player found in detection range
DEBUG Player found in detection range
DEBUG Player found in detection range
DEBUG Player found in detection range
DEBUG Player found in detection range
DEBUG Player found in detection range
DEBUG Player found in detection range
DEBUG Player found in detection range
DEBUG Player found in detection range
DEBUG Player found in detection range
DEBUG Player found in detection range
DEBUG Player found in detection range
DEBUG Player found in detection range
DEBUG Player found in detection range
DEBUG Player found in detection range
DEBUG Player found in detection range
DEBUG Player found in detection range
DEBUG Player found in detection range
DEBUG Player found in detection range
DEBUG Player found in detection range
DEBUG Player found in detection range
DEBUG Player found in detection range
DEBUG Player found in detection range
DEBUG Player found in detection range
DEBUG Player found in detection range
DEBUG Player found in detection range
DEBUG Player found in detection range
DEBUG Player found in detection range
DEBUG Player found in detection range
DEBUG Player found in detection range
DEBUG Player found in detection range
DEBUG Player found in detection range
DEBUG Player found in detection range
DEBUG Player found in detection range
DEBUG Player found in detection range
DEBUG Player found in detection range
DEBUG Player found in detection range
DEBUG Player found in detection range
DEBUG Player found in detection range
DEBUG Player found in detection range
DEBUG Player found in detection range
DEBUG Player found in detection range
DEBUG Player found in detection range
DEBUG Player found in detection range
DEBUG Player found in detection range
DEBUG Player found in detection range
DEBUG Player found in detection range
DEBUG Player found in detection range
DEBUG Player found in detection range
DEBUG Player found in detection range
DEBUG Player found in detection range
DEBUG Player found in detection range
DEBUG Player found in detection range
DEBUG Player found in detection range
DEBUG Player found in detection range
DEBUG Player found in detection range
DEBUG Player found in detection range
DEBUG Player found in detection range
DEBUG Player found in detection range
DEBUG Player found in detection range
DEBUG Player found in detection range
DEBUG Player found in detection range
DEBUG Player found in detection range
DEBUG Player found in detection range
DEBUG Player found in detection range
DEBUG Player found in detection range
DEBUG Player found in detection range
DEBUG Player found in detection range
DEBUG Player found in detection range
DEBUG Player found in detection range
DEBUG Player found in detection range
DEBUG Player found in detection range
DEBUG Player found in detection range
DEBUG Player found in detection range
DEBUG Player found in detection range
DEBUG Player found in detection range
DEBUG Player found in detection range
DEBUG Player found in detection range
DEBUG Player found in detection range
DEBUG Player found in detection range
DEBUG Player found in detection range
DEBUG Player found in detection range
DEBUG Player found in detection range
DEBUG Player found in detection range
DEBUG Player found in detection range
DEBUG Player found in detection range
DEBUG Player found in detection range
DEBUG Player found in detection range
DEBUG Player found in detection range
DEBUG Player found in detection range
DEBUG Player found in detection range
DEBUG Player found in detection range
DEBUG Player found in detection range
DEBUG Player found in detection range
DEBUG Player found in detection range
DEBUG Player found in detection range
DEBUG Player found in detection range
DEBUG Player found in detection range
DEBUG Player found in detection range
DEBUG Player found in detection range
DEBUG Player found in detection range
DEBUG Player found in detection range
DEBUG Player found in detection range
DEBUG Player found in detection range
DEBUG Player found in detection range
DEBUG Player found in detection range
DEBUG Player found in detection range
DEBUG Player found in detection range
DEBUG Player found in detection range
DEBUG Player found in detection range
DEBUG Player found in detection range
DEBUG Player found in detection range
DEBUG Player found in detection range
DEBUG Player found in detection range
DEBUG Player found in detection range
DEBUG Player found in detection range
DEBUG Player found in detection range
DEBUG Player found in detection range
DEBUG Player found in detection range
DEBUG Player found in detection range
DEBUG Player found in detection range
DEBUG Player found in detection range
DEBUG Player found in detection range
DEBUG Player found in detection range
DEBUG Player found in detection range
DEBUG Player found in detection range
DEBUG Player found in detection range
DEBUG Player found in detection range
DEBUG Player found in detection range
DEBUG Player found in detection range
DEBUG Player found in detection range
DEBUG Player found in detection range
DEBUG Player found in detection range
DEBUG Player found in detection range
DEBUG Player found in detection range
DEBUG Player found in detection range
DEBUG Player found in detection range
DEBUG Player found in detection range
DEBUG Player found in detection range
DEBUG Player found in detection range
DEBUG Player found in detection range
DEBUG Player found in detection range
DEBUG Player found in detection range
DEBUG Player found in detection range
DEBUG Player found in detection range
DEBUG Player found in detection range
DEBUG Player found in detection range
DEBUG Player found in detection range
DEBUG Player found in detection range
DEBUG Player found in detection range
DEBUG Player found in detection range
DEBUG Player found in detection range
DEBUG Player found in detection range
DEBUG Player found in detection range
DEBUG Player found in detection range
DEBUG Player found in detection range
DEBUG Player found in detection range
DEBUG Player found in detection range
DEBUG Player found in detection range
DEBUG Player found in detection range
DEBUG Player found in detection range
DEBUG Player found in detection range
DEBUG Player found in detection range
DEBUG Player found in detection range
DEBUG Player found in detection range
DEBUG Player found in detection range
DEBUG Player found in detection range
DEBUG Player found in detection range
DEBUG Player found in detection range
DEBUG Player found in detection range
DEBUG Player found in detection range
DEBUG Player found in detection range
DEBUG Player found in detection range
DEBUG Player found in detection range
DEBUG Player found in detection range
DEBUG Player found in detection range
DEBUG Player found in detection range
DEBUG Player found in detection range
DEBUG Player found in detection range
DEBUG Player found in detection range
DEBUG Player found in detection range
DEBUG Player found in detection range
DEBUG Player found in detection range
DEBUG Player found in detection range
DEBUG Player found in detection range
DEBUG Player found in detection range
DEBUG Player found in detection range
DEBUG Player found in detection range
DEBUG Player found in detection range
DEBUG Player found in detection range
DEBUG Player found in detection range
DEBUG Player found in detection range
DEBUG Player found in detection range
DEBUG Player found in detection range
DEBUG Player found in detection range
DEBUG Player found in detection range
DEBUG Player found in detection range
DEBUG Player found in detection range
DEBUG Player found in detection range
DEBUG Player found in detection range
DEBUG Player found in detection range
DEBUG Player found in detection range
DEBUG Player found in detection range
DEBUG Player found in detection range
DEBUG Player found in detection range
DEBUG Player found in detection range
DEBUG Player found in detection range
DEBUG Player found in detection range
DEBUG Player found in detection range
DEBUG Player found in detection range
DEBUG Player found in detection range
DEBUG Player found in detection range
DEBUG Player found in detection range
DEBUG Player found in detection range
DEBUG Player found in detection range
DEBUG Player found in detection range
DEBUG Player found in detection range
DEBUG Player found in detection range
DEBUG Player found in detection range
DEBUG Player found in detection range
DEBUG Player found in detection range
DEBUG Player found in detection range
DEBUG Player found in detection range
DEBUG Player found in detection range
DEBUG Player found in detection range
DEBUG Player found in detection range
DEBUG Player found in detection range
DEBUG Player found in detection range
DEBUG Player found in detection range
DEBUG Player found in detection range
DEBUG Player found in detection range
DEBUG Player found in detection range
DEBUG Player found in detection range
DEBUG Player found in detection range
DEBUG Player found in detection range
DEBUG Player found in detection range
DEBUG Player found in detection range
DEBUG Player found in detection range
DEBUG Player found in detection range
DEBUG Player found in detection range
DEBUG Player found in detection range
DEBUG Player found in detection range
DEBUG Player found in detection range
DEBUG Player found in detection range
DEBUG Player found in detection range
DEBUG Player found in detection range
DEBUG Player found in detection range
DEBUG Player found in detection range
DEBUG Player found in detection range
DEBUG Player found in detection range
DEBUG Player found in detection range
DEBUG Player found in detection range
DEBUG Player found in detection range
DEBUG Player found in detection range
DEBUG Player found in detection range
DEBUG Player found in detection range
DEBUG Player found in detection range
DEBUG Player found in detection range
DEBUG Player found in detection range
DEBUG Player found in detection range
DEBUG Player found in detection range
DEBUG Player found in detection range
DEBUG Player found in detection range
DEBUG Player found in detection range
DEBUG Player found in detection range
DEBUG Player found in detection range
DEBUG Player found in detection range
DEBUG Player found in detection range
DEBUG Player found in detection range
DEBUG Player found in detection range
DEBUG Player found in detection range
DEBUG Player found in detection range
DEBUG Player found in detection range
DEBUG Player found in detection range
DEBUG Player found in detection range
DEBUG Player found in detection range
DEBUG Player found in detection range
DEBUG Player found in detection range
DEBUG Player found in detection range
DEBUG Player found in detection range
DEBUG Player found in detection range
DEBUG Player found in detection range
DEBUG Player found in detection range
DEBUG Player found in detection range
DEBUG Player found in detection range
DEBUG Player found in detection range
DEBUG Player found in detection range
DEBUG Player found in detection range
DEBUG Player found in detection range
DEBUG Player found in detection range
DEBUG Player found in detection range
DEBUG Player found in detection range
DEBUG Player found in detection range
DEBUG Player found in detection range
DEBUG Player found in detection range
DEBUG Player found in detection range
DEBUG Player found in detection range
DEBUG Player found in detection range
DEBUG Player found in detection range
DEBUG Player found in detection range
DEBUG Player found in detection range
DEBUG Player found in detection range
DEBUG Player found in detection range
DEBUG Player found in detection range
DEBUG Player found in detection range
DEBUG Player found in detection range
DEBUG Player found in detection range
DEBUG Player found in detection range
DEBUG Player found in detection range
DEBUG Player found in detection range
DEBUG Player found in detection range
DEBUG Player found in detection range
DEBUG Player found in detection range
DEBUG Player found in detection range
DEBUG Player found in detection range
DEBUG Player found in detection range
DEBUG Player found in detection range
DEBUG Player found in detection range
DEBUG Player found in detection range
DEBUG Player found in detection range
DEBUG Player found in detection range
DEBUG Player found in detection range
DEBUG Player found in detection range
DEBUG Player found in detection range
DEBUG Player found in detection range
DEBUG Player found in detection range
DEBUG Player found in detection range
DEBUG Player found in detection range
DEBUG Player found in detection range
DEBUG Player found in detection range
DEBUG Player found in detection range
DEBUG Player found in detection range
DEBUG Player found in detection range
DEBUG Player found in detection range
DEBUG Player found in detection range
DEBUG Player found in detection range
DEBUG Player found in detection range
DEBUG Player found in detection range
DEBUG Player found in detection range
DEBUG Player found in detection range
DEBUG Player found in detection range
DEBUG Player found in detection range
DEBUG Player found in detection range
DEBUG Player found in detection range
DEBUG Player found in detection range
DEBUG Player found in detection range
DEBUG Player found in detection range
DEBUG Player found in detection range
DEBUG Player found in detection range
DEBUG Player found in detection range
DEBUG Player found in detection range
DEBUG Player found in detection range
DEBUG Player found in detection range
DEBUG Player found in detection range
DEBUG Player found in detection range
DEBUG Player found in detection range
DEBUG Player found in detection range
DEBUG Player found in detection range
DEBUG Player found in detection range
DEBUG Player found in detection range
DEBUG Player found in detection range
DEBUG Player found in detection range
DEBUG Player found in detection range
DEBUG Player found in detection range
DEBUG Player found in detection range
DEBUG Player found in detection range
DEBUG Player found in detection range
DEBUG Player found in detection range
DEBUG Player found in detection range
DEBUG Player found in detection range
DEBUG Player found in detection range
DEBUG Player found in detection range
DEBUG Player found in detection range
DEBUG Player found in detection range
DEBUG Player found in detection range
DEBUG Player found in detection range
DEBUG Player found in detection range
DEBUG Player found in detection range
DEBUG Player found in detection range
DEBUG Player found in detection range
DEBUG Player found in detection range
DEBUG Player found in detection range
DEBUG Player found in detection range
DEBUG Player found in detection range
DEBUG Player found in detection range
DEBUG Player found in detection range
DEBUG Player found in detection range
DEBUG Player found in detection range
DEBUG Player found in detection range
DEBUG Player found in detection range
DEBUG Player found in detection range
DEBUG Player found in detection range
DEBUG Player found in detection range
DEBUG Player found in detection range
DEBUG Player found in detection range
DEBUG Player found in detection range
DEBUG Player found in detection range
DEBUG Player found in detection range
DEBUG Player found in detection range
DEBUG Player found in detection range
DEBUG Player found in detection range
DEBUG Player found in detection range
DEBUG Player found in detection range
DEBUG Player found in detection range
DEBUG Player found in detection range
DEBUG Player found in detection range
DEBUG Player found in detection range
DEBUG Player found in detection range
DEBUG Player found in detection range
DEBUG Player found in detection range
DEBUG Player found in detection range
DEBUG Player found in detection range
DEBUG Player found in detection range
DEBUG Player found in detection range
DEBUG Player found in detection range
DEBUG Player found in detection range
DEBUG Player found in detection range
DEBUG Player found in detection range
DEBUG Player found in detection range
DEBUG Player found in detection range
DEBUG Player found in detection range
DEBUG Player found in detection range
DEBUG Player found in detection range
DEBUG Player found in detection range
DEBUG Player found in detection range
DEBUG Player found in detection range
DEBUG Player found in detection range
DEBUG Player found in detection range
DEBUG Player found in detection range
DEBUG Player found in detection range
DEBUG Player found in detection range
DEBUG Player found in detection range
DEBUG Player found in detection range
DEBUG Player found in detection range
DEBUG Player found in detection range
DEBUG Player found in detection range
DEBUG Player found in detection range
DEBUG Player found in detection range
DEBUG Player found in detection range
DEBUG Player found in detection range
DEBUG Player found in detection range
DEBUG Player found in detection range
DEBUG Player found in detection range
DEBUG Player found in detection range
DEBUG Player found in detection range
DEBUG Player found in detection range
DEBUG Player found in detection range
DEBUG Player found in detection range
DEBUG Player found in detection range
DEBUG Player found in detection range
DEBUG Player found in detection range
DEBUG Player found in detection range
DEBUG Player found in detection range
DEBUG Player found in detection range
DEBUG Player found in detection range
DEBUG Player found in detection range
DEBUG Player found in detection range
DEBUG Player found in detection range
DEBUG Player found in detection range
DEBUG Player found in detection range
DEBUG Player found in detection range
DEBUG Player found in detection range
DEBUG Player found in detection range
DEBUG Player found in detection range
DEBUG Player found in detection range
DEBUG Player found in detection range
DEBUG Player found in detection range
DEBUG Player found in detection range
DEBUG Player found in detection range
DEBUG Player found in detection range
DEBUG Player found in detection range
DEBUG Player found in detection range
DEBUG Player found in detection range
DEBUG Player found in detection range
DEBUG Player found in detection range
DEBUG Player found in detection range
DEBUG Player found in detection range
DEBUG Player found in detection range
DEBUG Player found in detection range
DEBUG Player found in detection range
DEBUG Player found in detection range
DEBUG Player found in detection range
DEBUG Player found in detection range
DEBUG Player found in detection range
DEBUG Player found in detection range
DEBUG Player found in detection range
DEBUG Player found in detection range
DEBUG Player found in detection range
DEBUG Player found in detection range
DEBUG Player found in detection range
DEBUG Player found in detection range
DEBUG Player found in detection range
DEBUG Player found in detection range
DEBUG Player found in detection range
DEBUG Player found in detection range
DEBUG Player found in detection range
DEBUG Player found in detection range
DEBUG Player found in detection range
DEBUG Player found in detection range
DEBUG Player found in detection range
DEBUG Player found in detection range
DEBUG Player found in detection range
DEBUG Player found in detection range
DEBUG Player found in detection range
DEBUG Player found in detection range
DEBUG Player found in detection range
DEBUG Player found in detection range
DEBUG Player found in detection range
DEBUG Player found in detection range
DEBUG Player found in detection range
DEBUG Player found in detection range
DEBUG Player found in detection range
DEBUG Player found in detection range
DEBUG Player found in detection range
DEBUG Player found in detection range
DEBUG Player found in detection range
DEBUG Player found in detection range
DEBUG Player found in detection range
DEBUG Player found in detection range
DEBUG Player found in detection range
DEBUG Player found in detection range
DEBUG Player found in detection range
DEBUG Player found in detection range
DEBUG Player found in detection range
DEBUG Player found in detection range
DEBUG Player found in detection range
DEBUG Player found in detection range
DEBUG Player found in detection range
DEBUG Player found in detection range
DEBUG Player found in detection range
DEBUG Player found in detection range
DEBUG Player found in detection range
DEBUG Player found in detection range
DEBUG Player found in detection range
DEBUG Player found in detection range
DEBUG Player found in detection range
DEBUG Player found in detection range
DEBUG Player found in detection range
DEBUG Player found in detection range
DEBUG Player found in detection range
DEBUG Player found in detection range
DEBUG Player found in detection range
DEBUG Player found in detection range
DEBUG Player found in detection range
DEBUG Player found in detection range
DEBUG Player found in detection range
DEBUG Player found in detection range
DEBUG Player found in detection range
DEBUG Player found in detection range
DEBUG Player found in detection range
DEBUG Player found in detection range
DEBUG Player found in detection range
DEBUG Player found in detection range
DEBUG Player found in detection range
DEBUG Player found in detection range
DEBUG Player found in detection range
DEBUG Player found in detection range
DEBUG Player found in detection range
DEBUG Player found in detection range
DEBUG Player found in detection range
DEBUG Player found in detection range
DEBUG Player found in detection range
DEBUG Player found in detection range
DEBUG Player found in detection range
DEBUG Player found in detection range
DEBUG Player found in detection range
DEBUG Player found in detection range
DEBUG Player found in detection range
DEBUG Player found in detection range
DEBUG Player found in detection range
DEBUG Player found in detection range
DEBUG Player found in detection range
DEBUG Player found in detection range
DEBUG Player found in detection range
DEBUG Player found in detection range
DEBUG Player found in detection range
DEBUG Player found in detection range
DEBUG Player found in detection range
DEBUG Player found in detection range
DEBUG Player found in detection range
DEBUG Player found in detection range
DEBUG Player found in detection range
DEBUG Player found in detection range
DEBUG Player found in detection range
DEBUG Player found in detection range
DEBUG Player found in detection range
DEBUG Player found in detection range
DEBUG Player found in detection range
DEBUG Player found in detection range
DEBUG Player found in detection range
DEBUG Player found in detection range
DEBUG Player found in detection range
DEBUG Player found in detection range
DEBUG Player found in detection range
DEBUG Player found in detection range
DEBUG Player found in detection range
DEBUG Player found in detection range
DEBUG Player found in detection range
DEBUG Player found in detection range
DEBUG Player found in detection range
DEBUG Player found in detection range
DEBUG Player found in detection range
DEBUG Player found in detection range
DEBUG Player found in detection range
DEBUG Player found in detection range
DEBUG Player found in detection range
DEBUG Player found in detection range
DEBUG Player found in detection range
DEBUG Player found in detection range
DEBUG Player found in detection range
DEBUG Player found in detection range
DEBUG Player found in detection range
DEBUG Player found in detection range
DEBUG Player found in detection range
DEBUG Player found in detection range
DEBUG Player found in detection range
DEBUG Player found in detection range
DEBUG Player found in detection range
DEBUG Player found in detection range
DEBUG Player found in detection range
DEBUG Player found in detection range
DEBUG Player found in detection range
DEBUG Player found in detection range
DEBUG Player found in detection range
DEBUG Player found in detection range
DEBUG Player found in detection range
DEBUG Player found in detection range
DEBUG Player found in detection range
DEBUG Player found in detection range
DEBUG Player found in detection range
DEBUG Player found in detection range
DEBUG Player found in detection range
DEBUG Player found in detection range
DEBUG Player found in detection range
DEBUG Player found in detection range
DEBUG Player found in detection range
DEBUG Player found in detection range
DEBUG Player found in detection range
DEBUG Player found in detection range
DEBUG Player found in detection range
DEBUG Player found in detection range
DEBUG Player found in detection range
DEBUG Player found in detection range
DEBUG Player found in detection range
DEBUG Player found in detection range
DEBUG Player found in detection range
DEBUG Player found in detection range
DEBUG Player found in detection range
DEBUG Player found in detection range
DEBUG Player found in detection range
DEBUG Player found in detection range
DEBUG Player found in detection range
DEBUG Player found in detection range
DEBUG Player found in detection range
DEBUG Player found in detection range
DEBUG Player found in detection range
DEBUG Player found in detection range
DEBUG Player found in detection range
DEBUG Player found in detection range
DEBUG Player found in detection range
DEBUG Player found in detection range
DEBUG Player found in detection range
DEBUG Player found in detection range
DEBUG Player found in detection range
DEBUG Player found in detection range
DEBUG Player found in detection range
DEBUG Player found in detection range
DEBUG Player found in detection range
DEBUG Player found in detection range
DEBUG Player found in detection range
DEBUG Player found in detection range
DEBUG Player found in detection range
DEBUG Player found in detection range
DEBUG Player found in detection range
DEBUG Player found in detection range
DEBUG Player found in detection range
DEBUG Player found in detection range
DEBUG Player found in detection range
DEBUG Player found in detection range
DEBUG Player found in detection range
DEBUG Player found in detection range
DEBUG Player found in detection range
DEBUG Player found in detection range
DEBUG Player found in detection range
DEBUG Player found in detection range
DEBUG Player found in detection range
DEBUG Player found in detection range
DEBUG Player found in detection range
DEBUG Player found in detection range
DEBUG Player found in detection range
DEBUG Player found in detection range
DEBUG Player found in detection range
DEBUG Player found in detection range
DEBUG Player found in detection range
DEBUG Player found in detection range
DEBUG Player found in detection range
DEBUG Player found in detection range
DEBUG Player found in detection range
DEBUG Player found in detection range
DEBUG Player found in detection range
DEBUG Player found in detection range
DEBUG Player found in detection range
DEBUG Player found in detection range
DEBUG Player found in detection range
DEBUG Player found in detection range
DEBUG Player found in detection range
DEBUG Player found in detection range
DEBUG Player found in detection range
DEBUG Player found in detection range
DEBUG Player found in detection range
DEBUG Player found in detection range
DEBUG Player found in detection range
DEBUG Player found in detection range
DEBUG Player found in detection range
DEBUG Player found in detection range
DEBUG Player found in detection range
DEBUG Player found in detection range
DEBUG Player found in detection range
DEBUG Player found in detection range
DEBUG Player found in detection range
DEBUG Player found in detection range
DEBUG Player found in detection range
DEBUG Player found in detection range
DEBUG Player found in detection range
DEBUG Player found in detection range
DEBUG Player found in detection range
DEBUG Player found in detection range
DEBUG Player found in detection range
DEBUG Player found in detection range
DEBUG Player found in detection range
DEBUG Player found in detection range
DEBUG Player found in detection range
DEBUG Player found in detection range
DEBUG Player found in detection range
DEBUG Player found in detection range
DEBUG Player found in detection range
DEBUG Player found in detection range
DEBUG Player found in detection range
DEBUG Player found in detection range
DEBUG Player found in detection range
DEBUG Player found in detection range
DEBUG Player found in detection range
DEBUG Player found in detection range
DEBUG Player found in detection range
DEBUG Player found in detection range
DEBUG Player found in detection range
DEBUG Player found in detection range
DEBUG Player found in detection range
DEBUG Player found in detection range
DEBUG Player found in detection range
DEBUG Player found in detection range
DEBUG Player found in detection range
DEBUG Player found in detection range
DEBUG Player found in detection range
DEBUG Player found in detection range
DEBUG Player found in detection range
DEBUG Player found in detection range
DEBUG Player found in detection range
DEBUG Player found in detection range
DEBUG Player found in detection range
DEBUG Player found in detection range
DEBUG Player found in detection range
DEBUG Player found in detection range
DEBUG Player found in detection range
DEBUG Player found in detection range
DEBUG Player found in detection range
DEBUG Player found in detection range
DEBUG Player found in detection range
DEBUG Player found in detection range
DEBUG Player found in detection range
DEBUG Player found in detection range
DEBUG Player found in detection range
DEBUG Player found in detection range
DEBUG Player found in detection range
DEBUG Player found in detection range
DEBUG Player found in detection range
DEBUG Player found in detection range
DEBUG Player found in detection range
DEBUG Player found in detection range
DEBUG Player found in detection range
DEBUG Player found in detection range
DEBUG Player found in detection range
DEBUG Player found in detection range
DEBUG Player found in detection range
DEBUG Player found in detection range
DEBUG Player found in detection range
DEBUG Player found in detection range
DEBUG Player found in detection range
DEBUG Player found in detection range
DEBUG Player found in detection range
DEBUG Player found in detection range
DEBUG Player found in detection range
DEBUG Player found in detection range
DEBUG Player found in detection range
DEBUG Player found in detection range
DEBUG Player found in detection range
DEBUG Player found in detection range
DEBUG Player found in detection range
DEBUG Player found in detection range
DEBUG Player found in detection range
DEBUG Player found in detection range
DEBUG Player found in detection range
DEBUG Player found in detection range
DEBUG Player found in detection range
DEBUG Player found in detection range
DEBUG Player found in detection range
DEBUG Player found in detection range
DEBUG Player found in detection range
DEBUG Player found in detection range
DEBUG Player found in detection range
DEBUG Player found in detection range
DEBUG Player found in detection range
DEBUG Player found in detection range
DEBUG Player found in detection range
DEBUG Player found in detection range
DEBUG Player found in detection range
DEBUG Player found in detection range
DEBUG Player found in detection range
DEBUG Player found in detection range
DEBUG Player found in detection range
DEBUG Player found in detection range
DEBUG Player found in detection range
DEBUG Player found in detection range
DEBUG Player found in detection range
DEBUG Player found in detection range
DEBUG Player found in detection range
DEBUG Player found in detection range
DEBUG Player found in detection range
DEBUG Player found in detection range
DEBUG Player found in detection range
DEBUG Player found in detection range
DEBUG Player found in detection range
DEBUG Player found in detection range
DEBUG Player found in detection range
DEBUG Player found in detection range
DEBUG Player found in detection range
DEBUG Player found in detection range
DEBUG Player found in detection range
DEBUG Player found in detection range
DEBUG Player found in detection range
DEBUG Player found in detection range
DEBUG Player found in detection range
DEBUG Player found in detection range
DEBUG Player found in detection range
DEBUG Player found in detection range
DEBUG Player found in detection range
DEBUG Player found in detection range
DEBUG Player found in detection range
DEBUG Player found in detection range
DEBUG Player found in detection range
DEBUG Player found in detection range
DEBUG Player found in detection range
DEBUG Player found in detection range
DEBUG Player found in detection range
DEBUG Player found in detection range
DEBUG Player found in detection range
DEBUG Player found in detection range
DEBUG Player found in detection range
DEBUG Player found in detection range
DEBUG Player found in detection range
DEBUG Player found in detection range
DEBUG Player found in detection range
DEBUG Player found in detection range
DEBUG Player found in detection range
DEBUG Player found in detection range
DEBUG Player found in detection range
DEBUG Player found in detection range
DEBUG Player found in detection range
DEBUG Player found in detection range
DEBUG Player found in detection range
DEBUG Player found in detection range
DEBUG Player found in detection range
DEBUG Player found in detection range
DEBUG Player found in detection range
DEBUG Player found in detection range
DEBUG Player found in detection range
DEBUG Player found in detection range
DEBUG Player found in detection range
DEBUG Player found in detection range
DEBUG Player found in detection range
DEBUG Player found in detection range
DEBUG Player found in detection range
DEBUG Player found in detection range
DEBUG Player found in detection range
DEBUG Player found in detection range
DEBUG Player found in detection range
DEBUG Player found in detection range
DEBUG Player found in detection range
DEBUG Player found in detection range
DEBUG Player found in detection range
DEBUG Player found in detection range
DEBUG Player found in detection range
DEBUG Player found in detection range
DEBUG Player found in detection range
DEBUG Player found in detection range
DEBUG Player found in detection range
DEBUG Player found in detection range
DEBUG Player found in detection range
DEBUG Player found in detection range
DEBUG Player found in detection range
DEBUG Player found in detection range
DEBUG Player found in detection range
DEBUG Player found in detection range
DEBUG Player found in detection range
DEBUG Player found in detection range
DEBUG Player found in detection range
DEBUG Player found in detection range
DEBUG Player found in detection range
DEBUG Player found in detection range
DEBUG Player found in detection range
DEBUG Player found in detection range
DEBUG Player found in detection range
DEBUG Player found in detection range
DEBUG Player found in detection range
DEBUG Player found in detection range
DEBUG Player found in detection range
DEBUG Player found in detection range
DEBUG Player found in detection range
DEBUG Player found in detection range
DEBUG Player found in detection range
DEBUG Player found in detection range
DEBUG Player found in detection range
DEBUG Player found in detection range
DEBUG Player found in detection range
DEBUG Player found in detection range
DEBUG Player found in detection range
DEBUG Player found in detection range
DEBUG Player found in detection range
DEBUG Player found in detection range
DEBUG Player found in detection range
DEBUG Player found in detection range
DEBUG Player found in detection range
DEBUG Player found in detection range
DEBUG Player found in detection range
DEBUG Player found in detection range
DEBUG Player found in detection range
DEBUG Player found in detection range
DEBUG Player found in detection range
DEBUG Player found in detection range
DEBUG Player found in detection range
DEBUG Player found in detection range
DEBUG Player found in detection range
DEBUG Player found in detection range
DEBUG Player found in detection range
DEBUG Player found in detection range
DEBUG Player found in detection range
DEBUG Player found in detection range
DEBUG Player found in detection range
DEBUG Player found in detection range
DEBUG Player found in detection range
DEBUG Player found in detection range
DEBUG Player found in detection range
DEBUG Player found in detection range
DEBUG Player found in detection range
DEBUG Player found in detection range
DEBUG Player found in detection range
DEBUG Player found in detection range
DEBUG Player found in detection range
DEBUG Player found in detection range
DEBUG Player found in detection range
DEBUG Player found in detection range
DEBUG Player found in detection range
DEBUG Player found in detection range
DEBUG Player found in detection range
DEBUG Player found in detection range
DEBUG Player found in detection range
DEBUG Player found in detection range
DEBUG Player found in detection range
DEBUG Player found in detection range
DEBUG Player found in detection range
DEBUG Player found in detection range
DEBUG Player found in detection range
DEBUG Player found in detection range
DEBUG Player found in detection range
DEBUG Player found in detection range
DEBUG Player found in detection range
DEBUG Player found in detection range
DEBUG Player found in detection range
DEBUG Player found in detection range
DEBUG Player found in detection range
DEBUG Player found in detection range
DEBUG Player found in detection range
DEBUG Player found in detection range
DEBUG Player found in detection range
DEBUG Player found in detection range
DEBUG Player found in detection range
DEBUG Player found in detection range
DEBUG Player found in detection range
DEBUG Player found in detection range
DEBUG Player found in detection range
DEBUG Player found in detection range
DEBUG Player found in detection range
DEBUG Player found in detection range
DEBUG Player found in detection range
DEBUG Player found in detection range
DEBUG Player found in detection range
DEBUG Player found in detection range
DEBUG Player found in detection range
DEBUG Player found in detection range
DEBUG Player found in detection range
DEBUG Player found in detection range
DEBUG Player found in detection range
DEBUG Player found in detection range
DEBUG Player found in detection range
DEBUG Player found in detection range
DEBUG Player found in detection range
DEBUG Player found in detection range
DEBUG Player found in detection range
DEBUG Player found in detection range
DEBUG Player found in detection range
DEBUG Player found in detection range
DEBUG Player found in detection range
DEBUG Player found in detection range
DEBUG Player found in detection range
DEBUG Player found in detection range
DEBUG Player found in detection range
DEBUG Player found in detection range
DEBUG Player found in detection range
DEBUG Player found in detection range
DEBUG Player found in detection range
DEBUG Player found in detection range
DEBUG Player found in detection range
DEBUG Player found in detection range
DEBUG Player found in detection range
DEBUG Player found in detection range
DEBUG Player found in detection range
DEBUG Player found in detection range
DEBUG Player found in detection range
DEBUG Player found in detection range
DEBUG Player found in detection range
DEBUG Player found in detection range
DEBUG Player found in detection range
DEBUG Player found in detection range
DEBUG Player found in detection range
DEBUG Player found in detection range
DEBUG Player found in detection range
DEBUG Player found in detection range
DEBUG Player found in detection range
DEBUG Player found in detection range
DEBUG Player found in detection range
DEBUG Player found in detection range
DEBUG Player found in detection range
DEBUG Player found in detection range
DEBUG Player found in detection range
DEBUG Player found in detection range
DEBUG Player found in detection range
DEBUG Player found in detection range
DEBUG Player found in detection range
DEBUG Player found in detection range
DEBUG Player found in detection range
DEBUG Player found in detection range
DEBUG Player found in detection range
DEBUG Player found in detection range
DEBUG Player found in detection range
DEBUG Player found in detection range
DEBUG Player found in detection range
DEBUG Player found in detection range
DEBUG Player found in detection range
DEBUG Player found in detection range
DEBUG Player found in detection range
DEBUG Player found in detection range
DEBUG Player found in detection range
DEBUG Player found in detection range
DEBUG Player found in detection range
DEBUG Player found in detection range
DEBUG Player found in detection range
DEBUG Player found in detection range
DEBUG Player found in detection range
DEBUG Player found in detection range
DEBUG Player found in detection range
DEBUG Player found in detection range
DEBUG Player found in detection range
DEBUG Player found in detection range
DEBUG Player found in detection range
DEBUG Player found in detection range
DEBUG Player found in detection range
DEBUG Player found in detection range
DEBUG Player found in detection range
DEBUG Player found in detection range
DEBUG Player found in detection range
DEBUG Player found in detection range
DEBUG Player found in detection range
DEBUG Player found in detection range
DEBUG Player found in detection range
DEBUG Player found in detection range
DEBUG Player found in detection range
DEBUG Player found in detection range
DEBUG Player found in detection range
DEBUG Player found in detection range
DEBUG Player found in detection range
DEBUG Player found in detection range
DEBUG Player found in detection range
DEBUG Player found in detection range
DEBUG Player found in detection range
DEBUG Player found in detection range
DEBUG Player found in detection range
DEBUG Player found in detection range
DEBUG Player found in detection range
DEBUG Player found in detection range
DEBUG Player found in detection range
DEBUG Player found in detection range
DEBUG Player found in detection range
DEBUG Player found in detection range
DEBUG Player found in detection range
DEBUG Player found in detection range
DEBUG Player found in detection range
DEBUG Player found in detection range
DEBUG Player found in detection range
DEBUG Player found in detection range
DEBUG Player found in detection range
DEBUG Player found in detection range
DEBUG Player found in detection range
DEBUG Player found in detection range
DEBUG Player found in detection range
DEBUG Player found in detection range
DEBUG Player found in detection range
DEBUG Player found in detection range
DEBUG Player found in detection range
DEBUG Player found in detection range
DEBUG Player found in detection range
DEBUG Player found in detection range
DEBUG Player found in detection range
DEBUG Player found in detection range
DEBUG Player found in detection range
DEBUG Player found in detection range
DEBUG Player found in detection range
DEBUG Player found in detection range
DEBUG Player found in detection range
DEBUG Player found in detection range
DEBUG Player found in detection range
DEBUG Player found in detection range
DEBUG Player found in detection range
DEBUG Player found in detection range
DEBUG Player found in detection range
DEBUG Player found in detection range
DEBUG Player found in detection range
DEBUG Player found in detection range
DEBUG Player found in detection range
DEBUG Player found in detection range
DEBUG Player found in detection range
DEBUG Player found in detection range
DEBUG Player found in detection range
DEBUG Player found in detection range
DEBUG Player found in detection range
DEBUG Player found in detection range
DEBUG Player found in detection range
DEBUG Player found in detection range
DEBUG Player found in detection range
DEBUG Player found in detection range
DEBUG Player found in detection range
DEBUG Player found in detection range
DEBUG Player found in detection range
DEBUG Player found in detection range
DEBUG Player found in detection range
DEBUG Player found in detection range
DEBUG Player found in detection range
DEBUG Player found in detection range
DEBUG Player found in detection range
DEBUG Player found in detection range
DEBUG Player found in detection range
DEBUG Player found in detection range
DEBUG Player found in detection range
DEBUG Player found in detection range
DEBUG Player found in detection range
DEBUG Player found in detection range
DEBUG Player found in detection range
DEBUG Player found in detection range
DEBUG Player found in detection range
DEBUG Player found in detection range
DEBUG Player found in detection range
DEBUG Player found in detection range
DEBUG Player found in detection range
DEBUG Player found in detection range
DEBUG Player found in detection range
DEBUG Player found in detection range
DEBUG Player found in detection range
DEBUG Player found in detection range
DEBUG Player found in detection range
DEBUG Player found in detection range
DEBUG Player found in detection range
DEBUG Player found in detection range
DEBUG Player found in detection range
DEBUG Player found in detection range
DEBUG Player found in detection range
DEBUG Player found in detection range
DEBUG Player found in detection range
DEBUG Player found in detection range
DEBUG Player found in detection range
DEBUG Player found in detection range
DEBUG Player found in detection range
DEBUG Player found in detection range
DEBUG Player found in detection range
DEBUG Player found in detection range
DEBUG Player found in detection range
DEBUG Player found in detection range
DEBUG Player found in detection range
DEBUG Player found in detection range
DEBUG Player found in detection range
DEBUG Player found in detection range
DEBUG Player found in detection range
DEBUG Player found in detection range
DEBUG Player found in detection range
DEBUG Player found in detection range
DEBUG Player found in detection range
DEBUG Player found in detection range
DEBUG Player found in detection range
DEBUG Player found in detection range
DEBUG Player found in detection range
DEBUG Player found in detection range
DEBUG Player found in detection range
DEBUG Player found in detection range
DEBUG Player found in detection range
DEBUG Player found in detection range
DEBUG Player found in detection range
DEBUG Player found in detection range
DEBUG Player found in detection range
DEBUG Player found in detection range
DEBUG Player found in detection range
DEBUG Player found in detection range
DEBUG Player found in detection range
DEBUG Player found in detection range
DEBUG Player found in detection range
DEBUG Player found in detection range
DEBUG Player found in detection range
DEBUG Player found in detection range
DEBUG Player found in detection range
DEBUG Player found in detection range
DEBUG Player found in detection range
DEBUG Player found in detection range
DEBUG Player found in detection range
DEBUG Player found in detection range
DEBUG Player found in detection range
DEBUG Player found in detection range
DEBUG Player found in detection range
DEBUG Player found in detection range
DEBUG Player found in detection range
DEBUG Player found in detection range
DEBUG Player found in detection range
DEBUG Player found in detection range
DEBUG Player found in detection range
DEBUG Player found in detection range
DEBUG Player found in detection range
DEBUG Player found in detection range
DEBUG Player found in detection range
DEBUG Player found in detection range
DEBUG Player found in detection range
DEBUG Player found in detection range
DEBUG Player found in detection range
DEBUG Player found in detection range
DEBUG Player found in detection range
DEBUG Player found in detection range
DEBUG Player found in detection range
DEBUG Player found in detection range
DEBUG Player found in detection range
DEBUG Player found in detection range
DEBUG Player found in detection range
DEBUG Player found in detection range
DEBUG Player found in detection range
DEBUG Player found in detection range
DEBUG Player found in detection range
DEBUG Player found in detection range
DEBUG Player found in detection range
DEBUG Player found in detection range
DEBUG Player found in detection range
DEBUG Player found in detection range
DEBUG Player found in detection range
DEBUG Player found in detection range
DEBUG Player found in detection range
DEBUG Player found in detection range
DEBUG Player found in detection range
DEBUG Player found in detection range
DEBUG Player found in detection range
DEBUG Player found in detection range
DEBUG Player found in detection range
DEBUG Player found in detection range
DEBUG Player found in detection range
DEBUG Player found in detection range
DEBUG Player found in detection range
DEBUG Player found in detection range
DEBUG Player found in detection range
DEBUG Player found in detection range
DEBUG Player found in detection range
DEBUG Player found in detection range
DEBUG Player found in detection range
DEBUG Player found in detection range
DEBUG Player found in detection range
DEBUG Player found in detection range
DEBUG Player found in detection range
DEBUG Player found in detection range
DEBUG Player found in detection range
DEBUG Player found in detection range
DEBUG Player found in detection range
DEBUG Player found in detection range
DEBUG Player found in detection range
DEBUG Player found in detection range
DEBUG Player found in detection range
DEBUG Player found in detection range
DEBUG Player found in detection range
DEBUG Player found in detection range
DEBUG Player found in detection range
DEBUG Player found in detection range
DEBUG Player found in detection range
DEBUG Player found in detection range
DEBUG Player found in detection range
DEBUG Player found in detection range
DEBUG Player found in detection range
DEBUG Player found in detection range
DEBUG Player found in detection range
DEBUG Player found in detection range
DEBUG Player found in detection range
DEBUG Player found in detection range
DEBUG Player found in detection range
DEBUG Player found in detection range
DEBUG Player found in detection range
DEBUG Player found in detection range
DEBUG Player found in detection range
DEBUG Player found in detection range
DEBUG Player found in detection range
DEBUG Player found in detection range
DEBUG Player found in detection range
DEBUG Player found in detection range
DEBUG Player found in detection range
DEBUG Player found in detection range
DEBUG Player found in detection range
DEBUG Player found in detection range
DEBUG Player found in detection range
DEBUG Player found in detection range
DEBUG Player found in detection range
DEBUG Player found in detection range
DEBUG Player found in detection range
DEBUG Player found in detection range
DEBUG Player found in detection range
DEBUG Player found in detection range
DEBUG Player found in detection range
DEBUG Player found in detection range
DEBUG Player found in detection range
DEBUG Player found in detection range
DEBUG Player found in detection range
DEBUG Player found in detection range
DEBUG Player found in detection range
DEBUG Player found in detection range
DEBUG Player found in detection range
DEBUG Player found in detection range
DEBUG Player found in detection range
DEBUG Player found in detection range
DEBUG Player found in detection range
DEBUG Player found in detection range
DEBUG Player found in detection range
DEBUG Player found in detection range
DEBUG Player found in detection range
DEBUG Player found in detection range
DEBUG Player found in detection range
DEBUG Player found in detection range
DEBUG Player found in detection range
DEBUG Player found in detection range
DEBUG Player found in detection range
DEBUG Player found in detection range
DEBUG Player found in detection range
DEBUG Player found in detection range
DEBUG Player found in detection range
DEBUG Player found in detection range
DEBUG Player found in detection range
DEBUG Player found in detection range
DEBUG Player found in detection range
DEBUG Player found in detection range
DEBUG Player found in detection range
DEBUG Player found in detection range
DEBUG Player found in detection range
DEBUG Player found in detection range
DEBUG Player found in detection range
DEBUG Player found in detection range
DEBUG Player found in detection range
DEBUG Player found in detection range
DEBUG Player found in detection range
DEBUG Player found in detection range
DEBUG Player found in detection range
DEBUG Player found in detection range
DEBUG Player found in detection range
DEBUG Player found in detection range
DEBUG Player found in detection range
DEBUG Player found in detection range
DEBUG Player found in detection range
DEBUG Player found in detection range
DEBUG Player found in detection range
DEBUG Player found in detection range
DEBUG Player found in detection range
DEBUG Player found in detection range
DEBUG Player found in detection range
DEBUG Player found in detection range
DEBUG Player found in detection range
DEBUG Player found in detection range
DEBUG Player found in detection range
DEBUG Player found in detection range
DEBUG Player found in detection range
DEBUG Player found in detection range
DEBUG Player found in detection range
DEBUG Player found in detection range
DEBUG Player found in detection range
DEBUG Player found in detection range
DEBUG Player found in detection range
DEBUG Player found in detection range
DEBUG Player found in detection range
DEBUG Player found in detection range
DEBUG Player found in detection range
DEBUG Player found in detection range
DEBUG Player found in detection range
DEBUG Player found in detection range
DEBUG Player found in detection range
DEBUG Player found in detection range
DEBUG Player found in detection range
DEBUG Player found in detection range
DEBUG Player found in detection range
DEBUG Player found in detection range
DEBUG Player found in detection range
DEBUG Player found in detection range
INFO SoundManager found, attempting to play hit sound
INFO PlaySound called for: hit
INFO Sound found in map, attempting to play
INFO Play command sent to sound component
INFO Player took 10.000000 damage. Health: 520.000000
INFO Enemy attacked player for 10.000000 damage
DEBUG Player found in detection range
DEBUG Attack on cooldown: 0.998004
DEBUG Player found in detection range
DEBUG Attack on cooldown: 0.997071
DEBUG Player found in detection range
DEBUG Attack on cooldown: 0.996093
DEBUG Player found in detection range
DEBUG Attack on cooldown: 0.995143
DEBUG Player found in detection range
DEBUG Attack on cooldown: 0.994235
DEBUG Player found in detection range
DEBUG Attack on cooldown: 0.993248
DEBUG Player found in detection range
DEBUG Attack on cooldown: 0.992249
DEBUG Player found in detection range
DEBUG Attack on cooldown: 0.991259
DEBUG Player found in detection range
DEBUG Attack on cooldown: 0.990192
DEBUG Player found in detection range
DEBUG Attack on cooldown: 0.989215
DEBUG Player found in detection range
DEBUG Attack on cooldown: 0.988205
DEBUG Player found in detection range
DEBUG Attack on cooldown: 0.987288
DEBUG Player found in detection range
DEBUG Attack on cooldown: 0.986054
DEBUG Player found in detection range
DEBUG Attack on cooldown: 0.983862
DEBUG Player found in detection range
DEBUG Attack on cooldown: 0.982855
DEBUG Player found in detection range
DEBUG Attack on cooldown: 0.981907
DEBUG Player found in detection range
DEBUG Attack on cooldown: 0.980928
DEBUG Player found in detection range
DEBUG Attack on cooldown: 0.979828
DEBUG Player found in detection range
DEBUG Attack on cooldown: 0.978722
DEBUG Player found in detection range
DEBUG Attack on cooldown: 0.977660
DEBUG Player found in detection range
DEBUG Attack on cooldown: 0.976721
DEBUG Player found in detection range
DEBUG Attack on cooldown: 0.975708
DEBUG Player found in detection range
DEBUG Player found in detection range
DEBUG Player found in detection range
DEBUG Player found in detection range
DEBUG Player found in detection range
DEBUG Player found in detection range
DEBUG Player found in detection range
DEBUG Player found in detection range
DEBUG Player found in detection range
DEBUG Player found in detection range
DEBUG Player found in detection range
DEBUG Player found in detection range
DEBUG Player found in detection range
DEBUG Player found in detection range
DEBUG Player found in detection range
DEBUG Player found in detection range
DEBUG Player found in detection range
DEBUG Player found in detection range
DEBUG Player found in detection range
DEBUG Player found in detection range
DEBUG Player found in detection range
DEBUG Player found in detection range
DEBUG Player found in detection range
DEBUG Player found in detection range
DEBUG Player found in detection range
DEBUG Player found in detection range
DEBUG Player found in detection range
DEBUG Player found in detection range
DEBUG Player found in detection range
DEBUG Attack on cooldown: 0.952340
DEBUG Player found in detection range
DEBUG Attack on cooldown: 0.951221
DEBUG Player found in detection range
DEBUG Attack on cooldown: 0.950134
DEBUG Player found in detection range
DEBUG Attack on cooldown: 0.949111
DEBUG Player found in detection range
DEBUG Attack on cooldown: 0.948172
DEBUG Player found in detection range
DEBUG Attack on cooldown: 0.947224
DEBUG Player found in detection range
DEBUG Attack on cooldown: 0.946231
DEBUG Player found in detection range
DEBUG Attack on cooldown: 0.945165
DEBUG Player found in detection range
DEBUG Attack on cooldown: 0.944090
DEBUG Player found in detection range
DEBUG Attack on cooldown: 0.943097
DEBUG Player found in detection range
DEBUG Attack on cooldown: 0.942158
DEBUG Player found in detection range
DEBUG Attack on cooldown: 0.941222
DEBUG Player found in detection range
DEBUG Attack on cooldown: 0.940259
DEBUG Player found in detection range
DEBUG Attack on cooldown: 0.937890
DEBUG Player found in detection range
DEBUG Attack on cooldown: 0.936845
DEBUG Player found in detection range
DEBUG Attack on cooldown: 0.935502
DEBUG Player found in detection range
DEBUG Attack on cooldown: 0.934169
DEBUG Player found in detection range
DEBUG Attack on cooldown: 0.932925
DEBUG Player found in detection range
DEBUG Attack on cooldown: 0.931537
DEBUG Player found in detection range
DEBUG Attack on cooldown: 0.930060
DEBUG Player found in detection range
DEBUG Attack on cooldown: 0.928863
DEBUG Player found in detection range
DEBUG Attack on cooldown: 0.927750
DEBUG Player found in detection range
DEBUG Attack on cooldown: 0.926657
DEBUG Player found in detection range
DEBUG Attack on cooldown: 0.925647
DEBUG Player found in detection range
DEBUG Attack on cooldown: 0.923407
DEBUG Player found in detection range
DEBUG Attack on cooldown: 0.922410
DEBUG Player found in detection range
DEBUG Attack on cooldown: 0.921348
DEBUG Player found in detection range
DEBUG Attack on cooldown: 0.920216
DEBUG Player found in detection range
DEBUG Attack on cooldown: 0.919104
DEBUG Player found in detection range
DEBUG Attack on cooldown: 0.918088
DEBUG Player found in detection range
DEBUG Attack on cooldown: 0.917121
DEBUG Player found in detection range
DEBUG Attack on cooldown: 0.916159
DEBUG Player found in detection range
DEBUG Attack on cooldown: 0.915172
DEBUG Player found in detection range
DEBUG Attack on cooldown: 0.914202
DEBUG Player found in detection range
DEBUG Attack on cooldown: 0.913263
DEBUG Player found in detection range
DEBUG Attack on cooldown: 0.912266
DEBUG Player found in detection range
DEBUG Attack on cooldown: 0.911313
DEBUG Player found in detection range
DEBUG Attack on cooldown: 0.910321
DEBUG Player found in detection range
DEBUG Attack on cooldown: 0.907821
DEBUG Player found in detection range
DEBUG Attack on cooldown: 0.906724
DEBUG Player found in detection range
DEBUG Attack on cooldown: 0.905683
DEBUG Player found in detection range
DEBUG Attack on cooldown: 0.904622
DEBUG Player found in detection range
DEBUG Attack on cooldown: 0.903612
DEBUG Player found in detection range
DEBUG Attack on cooldown: 0.902670
DEBUG Player found in detection range
DEBUG Attack on cooldown: 0.901630
DEBUG Player found in detection range
DEBUG Attack on cooldown: 0.900734
DEBUG Player found in detection range
DEBUG Attack on cooldown: 0.899741
DEBUG Player found in detection range
DEBUG Attack on cooldown: 0.898772
DEBUG Player found in detection range
DEBUG Attack on cooldown: 0.897842
DEBUG Player found in detection range
DEBUG Attack on cooldown: 0.896847
DEBUG Player found in detection range
DEBUG Attack on cooldown: 0.895825
DEBUG Player found in detection range
DEBUG Attack on cooldown: 0.894722
DEBUG Player found in detection range
DEBUG Attack on cooldown: 0.892304
DEBUG Player found in detection range
DEBUG Attack on cooldown: 0.891157
DEBUG Player found in detection range
DEBUG Attack on cooldown: 0.890095
DEBUG Player found in detection range
DEBUG Attack on cooldown: 0.888866
DEBUG Player found in detection range
DEBUG Attack on cooldown: 0.887696
DEBUG Player found in detection range
DEBUG Attack on cooldown: 0.886688
DEBUG Player found in detection range
DEBUG Attack on cooldown: 0.885606
DEBUG Player found in detection range
DEBUG Attack on cooldown: 0.884480
DEBUG Player found in detection range
DEBUG Attack on cooldown: 0.883586
DEBUG Player found in detection range
DEBUG Attack on cooldown: 0.882647
DEBUG Player found in detection range
DEBUG Attack on cooldown: 0.881654
DEBUG Player found in detection range
DEBUG Attack on cooldown: 0.880642
DEBUG Player found in detection range
DEBUG Attack on cooldown: 0.879681
DEBUG Player found in detection range
DEBUG Attack on cooldown: 0.877425
DEBUG Player found in detection range
DEBUG Attack on cooldown: 0.876431
DEBUG Player found in detection range
DEBUG Attack on cooldown: 0.875509
DEBUG Player found in detection range
DEBUG Attack on cooldown: 0.874505
DEBUG Player found in detection range
DEBUG Attack on cooldown: 0.873436
DEBUG Player found in detection range
DEBUG Attack on cooldown: 0.872487
DEBUG Player found in detection range
DEBUG Attack on cooldown: 0.871502
DEBUG Player found in detection range
DEBUG Attack on cooldown: 0.870583
DEBUG Player found in detection range
DEBUG Attack on cooldown: 0.869598
DEBUG Player found in detection range
DEBUG Attack on cooldown: 0.868586
DEBUG Player found in detection range
DEBUG Attack on cooldown: 0.867639
DEBUG Player found in detection range
DEBUG Attack on cooldown: 0.866588
DEBUG Player found in detection range
DEBUG Attack on cooldown: 0.865654
DEBUG Player found in detection range
DEBUG Attack on cooldown: 0.864693
DEBUG Player found in detection range
DEBUG Attack on cooldown: 0.863648
DEBUG Player found in detection range
DEBUG Attack on cooldown: 0.861687
DEBUG Player found in detection range
DEBUG Attack on cooldown: 0.860691
DEBUG Player found in detection range
DEBUG Attack on cooldown: 0.859572
DEBUG Player found in detection range
DEBUG Attack on cooldown: 0.858558
DEBUG Player found in detection range
DEBUG Attack on cooldown: 0.857473
DEBUG Player found in detection range
DEBUG Attack on cooldown: 0.856489
DEBUG Player found in detection range
DEBUG Attack on cooldown: 0.855550
DEBUG Player found in detection range
DEBUG Attack on cooldown: 0.854550
DEBUG Player found in detection range
DEBUG Attack on cooldown: 0.853630
DEBUG Player found in detection range
DEBUG Attack on cooldown: 0.852620
DEBUG Player found in detection range
DEBUG Attack on cooldown: 0.851571
DEBUG Player found in detection range
DEBUG Attack on cooldown: 0.850436
DEBUG Player found in detection range
DEBUG Attack on cooldown: 0.849462
DEBUG Player found in detection range
DEBUG Attack on cooldown: 0.848302
DEBUG Player found in detection range
DEBUG Attack on cooldown: 0.845782
DEBUG Player found in detection range
DEBUG Attack on cooldown: 0.844960
DEBUG Player found in detection range
DEBUG Attack on cooldown: 0.843877
DEBUG Player found in detection range
DEBUG Attack on cooldown: 0.842908
DEBUG Player found in detection range
DEBUG Attack on cooldown: 0.841984
DEBUG Player found in detection range
DEBUG Attack on cooldown: 0.840918
DEBUG Player found in detection range
DEBUG Attack on cooldown: 0.839721
DEBUG Player found in detection range
DEBUG Attack on cooldown: 0.838661
DEBUG Player found in detection range
DEBUG Attack on cooldown: 0.837711
DEBUG Player found in detection range
DEBUG Attack on cooldown: 0.836688
DEBUG Player found in detection range
DEBUG Attack on cooldown: 0.835761
DEBUG Player found in detection range
DEBUG Attack on cooldown: 0.834753
DEBUG Player found in detection range
DEBUG Attack on cooldown: 0.833813
DEBUG Player found in detection range
DEBUG Attack on cooldown: 0.831454
DEBUG Player found in detection range
DEBUG Attack on cooldown: 0.830438
DEBUG Player found in detection range
DEBUG Attack on cooldown: 0.829414
DEBUG Player found in detection range
DEBUG Attack on cooldown: 0.828457
DEBUG Player found in detection range
DEBUG Attack on cooldown: 0.827531
DEBUG Player found in detection range
DEBUG Attack on cooldown: 0.826366
DEBUG Player found in detection range
DEBUG Attack on cooldown: 0.825235
DEBUG Player found in detection range
DEBUG Attack on cooldown: 0.824233
DEBUG Player found in detection range
DEBUG Attack on cooldown: 0.823368
DEBUG Player found in detection range
DEBUG Attack on cooldown: 0.822422
DEBUG Player found in detection range
DEBUG Attack on cooldown: 0.821517
DEBUG Player found in detection range
DEBUG Attack on cooldown: 0.820588
DEBUG Player found in detection range
DEBUG Attack on cooldown: 0.819487
DEBUG Player found in detection range
DEBUG Attack on cooldown: 0.818250
DEBUG Player found in detection range
DEBUG Attack on cooldown: 0.815648
DEBUG Player found in detection range
DEBUG Attack on cooldown: 0.814594
DEBUG Player found in detection range
DEBUG Attack on cooldown: 0.813598
DEBUG Player found in detection range
DEBUG Attack on cooldown: 0.812461
DEBUG Player found in detection range
DEBUG Attack on cooldown: 0.811516
DEBUG Player found in detection range
DEBUG Attack on cooldown: 0.810434
DEBUG Player found in detection range
DEBUG Attack on cooldown: 0.809323
DEBUG Player found in detection range
DEBUG Attack on cooldown: 0.808387
DEBUG Player found in detection range
DEBUG Attack on cooldown: 0.807452
DEBUG Player found in detection range
DEBUG Attack on cooldown: 0.806414
DEBUG Player found in detection range
DEBUG Attack on cooldown: 0.805259
DEBUG Player found in detection range
DEBUG Attack on cooldown: 0.804075
DEBUG Player found in detection range
DEBUG Attack on cooldown: 0.803098
DEBUG Player found in detection range
DEBUG Attack on cooldown: 0.800925
DEBUG Player found in detection range
DEBUG Attack on cooldown: 0.799936
DEBUG Player found in detection range
DEBUG Attack on cooldown: 0.798697
DEBUG Player found in detection range
DEBUG Attack on cooldown: 0.797600
DEBUG Player found in detection range
DEBUG Attack on cooldown: 0.796651
DEBUG Player found in detection range
DEBUG Attack on cooldown: 0.795663
DEBUG Player found in detection range
DEBUG Attack on cooldown: 0.794647
DEBUG Player found in detection range
DEBUG Attack on cooldown: 0.793452
DEBUG Player found in detection range
DEBUG Attack on cooldown: 0.792419
DEBUG Player found in detection range
DEBUG Attack on cooldown: 0.791417
DEBUG Player found in detection range
DEBUG Attack on cooldown: 0.790450
DEBUG Player found in detection range
DEBUG Attack on cooldown: 0.789483
DEBUG Player found in detection range
DEBUG Attack on cooldown: 0.788504
DEBUG Player found in detection range
DEBUG Attack on cooldown: 0.787521
DEBUG Player found in detection range
DEBUG Attack on cooldown: 0.786364
DEBUG Player found in detection range
DEBUG Attack on cooldown: 0.784601
DEBUG Player found in detection range
DEBUG Attack on cooldown: 0.783477
DEBUG Player found in detection range
DEBUG Attack on cooldown: 0.782549
DEBUG Player found in detection range
DEBUG Attack on cooldown: 0.781533
DEBUG Player found in detection range
DEBUG Attack on cooldown: 0.780326
DEBUG Player found in detection range
DEBUG Attack on cooldown: 0.779370
DEBUG Player found in detection range
DEBUG Attack on cooldown: 0.778400
DEBUG Player found in detection range
DEBUG Attack on cooldown: 0.777238
DEBUG Player found in detection range
DEBUG Attack on cooldown: 0.776176
DEBUG Player found in detection range
DEBUG Attack on cooldown: 0.775162
DEBUG Player found in detection range
DEBUG Attack on cooldown: 0.774132
DEBUG Player found in detection range
DEBUG Attack on cooldown: 0.773173
DEBUG Player found in detection range
DEBUG Attack on cooldown: 0.772237
DEBUG Player found in detection range
DEBUG Attack on cooldown: 0.771228
DEBUG Player found in detection range
DEBUG Attack on cooldown: 0.768831
DEBUG Player found in detection range
DEBUG Attack on cooldown: 0.767768
DEBUG Player found in detection range
DEBUG Attack on cooldown: 0.766811
DEBUG Player found in detection range
DEBUG Attack on cooldown: 0.765833
DEBUG Player found in detection range
DEBUG Attack on cooldown: 0.764886
DEBUG Player found in detection range
DEBUG Attack on cooldown: 0.763928
DEBUG Player found in detection range
DEBUG Attack on cooldown: 0.762883
DEBUG Player found in detection range
DEBUG Attack on cooldown: 0.761932
DEBUG Player found in detection range
DEBUG Attack on cooldown: 0.760999
DEBUG Player found in detection range
DEBUG Attack on cooldown: 0.760109
DEBUG Player found in detection range
DEBUG Attack on cooldown: 0.759066
DEBUG Player found in detection range
DEBUG Attack on cooldown: 0.758109
DEBUG Player found in detection range
DEBUG Attack on cooldown: 0.757133
DEBUG Player found in detection range
DEBUG Attack on cooldown: 0.756176
DEBUG Player found in detection range
DEBUG Attack on cooldown: 0.753859
DEBUG Player found in detection range
DEBUG Attack on cooldown: 0.752876
DEBUG Player found in detection range
DEBUG Attack on cooldown: 0.751916
DEBUG Player found in detection range
DEBUG Attack on cooldown: 0.750803
DEBUG Player found in detection range
DEBUG Attack on cooldown: 0.749757
DEBUG Player found in detection range
DEBUG Attack on cooldown: 0.748689
DEBUG Player found in detection range
DEBUG Attack on cooldown: 0.747725
DEBUG Player found in detection range
DEBUG Attack on cooldown: 0.746485
DEBUG Player found in detection range
DEBUG Attack on cooldown: 0.745445
DEBUG Player found in detection range
DEBUG Attack on cooldown: 0.744228
DEBUG Player found in detection range
DEBUG Attack on cooldown: 0.743309
DEBUG Player found in detection range
DEBUG Attack on cooldown: 0.742298
DEBUG Player found in detection range
DEBUG Attack on cooldown: 0.741285
DEBUG Player found in detection range
DEBUG Attack on cooldown: 0.738728
DEBUG Player found in detection range
DEBUG Attack on cooldown: 0.737732
DEBUG Player found in detection range
DEBUG Attack on cooldown: 0.736774
DEBUG Player found in detection range
DEBUG Attack on cooldown: 0.735757
DEBUG Player found in detection range
DEBUG Attack on cooldown: 0.734637
DEBUG Player found in detection range
DEBUG Attack on cooldown: 0.733663
DEBUG Player found in detection range
DEBUG Attack on cooldown: 0.732742
DEBUG Player found in detection range
DEBUG Attack on cooldown: 0.731776
DEBUG Player found in detection range
DEBUG Attack on cooldown: 0.730780
DEBUG Player found in detection range
DEBUG Attack on cooldown: 0.729275
DEBUG Player found in detection range
DEBUG Attack on cooldown: 0.728112
DEBUG Player found in detection range
DEBUG Attack on cooldown: 0.727031
DEBUG Player found in detection range
DEBUG Attack on cooldown: 0.726068
DEBUG Player found in detection range
DEBUG Attack on cooldown: 0.724916
DEBUG Player found in detection range
DEBUG Attack on cooldown: 0.722820
DEBUG Player found in detection range
DEBUG Attack on cooldown: 0.721828
DEBUG Player found in detection range
DEBUG Attack on cooldown: 0.720820
DEBUG Player found in detection range
DEBUG Attack on cooldown: 0.719807
DEBUG Player found in detection range
DEBUG Attack on cooldown: 0.718904
DEBUG Player found in detection range
DEBUG Attack on cooldown: 0.717911
DEBUG Player found in detection range
DEBUG Attack on cooldown: 0.716978
DEBUG Player found in detection range
DEBUG Attack on cooldown: 0.715996
DEBUG Player found in detection range
DEBUG Attack on cooldown: 0.714983
DEBUG Player found in detection range
DEBUG Attack on cooldown: 0.713991
DEBUG Player found in detection range
DEBUG Attack on cooldown: 0.712898
DEBUG Player found in detection range
DEBUG Attack on cooldown: 0.711801
DEBUG Player found in detection range
DEBUG Attack on cooldown: 0.710781
DEBUG Player found in detection range
DEBUG Attack on cooldown: 0.709804
DEBUG Player found in detection range
DEBUG Attack on cooldown: 0.707251
DEBUG Player found in detection range
DEBUG Attack on cooldown: 0.706088
DEBUG Player found in detection range
DEBUG Attack on cooldown: 0.704697
DEBUG Player found in detection range
DEBUG Attack on cooldown: 0.703316
DEBUG Player found in detection range
DEBUG Attack on cooldown: 0.702002
DEBUG Player found in detection range
DEBUG Attack on cooldown: 0.700562
DEBUG Player found in detection range
DEBUG Attack on cooldown: 0.699191
DEBUG Player found in detection range
DEBUG Attack on cooldown: 0.697986
DEBUG Player found in detection range
DEBUG Attack on cooldown: 0.697021
DEBUG Player found in detection range
DEBUG Attack on cooldown: 0.696044
DEBUG Player found in detection range
DEBUG Attack on cooldown: 0.695065
DEBUG Player found in detection range
DEBUG Attack on cooldown: 0.694098
DEBUG Player found in detection range
DEBUG Attack on cooldown: 0.693089
DEBUG Player found in detection range
DEBUG Attack on cooldown: 0.691263
DEBUG Player found in detection range
DEBUG Attack on cooldown: 0.690197
DEBUG Player found in detection range
DEBUG Attack on cooldown: 0.689214
DEBUG Player found in detection range
DEBUG Attack on cooldown: 0.688245
DEBUG Player found in detection range
DEBUG Attack on cooldown: 0.687218
DEBUG Player found in detection range
DEBUG Attack on cooldown: 0.686287
DEBUG Player found in detection range
DEBUG Attack on cooldown: 0.685320
DEBUG Player found in detection range
DEBUG Attack on cooldown: 0.684280
DEBUG Player found in detection range
DEBUG Attack on cooldown: 0.683333
DEBUG Player found in detection range
DEBUG Attack on cooldown: 0.682305
DEBUG Player found in detection range
DEBUG Attack on cooldown: 0.681133
DEBUG Player found in detection range
DEBUG Attack on cooldown: 0.680166
DEBUG Player found in detection range
DEBUG Attack on cooldown: 0.679080
DEBUG Player found in detection range
DEBUG Attack on cooldown: 0.677963
DEBUG Player found in detection range
DEBUG Attack on cooldown: 0.675492
DEBUG Player found in detection range
DEBUG Attack on cooldown: 0.674366
DEBUG Player found in detection range
DEBUG Attack on cooldown: 0.673387
DEBUG Player found in detection range
DEBUG Attack on cooldown: 0.672359
DEBUG Player found in detection range
DEBUG Attack on cooldown: 0.671418
DEBUG Player found in detection range
DEBUG Attack on cooldown: 0.670495
DEBUG Player found in detection range
DEBUG Attack on cooldown: 0.669476
DEBUG Player found in detection range
DEBUG Attack on cooldown: 0.668421
DEBUG Player found in detection range
DEBUG Attack on cooldown: 0.667436
DEBUG Player found in detection range
DEBUG Attack on cooldown: 0.666497
DEBUG Player found in detection range
DEBUG Attack on cooldown: 0.665375
DEBUG Player found in detection range
DEBUG Attack on cooldown: 0.664318
DEBUG Player found in detection range
DEBUG Attack on cooldown: 0.663456
DEBUG Player found in detection range
DEBUG Attack on cooldown: 0.662515
DEBUG Player found in detection range
DEBUG Attack on cooldown: 0.660152
DEBUG Player found in detection range
DEBUG Attack on cooldown: 0.659048
DEBUG Player found in detection range
DEBUG Attack on cooldown: 0.658075
DEBUG Player found in detection range
DEBUG Attack on cooldown: 0.657131
DEBUG Player found in detection range
DEBUG Attack on cooldown: 0.656240
DEBUG Player found in detection range
DEBUG Attack on cooldown: 0.655263
DEBUG Player found in detection range
DEBUG Attack on cooldown: 0.654234
DEBUG Player found in detection range
DEBUG Attack on cooldown: 0.653212
DEBUG Player found in detection range
DEBUG Attack on cooldown: 0.652255
DEBUG Player found in detection range
DEBUG Attack on cooldown: 0.651235
DEBUG Player found in detection range
DEBUG Attack on cooldown: 0.650227
DEBUG Player found in detection range
DEBUG Attack on cooldown: 0.649226
DEBUG Player found in detection range
DEBUG Attack on cooldown: 0.648154
DEBUG Player found in detection range
DEBUG Attack on cooldown: 0.647159
DEBUG Player found in detection range
DEBUG Attack on cooldown: 0.646141
DEBUG Player found in detection range
DEBUG Attack on cooldown: 0.643663
DEBUG Player found in detection range
DEBUG Attack on cooldown: 0.642608
DEBUG Player found in detection range
DEBUG Attack on cooldown: 0.641676
DEBUG Player found in detection range
DEBUG Attack on cooldown: 0.640713
DEBUG Player found in detection range
DEBUG Attack on cooldown: 0.639756
DEBUG Player found in detection range
DEBUG Attack on cooldown: 0.638673
DEBUG Player found in detection range
DEBUG Attack on cooldown: 0.637535
DEBUG Player found in detection range
DEBUG Attack on cooldown: 0.636525
DEBUG Player found in detection range
DEBUG Attack on cooldown: 0.635582
DEBUG Player found in detection range
DEBUG Attack on cooldown: 0.634593
DEBUG Player found in detection range
DEBUG Attack on cooldown: 0.633410
DEBUG Player found in detection range
DEBUG Attack on cooldown: 0.632445
DEBUG Player found in detection range
DEBUG Attack on cooldown: 0.631506
DEBUG Player found in detection range
DEBUG Attack on cooldown: 0.629191
DEBUG Player found in detection range
DEBUG Attack on cooldown: 0.628301
DEBUG Player found in detection range
DEBUG Attack on cooldown: 0.627309
DEBUG Player found in detection range
DEBUG Attack on cooldown: 0.626401
DEBUG Player found in detection range
DEBUG Attack on cooldown: 0.625354
DEBUG Player found in detection range
DEBUG Attack on cooldown: 0.624187
DEBUG Player found in detection range
DEBUG Attack on cooldown: 0.623110
DEBUG Player found in detection range
DEBUG Attack on cooldown: 0.622166
DEBUG Player found in detection range
DEBUG Attack on cooldown: 0.621227
DEBUG Player found in detection range
DEBUG Attack on cooldown: 0.620255
DEBUG Player found in detection range
DEBUG Attack on cooldown: 0.619273
DEBUG Player found in detection range
DEBUG Attack on cooldown: 0.618256
DEBUG Player found in detection range
DEBUG Attack on cooldown: 0.617094
DEBUG Player found in detection range
DEBUG Attack on cooldown: 0.615959
DEBUG Player found in detection range
DEBUG Attack on cooldown: 0.614766
DEBUG Player found in detection range
DEBUG Attack on cooldown: 0.612974
DEBUG Player found in detection range
DEBUG Attack on cooldown: 0.612062
DEBUG Player found in detection range
DEBUG Attack on cooldown: 0.611062
DEBUG Player found in detection range
DEBUG Attack on cooldown: 0.610011
DEBUG Player found in detection range
DEBUG Attack on cooldown: 0.609004
DEBUG Player found in detection range
DEBUG Attack on cooldown: 0.607904
DEBUG Player found in detection range
DEBUG Attack on cooldown: 0.606653
DEBUG Player found in detection range
DEBUG Attack on cooldown: 0.605597
DEBUG Player found in detection range
DEBUG Attack on cooldown: 0.604617
DEBUG Player found in detection range
DEBUG Attack on cooldown: 0.603551
DEBUG Player found in detection range
DEBUG Attack on cooldown: 0.602515
DEBUG Player found in detection range
DEBUG Attack on cooldown: 0.601364
DEBUG Player found in detection range
DEBUG Attack on cooldown: 0.600381
DEBUG Player found in detection range
DEBUG Attack on cooldown: 0.599436
DEBUG Player found in detection range
DEBUG Attack on cooldown: 0.598478
DEBUG Player found in detection range
DEBUG Attack on cooldown: 0.596343
DEBUG Player found in detection range
DEBUG Attack on cooldown: 0.595308
DEBUG Player found in detection range
DEBUG Attack on cooldown: 0.594305
DEBUG Player found in detection range
DEBUG Attack on cooldown: 0.593312
DEBUG Player found in detection range
DEBUG Attack on cooldown: 0.592305
DEBUG Player found in detection range
DEBUG Attack on cooldown: 0.591391
DEBUG Player found in detection range
DEBUG Attack on cooldown: 0.590198
DEBUG Player found in detection range
DEBUG Attack on cooldown: 0.589081
DEBUG Player found in detection range
DEBUG Attack on cooldown: 0.587947
DEBUG Player found in detection range
DEBUG Attack on cooldown: 0.587010
DEBUG Player found in detection range
DEBUG Attack on cooldown: 0.585992
DEBUG Player found in detection range
DEBUG Attack on cooldown: 0.584985
DEBUG Player found in detection range
DEBUG Attack on cooldown: 0.583902
DEBUG Player found in detection range
DEBUG Attack on cooldown: 0.582973
DEBUG Player found in detection range
DEBUG Attack on cooldown: 0.580961
DEBUG Player found in detection range
DEBUG Attack on cooldown: 0.579894
DEBUG Player found in detection range
DEBUG Attack on cooldown: 0.578846
DEBUG Player found in detection range
DEBUG Attack on cooldown: 0.577917
DEBUG Player found in detection range
DEBUG Attack on cooldown: 0.576897
DEBUG Player found in detection range
DEBUG Attack on cooldown: 0.575940
DEBUG Player found in detection range
DEBUG Attack on cooldown: 0.574946
DEBUG Player found in detection range
DEBUG Attack on cooldown: 0.573905
DEBUG Player found in detection range
DEBUG Attack on cooldown: 0.572676
DEBUG Player found in detection range
DEBUG Attack on cooldown: 0.571718
DEBUG Player found in detection range
DEBUG Attack on cooldown: 0.570782
DEBUG Player found in detection range
DEBUG Attack on cooldown: 0.569792
DEBUG Player found in detection range
DEBUG Attack on cooldown: 0.568657
DEBUG Player found in detection range
DEBUG Attack on cooldown: 0.567486
DEBUG Player found in detection range
DEBUG Attack on cooldown: 0.565471
DEBUG Player found in detection range
DEBUG Attack on cooldown: 0.564445
DEBUG Player found in detection range
DEBUG Attack on cooldown: 0.563407
DEBUG Player found in detection range
DEBUG Attack on cooldown: 0.562428
DEBUG Player found in detection range
DEBUG Attack on cooldown: 0.561359
DEBUG Player found in detection range
DEBUG Attack on cooldown: 0.560384
DEBUG Player found in detection range
DEBUG Attack on cooldown: 0.559370
DEBUG Player found in detection range
DEBUG Attack on cooldown: 0.558285
DEBUG Player found in detection range
DEBUG Attack on cooldown: 0.557333
DEBUG Player found in detection range
DEBUG Attack on cooldown: 0.556350
DEBUG Player found in detection range
DEBUG Attack on cooldown: 0.555388
DEBUG Player found in detection range
DEBUG Attack on cooldown: 0.554364
DEBUG Player found in detection range
DEBUG Attack on cooldown: 0.553243
DEBUG Player found in detection range
DEBUG Attack on cooldown: 0.552256
DEBUG Player found in detection range
DEBUG Attack on cooldown: 0.550007
DEBUG Player found in detection range
DEBUG Attack on cooldown: 0.548968
DEBUG Player found in detection range
DEBUG Attack on cooldown: 0.547941
DEBUG Player found in detection range
DEBUG Attack on cooldown: 0.546862
DEBUG Player found in detection range
DEBUG Attack on cooldown: 0.545831
DEBUG Player found in detection range
DEBUG Attack on cooldown: 0.544817
INFO Enemy taking damage, playing hit sound
INFO PlaySound called for: Kill
ERROR Sound not found in map: Kill
INFO Available sounds: kill, 
INFO Enemy took 20.000000 damage. Health: 30.000000
INFO PlaySound called for: hit
INFO Sound found in map, attempting to play
INFO Play command sent to sound component
DEBUG Player found in detection range
DEBUG Attack on cooldown: 0.542989
DEBUG Player found in detection range
DEBUG Attack on cooldown: 0.540265
DEBUG Player found in detection range
DEBUG Attack on cooldown: 0.539292
DEBUG Player found in detection range
DEBUG Attack on cooldown: 0.538211
DEBUG Player found in detection range
DEBUG Attack on cooldown: 0.537161
DEBUG Player found in detection range
DEBUG Attack on cooldown: 0.534799
DEBUG Player found in detection range
DEBUG Attack on cooldown: 0.533768
DEBUG Player found in detection range
DEBUG Attack on cooldown: 0.532893
DEBUG Player found in detection range
DEBUG Attack on cooldown: 0.531979
DEBUG Player found in detection range
DEBUG Attack on cooldown: 0.531035
DEBUG Player found in detection range
DEBUG Attack on cooldown: 0.530064
DEBUG Player found in detection range
DEBUG Attack on cooldown: 0.529085
DEBUG Player found in detection range
DEBUG Attack on cooldown: 0.527935
DEBUG Player found in detection range
DEBUG Attack on cooldown: 0.526815
DEBUG Player found in detection range
DEBUG Attack on cooldown: 0.525972
DEBUG Player found in detection range
DEBUG Attack on cooldown: 0.525029
DEBUG Player found in detection range
DEBUG Attack on cooldown: 0.524008
DEBUG Player found in detection range
DEBUG Attack on cooldown: 0.523071
DEBUG Player found in detection range
DEBUG Attack on cooldown: 0.522127
DEBUG Player found in detection range
DEBUG Attack on cooldown: 0.519312
DEBUG Player found in detection range
DEBUG Attack on cooldown: 0.518336
DEBUG Player found in detection range
DEBUG Attack on cooldown: 0.517317
DEBUG Player found in detection range
DEBUG Attack on cooldown: 0.516354
DEBUG Player found in detection range
DEBUG Attack on cooldown: 0.515491
DEBUG Player found in detection range
DEBUG Attack on cooldown: 0.514527
DEBUG Player found in detection range
DEBUG Attack on cooldown: 0.513586
DEBUG Player found in detection range
DEBUG Attack on cooldown: 0.512659
DEBUG Player found in detection range
DEBUG Attack on cooldown: 0.511690
DEBUG Player found in detection range
DEBUG Attack on cooldown: 0.510657
DEBUG Player found in detection range
DEBUG Attack on cooldown: 0.509636
DEBUG Player found in detection range
DEBUG Attack on cooldown: 0.508676
DEBUG Player found in detection range
DEBUG Attack on cooldown: 0.507720
DEBUG Player found in detection range
DEBUG Attack on cooldown: 0.506603
DEBUG Player found in detection range
DEBUG Attack on cooldown: 0.503540
DEBUG Player found in detection range
DEBUG Attack on cooldown: 0.502295
DEBUG Player found in detection range
DEBUG Attack on cooldown: 0.500915
DEBUG Player found in detection range
DEBUG Attack on cooldown: 0.499560
DEBUG Player found in detection range
DEBUG Attack on cooldown: 0.498224
DEBUG Player found in detection range
DEBUG Attack on cooldown: 0.496752
DEBUG Player found in detection range
DEBUG Attack on cooldown: 0.495600
DEBUG Player found in detection range
DEBUG Attack on cooldown: 0.494535
DEBUG Player found in detection range
DEBUG Attack on cooldown: 0.493498
DEBUG Player found in detection range
DEBUG Attack on cooldown: 0.492550
DEBUG Player found in detection range
DEBUG Attack on cooldown: 0.491438
DEBUG Player found in detection range
DEBUG Attack on cooldown: 0.490436
DEBUG Player found in detection range
DEBUG Attack on cooldown: 0.487841
DEBUG Player found in detection range
DEBUG Attack on cooldown: 0.486830
DEBUG Player found in detection range
DEBUG Attack on cooldown: 0.485850
DEBUG Player found in detection range
DEBUG Attack on cooldown: 0.484908
DEBUG Player found in detection range
DEBUG Attack on cooldown: 0.483945
DEBUG Player found in detection range
DEBUG Attack on cooldown: 0.483014
DEBUG Player found in detection range
DEBUG Attack on cooldown: 0.482018
DEBUG Player found in detection range
DEBUG Attack on cooldown: 0.481025
DEBUG Player found in detection range
DEBUG Attack on cooldown: 0.480043
DEBUG Player found in detection range
DEBUG Attack on cooldown: 0.479032
DEBUG Player found in detection range
DEBUG Attack on cooldown: 0.478073
DEBUG Player found in detection range
DEBUG Attack on cooldown: 0.477163
DEBUG Player found in detection range
DEBUG Attack on cooldown: 0.476164
DEBUG Player found in detection range
DEBUG Attack on cooldown: 0.475113
DEBUG Player found in detection range
DEBUG Attack on cooldown: 0.472938
DEBUG Player found in detection range
DEBUG Attack on cooldown: 0.471993
DEBUG Player found in detection range
DEBUG Attack on cooldown: 0.470985
DEBUG Player found in detection range
DEBUG Attack on cooldown: 0.469933
DEBUG Player found in detection range
DEBUG Attack on cooldown: 0.468740
DEBUG Player found in detection range
DEBUG Attack on cooldown: 0.467843
DEBUG Player found in detection range
DEBUG Attack on cooldown: 0.466857
DEBUG Player found in detection range
DEBUG Attack on cooldown: 0.465858
DEBUG Player found in detection range
DEBUG Player found in detection range
DEBUG Player found in detection range
DEBUG Player found in detection range
DEBUG Player found in detection range
DEBUG Player found in detection range
DEBUG Player found in detection range
DEBUG Player found in detection range
DEBUG Player found in detection range
DEBUG Player found in detection range
DEBUG Player found in detection range
DEBUG Player found in detection range
DEBUG Player found in detection range
DEBUG Player found in detection range
DEBUG Player found in detection range
DEBUG Player found in detection range
DEBUG Player found in detection range
DEBUG Player found in detection range
DEBUG Player found in detection range
DEBUG Player found in detection range
DEBUG Player found in detection range
DEBUG Player found in detection range
DEBUG Player found in detection range
DEBUG Player found in detection range
DEBUG Player found in detection range
DEBUG Player found in detection range
DEBUG Player found in detection range
DEBUG Player found in detection range
DEBUG Player found in detection range
DEBUG Player found in detection range
DEBUG Player found in detection range
DEBUG Player found in detection range
DEBUG Player found in detection range
DEBUG Player found in detection range
DEBUG Player found in detection range
DEBUG Player found in detection range
DEBUG Player found in detection range
DEBUG Player found in detection range
DEBUG Player found in detection range
DEBUG Player found in detection range
DEBUG Player found in detection range
DEBUG Player found in detection range
DEBUG Player found in detection range
DEBUG Player found in detection range
DEBUG Player found in detection range
DEBUG Player found in detection range
DEBUG Player found in detection range
DEBUG Player found in detection range
DEBUG Player found in detection range
DEBUG Player found in detection range
DEBUG Player found in detection range
DEBUG Player found in detection range
DEBUG Player found in detection range
DEBUG Player found in detection range
DEBUG Player found in detection range
DEBUG Player found in detection range
DEBUG Player found in detection range
DEBUG Player found in detection range
DEBUG Player found in detection range
DEBUG Player found in detection range
DEBUG Player found in detection range
DEBUG Player found in detection range
DEBUG Player found in detection range
DEBUG Player found in detection range
DEBUG Player found in detection range
DEBUG Player found in detection range
DEBUG Player found in detection range
DEBUG Player found in detection range
DEBUG Player found in detection range
DEBUG Player found in detection range
DEBUG Player found in detection range
DEBUG Player found in detection range
DEBUG Player found in detection range
DEBUG Player found in detection range
DEBUG Player found in detection range
DEBUG Player found in detection range
DEBUG Player found in detection range
DEBUG Player found in detection range
DEBUG Player found in detection range
DEBUG Player found in detection range
DEBUG Player found in detection range
DEBUG Player found in detection range
DEBUG Player found in detection range
DEBUG Player found in detection range
DEBUG Player found in detection range
DEBUG Player found in detection range
DEBUG Player found in detection range
DEBUG Player found in detection range
DEBUG Player found in detection range
DEBUG Player found in detection range
DEBUG Player found in detection range
DEBUG Player found in detection range
DEBUG Player found in detection range
DEBUG Player found in detection range
DEBUG Player found in detection range
DEBUG Player found in detection range
DEBUG Player found in detection range
DEBUG Player found in detection range
DEBUG Player found in detection range
DEBUG Player found in detection range
DEBUG Player found in detection range
DEBUG Player found in detection range
DEBUG Player found in detection range
DEBUG Player found in detection range
DEBUG Player found in detection range
DEBUG Player found in detection range
DEBUG Player found in detection range
DEBUG Player found in detection range
DEBUG Player found in detection range
DEBUG Player found in detection range
DEBUG Player found in detection range
DEBUG Player found in detection range
DEBUG Player found in detection range
DEBUG Player found in detection range
DEBUG Player found in detection range
DEBUG Player found in detection range
DEBUG Player found in detection range
DEBUG Player found in detection range
DEBUG Player found in detection range
DEBUG Player found in detection range
DEBUG Player found in detection range
DEBUG Player found in detection range
DEBUG Player found in detection range
DEBUG Player found in detection range
DEBUG Player found in detection range
DEBUG Player found in detection range
DEBUG Player found in detection range
DEBUG Player found in detection range
DEBUG Player found in detection range
DEBUG Attack on cooldown: 0.363609
DEBUG Player found in detection range
DEBUG Attack on cooldown: 0.362613
DEBUG Player found in detection range
DEBUG Attack on cooldown: 0.361520
DEBUG Player found in detection range
DEBUG Attack on cooldown: 0.360297
DEBUG Player found in detection range
DEBUG Attack on cooldown: 0.359257
DEBUG Player found in detection range
DEBUG Attack on cooldown: 0.358276
DEBUG Player found in detection range
DEBUG Attack on cooldown: 0.357315
DEBUG Player found in detection range
DEBUG Attack on cooldown: 0.356439
DEBUG Player found in detection range
DEBUG Attack on cooldown: 0.355497
DEBUG Player found in detection range
DEBUG Attack on cooldown: 0.354481
DEBUG Player found in detection range
DEBUG Attack on cooldown: 0.353389
DEBUG Player found in detection range
DEBUG Attack on cooldown: 0.352445
DEBUG Player found in detection range
DEBUG Attack on cooldown: 0.351481
DEBUG Player found in detection range
DEBUG Attack on cooldown: 0.350478
DEBUG Player found in detection range
DEBUG Attack on cooldown: 0.348066
DEBUG Player found in detection range
DEBUG Attack on cooldown: 0.346946
DEBUG Player found in detection range
DEBUG Attack on cooldown: 0.345804
DEBUG Player found in detection range
DEBUG Attack on cooldown: 0.344582
DEBUG Player found in detection range
DEBUG Attack on cooldown: 0.342967
DEBUG Player found in detection range
DEBUG Attack on cooldown: 0.341948
DEBUG Player found in detection range
DEBUG Attack on cooldown: 0.341007
DEBUG Player found in detection range
DEBUG Attack on cooldown: 0.339985
DEBUG Player found in detection range
DEBUG Attack on cooldown: 0.338809
DEBUG Player found in detection range
DEBUG Attack on cooldown: 0.337789
DEBUG Player found in detection range
DEBUG Attack on cooldown: 0.336790
DEBUG Player found in detection range
DEBUG Attack on cooldown: 0.335855
DEBUG Player found in detection range
DEBUG Attack on cooldown: 0.334818
DEBUG Player found in detection range
DEBUG Attack on cooldown: 0.333574
DEBUG Player found in detection range
DEBUG Attack on cooldown: 0.332018
DEBUG Player found in detection range
DEBUG Attack on cooldown: 0.331012
DEBUG Player found in detection range
DEBUG Attack on cooldown: 0.329847
DEBUG Player found in detection range
DEBUG Attack on cooldown: 0.328900
DEBUG Player found in detection range
DEBUG Attack on cooldown: 0.327925
DEBUG Player found in detection range
DEBUG Attack on cooldown: 0.326907
DEBUG Player found in detection range
DEBUG Attack on cooldown: 0.325915
DEBUG Player found in detection range
DEBUG Attack on cooldown: 0.324883
DEBUG Player found in detection range
DEBUG Attack on cooldown: 0.323873
DEBUG Player found in detection range
DEBUG Attack on cooldown: 0.322891
DEBUG Player found in detection range
DEBUG Attack on cooldown: 0.321933
DEBUG Player found in detection range
DEBUG Attack on cooldown: 0.320967
DEBUG Player found in detection range
DEBUG Attack on cooldown: 0.320021
DEBUG Player found in detection range
DEBUG Attack on cooldown: 0.318918
DEBUG Player found in detection range
DEBUG Attack on cooldown: 0.316536
DEBUG Player found in detection range
DEBUG Attack on cooldown: 0.315548
DEBUG Player found in detection range
DEBUG Attack on cooldown: 0.314581
DEBUG Player found in detection range
DEBUG Attack on cooldown: 0.313573
DEBUG Player found in detection range
DEBUG Attack on cooldown: 0.312434
DEBUG Player found in detection range
DEBUG Attack on cooldown: 0.311493
DEBUG Player found in detection range
DEBUG Attack on cooldown: 0.310551
DEBUG Player found in detection range
DEBUG Attack on cooldown: 0.309598
DEBUG Player found in detection range
DEBUG Attack on cooldown: 0.308709
DEBUG Player found in detection range
DEBUG Attack on cooldown: 0.307703
DEBUG Player found in detection range
DEBUG Attack on cooldown: 0.306692
DEBUG Player found in detection range
DEBUG Attack on cooldown: 0.305645
DEBUG Player found in detection range
DEBUG Attack on cooldown: 0.304516
DEBUG Player found in detection range
DEBUG Attack on cooldown: 0.303501
DEBUG Player found in detection range
DEBUG Attack on cooldown: 0.301244
DEBUG Player found in detection range
DEBUG Attack on cooldown: 0.300319
DEBUG Player found in detection range
DEBUG Attack on cooldown: 0.299299
DEBUG Player found in detection range
DEBUG Attack on cooldown: 0.298257
DEBUG Player found in detection range
DEBUG Attack on cooldown: 0.296916
DEBUG Player found in detection range
DEBUG Attack on cooldown: 0.295872
DEBUG Player found in detection range
DEBUG Attack on cooldown: 0.294793
DEBUG Player found in detection range
DEBUG Attack on cooldown: 0.293845
DEBUG Player found in detection range
DEBUG Attack on cooldown: 0.292812
DEBUG Player found in detection range
DEBUG Attack on cooldown: 0.291632
DEBUG Player found in detection range
DEBUG Attack on cooldown: 0.290453
DEBUG Player found in detection range
DEBUG Attack on cooldown: 0.289473
DEBUG Player found in detection range
DEBUG Attack on cooldown: 0.288534
DEBUG Player found in detection range
DEBUG Attack on cooldown: 0.287445
DEBUG Player found in detection range
DEBUG Attack on cooldown: 0.284573
DEBUG Player found in detection range
DEBUG Attack on cooldown: 0.282979
DEBUG Player found in detection range
DEBUG Attack on cooldown: 0.281655
DEBUG Player found in detection range
DEBUG Attack on cooldown: 0.280466
DEBUG Player found in detection range
DEBUG Attack on cooldown: 0.279065
DEBUG Player found in detection range
DEBUG Attack on cooldown: 0.277741
DEBUG Player found in detection range
DEBUG Attack on cooldown: 0.276504
DEBUG Player found in detection range
DEBUG Attack on cooldown: 0.275464
DEBUG Player found in detection range
DEBUG Attack on cooldown: 0.274514
DEBUG Player found in detection range
DEBUG Attack on cooldown: 0.273482
DEBUG Player found in detection range
DEBUG Attack on cooldown: 0.272540
DEBUG Player found in detection range
DEBUG Attack on cooldown: 0.271517
DEBUG Player found in detection range
DEBUG Attack on cooldown: 0.269738
DEBUG Player found in detection range
DEBUG Attack on cooldown: 0.268718
DEBUG Player found in detection range
DEBUG Attack on cooldown: 0.267843
DEBUG Player found in detection range
DEBUG Attack on cooldown: 0.266886
DEBUG Player found in detection range
DEBUG Attack on cooldown: 0.265882
DEBUG Player found in detection range
DEBUG Attack on cooldown: 0.264827
DEBUG Player found in detection range
DEBUG Attack on cooldown: 0.263539
DEBUG Player found in detection range
DEBUG Attack on cooldown: 0.262116
DEBUG Player found in detection range
DEBUG Attack on cooldown: 0.260898
DEBUG Player found in detection range
DEBUG Attack on cooldown: 0.259821
DEBUG Player found in detection range
DEBUG Attack on cooldown: 0.258873
DEBUG Player found in detection range
DEBUG Attack on cooldown: 0.257780
DEBUG Player found in detection range
DEBUG Attack on cooldown: 0.256763
DEBUG Player found in detection range
DEBUG Attack on cooldown: 0.254551
DEBUG Player found in detection range
DEBUG Attack on cooldown: 0.253596
DEBUG Player found in detection range
DEBUG Attack on cooldown: 0.252617
DEBUG Player found in detection range
DEBUG Attack on cooldown: 0.251666
DEBUG Player found in detection range
DEBUG Attack on cooldown: 0.250694
DEBUG Player found in detection range
DEBUG Attack on cooldown: 0.249599
DEBUG Player found in detection range
DEBUG Attack on cooldown: 0.248395
DEBUG Player found in detection range
DEBUG Attack on cooldown: 0.247472
DEBUG Player found in detection range
DEBUG Attack on cooldown: 0.246497
DEBUG Player found in detection range
DEBUG Attack on cooldown: 0.245520
DEBUG Player found in detection range
DEBUG Attack on cooldown: 0.244528
DEBUG Player found in detection range
DEBUG Attack on cooldown: 0.243555
DEBUG Player found in detection range
DEBUG Attack on cooldown: 0.242408
DEBUG Player found in detection range
DEBUG Attack on cooldown: 0.241378
DEBUG Player found in detection range
DEBUG Attack on cooldown: 0.240345
DEBUG Player found in detection range
DEBUG Attack on cooldown: 0.238320
DEBUG Player found in detection range
DEBUG Attack on cooldown: 0.237339
DEBUG Player found in detection range
DEBUG Attack on cooldown: 0.236387
DEBUG Player found in detection range
DEBUG Attack on cooldown: 0.235344
DEBUG Player found in detection range
DEBUG Attack on cooldown: 0.234367
DEBUG Player found in detection range
DEBUG Attack on cooldown: 0.233372
DEBUG Player found in detection range
DEBUG Attack on cooldown: 0.232316
DEBUG Player found in detection range
DEBUG Attack on cooldown: 0.231305
DEBUG Player found in detection range
DEBUG Attack on cooldown: 0.230327
DEBUG Player found in detection range
DEBUG Attack on cooldown: 0.229124
DEBUG Player found in detection range
DEBUG Attack on cooldown: 0.228125
DEBUG Player found in detection range
DEBUG Attack on cooldown: 0.226965
DEBUG Player found in detection range
DEBUG Attack on cooldown: 0.225943
DEBUG Player found in detection range
DEBUG Attack on cooldown: 0.224716
DEBUG Player found in detection range
DEBUG Attack on cooldown: 0.222664
DEBUG Player found in detection range
DEBUG Attack on cooldown: 0.221686
DEBUG Player found in detection range
DEBUG Attack on cooldown: 0.220644
DEBUG Player found in detection range
DEBUG Attack on cooldown: 0.219526
DEBUG Player found in detection range
DEBUG Attack on cooldown: 0.218529
DEBUG Player found in detection range
DEBUG Attack on cooldown: 0.217366
DEBUG Player found in detection range
DEBUG Attack on cooldown: 0.216352
DEBUG Player found in detection range
DEBUG Attack on cooldown: 0.215344
DEBUG Player found in detection range
DEBUG Attack on cooldown: 0.214265
DEBUG Player found in detection range
DEBUG Attack on cooldown: 0.213244
DEBUG Player found in detection range
DEBUG Attack on cooldown: 0.212360
DEBUG Player found in detection range
DEBUG Attack on cooldown: 0.211384
DEBUG Player found in detection range
DEBUG Attack on cooldown: 0.210436
DEBUG Player found in detection range
DEBUG Attack on cooldown: 0.209484
DEBUG Player found in detection range
DEBUG Attack on cooldown: 0.206929
DEBUG Player found in detection range
DEBUG Attack on cooldown: 0.205864
DEBUG Player found in detection range
DEBUG Attack on cooldown: 0.204938
DEBUG Player found in detection range
DEBUG Attack on cooldown: 0.203909
DEBUG Player found in detection range
DEBUG Attack on cooldown: 0.202976
DEBUG Player found in detection range
DEBUG Attack on cooldown: 0.202081
DEBUG Player found in detection range
DEBUG Attack on cooldown: 0.200975
DEBUG Player found in detection range
DEBUG Attack on cooldown: 0.200035
DEBUG Player found in detection range
DEBUG Attack on cooldown: 0.198864
DEBUG Player found in detection range
DEBUG Attack on cooldown: 0.197941
DEBUG Player found in detection range
DEBUG Attack on cooldown: 0.197002
DEBUG Player found in detection range
DEBUG Attack on cooldown: 0.196066
DEBUG Player found in detection range
DEBUG Attack on cooldown: 0.195057
DEBUG Player found in detection range
DEBUG Attack on cooldown: 0.193904
DEBUG Player found in detection range
DEBUG Attack on cooldown: 0.192635
DEBUG Player found in detection range
DEBUG Attack on cooldown: 0.190516
DEBUG Player found in detection range
DEBUG Attack on cooldown: 0.189415
DEBUG Player found in detection range
DEBUG Attack on cooldown: 0.188455
DEBUG Player found in detection range
DEBUG Attack on cooldown: 0.187498
DEBUG Player found in detection range
DEBUG Attack on cooldown: 0.186548
DEBUG Player found in detection range
DEBUG Attack on cooldown: 0.185349
DEBUG Player found in detection range
DEBUG Attack on cooldown: 0.184418
DEBUG Player found in detection range
DEBUG Attack on cooldown: 0.183463
DEBUG Player found in detection range
DEBUG Attack on cooldown: 0.182532
DEBUG Player found in detection range
DEBUG Attack on cooldown: 0.181608
DEBUG Player found in detection range
DEBUG Attack on cooldown: 0.180623
DEBUG Player found in detection range
DEBUG Attack on cooldown: 0.179576
DEBUG Player found in detection range
DEBUG Attack on cooldown: 0.178574
DEBUG Player found in detection range
DEBUG Attack on cooldown: 0.177593
DEBUG Player found in detection range
DEBUG Attack on cooldown: 0.175346
DEBUG Player found in detection range
DEBUG Attack on cooldown: 0.174415
DEBUG Player found in detection range
DEBUG Attack on cooldown: 0.173443
DEBUG Player found in detection range
DEBUG Attack on cooldown: 0.172422
DEBUG Player found in detection range
DEBUG Attack on cooldown: 0.171426
DEBUG Player found in detection range
DEBUG Attack on cooldown: 0.170517
DEBUG Player found in detection range
DEBUG Attack on cooldown: 0.169530
DEBUG Player found in detection range
DEBUG Attack on cooldown: 0.168473
DEBUG Player found in detection range
DEBUG Attack on cooldown: 0.167537
DEBUG Player found in detection range
DEBUG Attack on cooldown: 0.166561
DEBUG Player found in detection range
DEBUG Attack on cooldown: 0.165540
DEBUG Player found in detection range
DEBUG Attack on cooldown: 0.164577
DEBUG Player found in detection range
DEBUG Attack on cooldown: 0.163576
DEBUG Player found in detection range
DEBUG Attack on cooldown: 0.162635
DEBUG Player found in detection range
DEBUG Attack on cooldown: 0.160063
DEBUG Player found in detection range
DEBUG Player found in detection range
DEBUG Player found in detection range
DEBUG Player found in detection range
DEBUG Player found in detection range
DEBUG Player found in detection range
DEBUG Player found in detection range
DEBUG Player found in detection range
DEBUG Player found in detection range
DEBUG Player found in detection range
DEBUG Player found in detection range
DEBUG Player found in detection range
DEBUG Player found in detection range
DEBUG Player found in detection range
DEBUG Player found in detection range
DEBUG Player found in detection range
DEBUG Player found in detection range
DEBUG Player found in detection range
DEBUG Player found in detection range
DEBUG Player found in detection range
DEBUG Player found in detection range
DEBUG Player found in detection range
DEBUG Player found in detection range
DEBUG Player found in detection range
DEBUG Player found in detection range
DEBUG Player found in detection range
DEBUG Player found in detection range
DEBUG Player found in detection range
DEBUG Player found in detection range
DEBUG Player found in detection range
DEBUG Player found in detection range
DEBUG Player found in detection range
DEBUG Player found in detection range
DEBUG Player found in detection range
DEBUG Player found in detection range
DEBUG Player found in detection range
DEBUG Player found in detection range
DEBUG Player found in detection range
DEBUG Player found in detection range
DEBUG Player found in detection range
DEBUG Player found in detection range
DEBUG Player found in detection range
DEBUG Player found in detection range
DEBUG Player found in detection range
DEBUG Player found in detection range
DEBUG Player found in detection range
DEBUG Player found in detection range
DEBUG Player found in detection range
DEBUG Player found in detection range
DEBUG Player found in detection range
DEBUG Player found in detection range
DEBUG Player found in detection range
DEBUG Player found in detection range
DEBUG Player found in detection range
DEBUG Player found in detection range
DEBUG Player found in detection range
DEBUG Player found in detection range
DEBUG Player found in detection range
DEBUG Player found in detection range
DEBUG Player found in detection range
DEBUG Player found in detection range
DEBUG Player found in detection range
DEBUG Player found in detection range
DEBUG Player found in detection range
DEBUG Player found in detection range
DEBUG Player found in detection range
DEBUG Player found in detection range
DEBUG Player found in detection range
DEBUG Player found in detection range
DEBUG Player found in detection range
DEBUG Player found in detection range
DEBUG Player found in detection range
DEBUG Player found in detection range
DEBUG Player found in detection range
DEBUG Player found in detection range
DEBUG Player found in detection range
DEBUG Player found in detection range
DEBUG Player found in detection range
DEBUG Player found in detection range
DEBUG Player found in detection range
DEBUG Player found in detection range
DEBUG Player found in detection range
DEBUG Player found in detection range
DEBUG Player found in detection range
DEBUG Player found in detection range
DEBUG Player found in detection range
DEBUG Player found in detection range
DEBUG Player found in detection range
DEBUG Player found in detection range
DEBUG Player found in detection range
DEBUG Player found in detection range
DEBUG Player found in detection range
DEBUG Player found in detection range
DEBUG Player found in detection range
DEBUG Player found in detection range
DEBUG Player found in detection range
DEBUG Player found in detection range
DEBUG Player found in detection range
DEBUG Player found in detection range
DEBUG Player found in detection range
DEBUG Player found in detection range
DEBUG Player found in detection range
DEBUG Player found in detection range
DEBUG Player found in detection range
DEBUG Player found in detection range
DEBUG Player found in detection range
DEBUG Player found in detection range
DEBUG Player found in detection range
DEBUG Player found in detection range
DEBUG Player found in detection range
DEBUG Player found in detection range
DEBUG Player found in detection range
DEBUG Player found in detection range
DEBUG Player found in detection range
DEBUG Player found in detection range
DEBUG Player found in detection range
DEBUG Player found in detection range
DEBUG Player found in detection range
DEBUG Player found in detection range
DEBUG Player found in detection range
DEBUG Player found in detection range
DEBUG Player found in detection range
DEBUG Player found in detection range
DEBUG Player found in detection range
DEBUG Player found in detection range
DEBUG Player found in detection range
DEBUG Player found in detection range
DEBUG Player found in detection range
DEBUG Player found in detection range
DEBUG Player found in detection range
DEBUG Player found in detection range
DEBUG Player found in detection range
DEBUG Player found in detection range
DEBUG Player found in detection range
DEBUG Player found in detection range
DEBUG Player found in detection range
DEBUG Player found in detection range
DEBUG Player found in detection range
DEBUG Player found in detection range
DEBUG Player found in detection range
DEBUG Player found in detection range
DEBUG Player found in detection range
DEBUG Player found in detection range
DEBUG Player found in detection range
DEBUG Player found in detection range
DEBUG Player found in detection range
DEBUG Player found in detection range
DEBUG Player found in detection range
DEBUG Player found in detection range
DEBUG Player found in detection range
DEBUG Player found in detection range
DEBUG Player found in detection range
DEBUG Player found in detection range
DEBUG Player found in detection range
DEBUG Player found in detection range
DEBUG Player found in detection range
DEBUG Player found in detection range
DEBUG Player found in detection range
DEBUG Player found in detection range
DEBUG Player found in detection range
DEBUG Player found in detection range
DEBUG Player found in detection range
DEBUG Player found in detection range
DEBUG Player found in detection range
DEBUG Player found in detection range
DEBUG Player found in detection range
DEBUG Player found in detection range
DEBUG Player found in detection range
DEBUG Player found in detection range
DEBUG Player found in detection range
DEBUG Player found in detection range
DEBUG Player found in detection range
DEBUG Player found in detection range
DEBUG Player found in detection range
DEBUG Player found in detection range
DEBUG Player found in detection range
DEBUG Player found in detection range
DEBUG Player found in detection range
DEBUG Player found in detection range
DEBUG Player found in detection range
DEBUG Player found in detection range
DEBUG Player found in detection range
DEBUG Player found in detection range
DEBUG Player found in detection range
DEBUG Player found in detection range
DEBUG Player found in detection range
DEBUG Player found in detection range
DEBUG Player found in detection range
DEBUG Player found in detection range
DEBUG Player found in detection range
DEBUG Player found in detection range
DEBUG Player found in detection range
DEBUG Player found in detection range
DEBUG Player found in detection range
DEBUG Player found in detection range
DEBUG Player found in detection range
DEBUG Player found in detection range
DEBUG Player found in detection range
DEBUG Player found in detection range
DEBUG Player found in detection range
DEBUG Player found in detection range
DEBUG Player found in detection range
DEBUG Player found in detection range
DEBUG Player found in detection range
DEBUG Player found in detection range
DEBUG Player found in detection range
DEBUG Player found in detection range
DEBUG Player found in detection range
DEBUG Player found in detection range
DEBUG Player found in detection range
DEBUG Player found in detection range
DEBUG Player found in detection range
DEBUG Player found in detection range
DEBUG Player found in detection range
DEBUG Player found in detection range
DEBUG Player found in detection range
DEBUG Player found in detection range
DEBUG Player found in detection range
DEBUG Player found in detection range
DEBUG Player found in detection range
DEBUG Player found in detection range
DEBUG Player found in detection range
DEBUG Player found in detection range
DEBUG Player found in detection range
DEBUG Player found in detection range
DEBUG Player found in detection range
DEBUG Player found in detection range
DEBUG Player found in detection range
DEBUG Player found in detection range
DEBUG Player found in detection range
DEBUG Player found in detection range
DEBUG Player found in detection range
DEBUG Player found in detection range
DEBUG Player found in detection range
DEBUG Player found in detection range
DEBUG Player found in detection range
DEBUG Player found in detection range
DEBUG Player found in detection range
DEBUG Player found in detection range
DEBUG Player found in detection range
DEBUG Player found in detection range
DEBUG Player found in detection range
DEBUG Player found in detection range
DEBUG Player found in detection range
DEBUG Player found in detection range
DEBUG Player found in detection range
DEBUG Player found in detection range
DEBUG Player found in detection range
DEBUG Player found in detection range
DEBUG Player found in detection range
DEBUG Player found in detection range
DEBUG Player found in detection range
DEBUG Player found in detection range
DEBUG Player found in detection range
DEBUG Player found in detection range
DEBUG Player found in detection range
DEBUG Player found in detection range
DEBUG Player found in detection range
DEBUG Player found in detection range
DEBUG Player found in detection range
DEBUG Player found in detection range
DEBUG Player found in detection range
DEBUG Player found in detection range
DEBUG Player found in detection range
DEBUG Player found in detection range
DEBUG Player found in detection range
DEBUG Player found in detection range
DEBUG Player found in detection range
DEBUG Player found in detection range
DEBUG Player found in detection range
DEBUG Player found in detection range
DEBUG Player found in detection range
DEBUG Player found in detection range
DEBUG Player found in detection range
DEBUG Player found in detection range
DEBUG Player found in detection range
DEBUG Player found in detection range
DEBUG Player found in detection range
DEBUG Player found in detection range
DEBUG Player found in detection range
DEBUG Player found in detection range
DEBUG Player found in detection range
DEBUG Player found in detection range
DEBUG Player found in detection range
DEBUG Player found in detection range
DEBUG Player found in detection range
DEBUG Player found in detection range
DEBUG Player found in detection range
DEBUG Player found in detection range
DEBUG Player found in detection range
DEBUG Player found in detection range
DEBUG Player found in detection range
DEBUG Player found in detection range
DEBUG Player found in detection range
DEBUG Player found in detection range
DEBUG Player found in detection range
DEBUG Player found in detection range
DEBUG Player found in detection range
DEBUG Player found in detection range
DEBUG Player found in detection range
DEBUG Player found in detection range
DEBUG Player found in detection range
DEBUG Player found in detection range
DEBUG Player found in detection range
DEBUG Player found in detection range
DEBUG Player found in detection range
DEBUG Player found in detection range
DEBUG Player found in detection range
DEBUG Player found in detection range
DEBUG Player found in detection range
DEBUG Player found in detection range
DEBUG Player found in detection range
DEBUG Player found in detection range
DEBUG Player found in detection range
DEBUG Player found in detection range
DEBUG Player found in detection range
DEBUG Player found in detection range
DEBUG Player found in detection range
DEBUG Player found in detection range
DEBUG Player found in detection range
DEBUG Player found in detection range
DEBUG Player found in detection range
DEBUG Player found in detection range
DEBUG Player found in detection range
DEBUG Player found in detection range
DEBUG Player found in detection range
DEBUG Player found in detection range
DEBUG Player found in detection range
DEBUG Player found in detection range
DEBUG Player found in detection range
DEBUG Player found in detection range
DEBUG Player found in detection range
DEBUG Player found in detection range
DEBUG Player found in detection range
DEBUG Player found in detection range
DEBUG Player found in detection range
DEBUG Player found in detection range
DEBUG Player found in detection range
DEBUG Player found in detection range
DEBUG Player found in detection range
DEBUG Player found in detection range
DEBUG Player found in detection range
DEBUG Player found in detection range
DEBUG Player found in detection range
DEBUG Player found in detection range
DEBUG Player found in detection range
DEBUG Player found in detection range
DEBUG Player found in detection range
DEBUG Player found in detection range
DEBUG Player found in detection range
DEBUG Player found in detection range
DEBUG Player found in detection range
DEBUG Player found in detection range
DEBUG Player found in detection range
DEBUG Player found in detection range
DEBUG Player found in detection range
DEBUG Player found in detection range
DEBUG Player found in detection range
DEBUG Player found in detection range
DEBUG Player found in detection range
DEBUG Player found in detection range
DEBUG Player found in detection range
DEBUG Player found in detection range
DEBUG Player found in detection range
DEBUG Player found in detection range
DEBUG Player found in detection range
DEBUG Player found in detection range
DEBUG Player found in detection range
DEBUG Player found in detection range
DEBUG Player found in detection range
DEBUG Player found in detection range
DEBUG Player found in detection range
DEBUG Player found in detection range
DEBUG Player found in detection range
DEBUG Player found in detection range
DEBUG Player found in detection range
DEBUG Player found in detection range
DEBUG Player found in detection range
DEBUG Player found in detection range
DEBUG Player found in detection range
DEBUG Player found in detection range
DEBUG Player found in detection range
DEBUG Player found in detection range
DEBUG Player found in detection range
DEBUG Player found in detection range
DEBUG Player found in detection range
DEBUG Player found in detection range
DEBUG Player found in detection range
DEBUG Player found in detection range
DEBUG Player found in detection range
DEBUG Player found in detection range
DEBUG Player found in detection range
DEBUG Player found in detection range
DEBUG Player found in detection range
DEBUG Player found in detection range
DEBUG Player found in detection range
DEBUG Player found in detection range
DEBUG Player found in detection range
DEBUG Player found in detection range
DEBUG Player found in detection range
DEBUG Player found in detection range
DEBUG Player found in detection range
DEBUG Player found in detection range
DEBUG Player found in detection range
DEBUG Player found in detection range
DEBUG Player found in detection range
DEBUG Player found in detection range
DEBUG Player found in detection range
DEBUG Player found in detection range
DEBUG Player found in detection range
DEBUG Player found in detection range
DEBUG Player found in detection range
DEBUG Player found in detection range
DEBUG Player found in detection range
DEBUG Player found in detection range
DEBUG Player found in detection range
DEBUG Player found in detection range
DEBUG Player found in detection range
DEBUG Player found in detection range
DEBUG Player found in detection range
DEBUG Player found in detection range
DEBUG Player found in detection range
DEBUG Player found in detection range
DEBUG Player found in detection range
DEBUG Player found in detection range
DEBUG Player found in detection range
DEBUG Player found in detection range
DEBUG Player found in detection range
DEBUG Player found in detection range
DEBUG Player found in detection range
DEBUG Player found in detection range
DEBUG Player found in detection range
DEBUG Player found in detection range
DEBUG Player found in detection range
DEBUG Player found in detection range
DEBUG Player found in detection range
DEBUG Player found in detection range
DEBUG Player found in detection range
DEBUG Player found in detection range
DEBUG Player found in detection range
DEBUG Player found in detection range
DEBUG Player found in detection range
DEBUG Player found in detection range
DEBUG Player found in detection range
DEBUG Player found in detection range
DEBUG Player found in detection range
DEBUG Player found in detection range
DEBUG Player found in detection range
DEBUG Player found in detection range
DEBUG Player found in detection range
DEBUG Player found in detection range
DEBUG Player found in detection range
DEBUG Player found in detection range
DEBUG Player found in detection range
DEBUG Player found in detection range
DEBUG Player found in detection range
DEBUG Player found in detection range
DEBUG Player found in detection range
DEBUG Player found in detection range
DEBUG Player found in detection range
DEBUG Player found in detection range
DEBUG Player found in detection range
DEBUG Player found in detection range
DEBUG Player found in detection range
DEBUG Player found in detection range
DEBUG Player found in detection range
DEBUG Player found in detection range
DEBUG Player found in detection range
DEBUG Player found in detection range
DEBUG Player found in detection range
DEBUG Player found in detection range
DEBUG Player found in detection range
DEBUG Player found in detection range
DEBUG Player found in detection range
DEBUG Player found in detection range
DEBUG Player found in detection range
DEBUG Player found in detection range
DEBUG Player found in detection range
DEBUG Player found in detection range
DEBUG Player found in detection range
DEBUG Player found in detection range
DEBUG Player found in detection range
DEBUG Player found in detection range
DEBUG Player found in detection range
DEBUG Player found in detection range
DEBUG Player found in detection range
DEBUG Player found in detection range
DEBUG Player found in detection range
DEBUG Player found in detection range
DEBUG Player found in detection range
DEBUG Player found in detection range
DEBUG Player found in detection range
DEBUG Player found in detection range
DEBUG Player found in detection range
DEBUG Player found in detection range
DEBUG Player found in detection range
DEBUG Player found in detection range
DEBUG Player found in detection range
DEBUG Player found in detection range
DEBUG Player found in detection range
DEBUG Player found in detection range
DEBUG Player found in detection range
DEBUG Player found in detection range
DEBUG Player found in detection range
DEBUG Player found in detection range
DEBUG Player found in detection range
DEBUG Player found in detection range
DEBUG Player found in detection range
DEBUG Player found in detection range
DEBUG Player found in detection range
DEBUG Player found in detection range
DEBUG Player found in detection range
DEBUG Player found in detection range
DEBUG Player found in detection range
DEBUG Player found in detection range
DEBUG Player found in detection range
DEBUG Player found in detection range
DEBUG Player found in detection range
DEBUG Player found in detection range
DEBUG Player found in detection range
DEBUG Player found in detection range
DEBUG Player found in detection range
DEBUG Player found in detection range
DEBUG Player found in detection range
DEBUG Player found in detection range
DEBUG Player found in detection range
DEBUG Player found in detection range
DEBUG Player found in detection range
DEBUG Player found in detection range
DEBUG Player found in detection range
DEBUG Player found in detection range
DEBUG Player found in detection range
DEBUG Player found in detection range
DEBUG Player found in detection range
DEBUG Player found in detection range
DEBUG Player found in detection range
DEBUG Player found in detection range
DEBUG Player found in detection range
DEBUG Player found in detection range
DEBUG Player found in detection range
DEBUG Player found in detection range
DEBUG Player found in detection range
DEBUG Player found in detection range
DEBUG Player found in detection range
DEBUG Player found in detection range
DEBUG Player found in detection range
DEBUG Player found in detection range
DEBUG Player found in detection range
DEBUG Player found in detection range
DEBUG Player found in detection range
DEBUG Player found in detection range
DEBUG Player found in detection range
DEBUG Player found in detection range
DEBUG Player found in detection range
DEBUG Player found in detection range
DEBUG Player found in detection range
DEBUG Player found in detection range
DEBUG Player found in detection range
DEBUG Player found in detection range
DEBUG Player found in detection range
DEBUG Player found in detection range
DEBUG Player found in detection range
DEBUG Player found in detection range
DEBUG Player found in detection range
DEBUG Player found in detection range
DEBUG Player found in detection range
DEBUG Player found in detection range
DEBUG Player found in detection range
DEBUG Player found in detection range
DEBUG Player found in detection range
DEBUG Player found in detection range
DEBUG Player found in detection range
DEBUG Player found in detection range
DEBUG Player found in detection range
DEBUG Player found in detection range
DEBUG Player found in detection range
DEBUG Player found in detection range
DEBUG Player found in detection range
DEBUG Player found in detection range
DEBUG Player found in detection range
DEBUG Player found in detection range
DEBUG Player found in detection range
DEBUG Player found in detection range
DEBUG Player found in detection range
DEBUG Player found in detection range
DEBUG Player found in detection range
DEBUG Player found in detection range
DEBUG Player found in detection range
DEBUG Player found in detection range
DEBUG Player found in detection range
DEBUG Player found in detection range
DEBUG Player found in detection range
DEBUG Player found in detection range
DEBUG Player found in detection range
DEBUG Player found in detection range
DEBUG Player found in detection range
DEBUG Player found in detection range
DEBUG Player found in detection range
DEBUG Player found in detection range
DEBUG Player found in detection range
DEBUG Player found in detection range
DEBUG Player found in detection range
DEBUG Player found in detection range
DEBUG Player found in detection range
DEBUG Player found in detection range
DEBUG Player found in detection range
DEBUG Player found in detection range
DEBUG Player found in detection range
DEBUG Player found in detection range
DEBUG Player found in detection range
DEBUG Player found in detection range
DEBUG Player found in detection range
DEBUG Player found in detection range
DEBUG Player found in detection range
DEBUG Player found in detection range
DEBUG Player found in detection range
DEBUG Player found in detection range
DEBUG Player found in detection range
DEBUG Player found in detection range
DEBUG Player found in detection range
DEBUG Player found in detection range
DEBUG Player found in detection range
DEBUG Player found in detection range
DEBUG Player found in detection range
DEBUG Player found in detection range
DEBUG Player found in detection range
DEBUG Player found in detection range
DEBUG Player found in detection range
DEBUG Player found in detection range
DEBUG Player found in detection range
DEBUG Player found in detection range
DEBUG Player found in detection range
DEBUG Player found in detection range
DEBUG Player found in detection range
DEBUG Player found in detection range
DEBUG Player found in detection range
DEBUG Player found in detection range
DEBUG Player found in detection range
DEBUG Player found in detection range
DEBUG Player found in detection range
DEBUG Player found in detection range
DEBUG Player found in detection range
DEBUG Player found in detection range
DEBUG Player found in detection range
DEBUG Player found in detection range
DEBUG Player found in detection range
DEBUG Player found in detection range
DEBUG Player found in detection range
DEBUG Player found in detection range
DEBUG Player found in detection range
DEBUG Player found in detection range
DEBUG Player found in detection range
DEBUG Player found in detection range
DEBUG Player found in detection range
DEBUG Player found in detection range
DEBUG Player found in detection range
DEBUG Player found in detection range
DEBUG Player found in detection range
DEBUG Player found in detection range
DEBUG Player found in detection range
DEBUG Player found in detection range
DEBUG Player found in detection range
DEBUG Player found in detection range
DEBUG Player found in detection range
DEBUG Player found in detection range
DEBUG Player found in detection range
DEBUG Player found in detection range
DEBUG Player found in detection range
DEBUG Player found in detection range
DEBUG Player found in detection range
DEBUG Player found in detection range
DEBUG Player found in detection range
DEBUG Player found in detection range
DEBUG Player found in detection range
DEBUG Player found in detection range
DEBUG Player found in detection range
DEBUG Player found in detection range
DEBUG Player found in detection range
DEBUG Player found in detection range
DEBUG Player found in detection range
DEBUG Player found in detection range
DEBUG Player found in detection range
DEBUG Player found in detection range
DEBUG Player found in detection range
DEBUG Player found in detection range
DEBUG Player found in detection range
DEBUG Player found in detection range
DEBUG Player found in detection range
DEBUG Player found in detection range
DEBUG Player found in detection range
DEBUG Player found in detection range
DEBUG Player found in detection range
DEBUG Player found in detection range
DEBUG Player found in detection range
DEBUG Player found in detection range
DEBUG Player found in detection range
DEBUG Player found in detection range
DEBUG Player found in detection range
DEBUG Player found in detection range
DEBUG Player found in detection range
DEBUG Player found in detection range
DEBUG Player found in detection range
DEBUG Player found in detection range
DEBUG Player found in detection range
DEBUG Player found in detection range
DEBUG Player found in detection range
DEBUG Player found in detection range
DEBUG Player found in detection range
DEBUG Player found in detection range
DEBUG Player found in detection range
DEBUG Player found in detection range
DEBUG Player found in detection range
DEBUG Player found in detection range
DEBUG Player found in detection range
DEBUG Player found in detection range
DEBUG Player found in detection range
DEBUG Player found in detection range
DEBUG Player found in detection range
DEBUG Player found in detection range
DEBUG Player found in detection range
DEBUG Player found in detection range
DEBUG Player found in detection range
DEBUG Player found in detection range
DEBUG Player found in detection range
DEBUG Player found in detection range
DEBUG Player found in detection range
DEBUG Player found in detection range
DEBUG Player found in detection range
DEBUG Player found in detection range
DEBUG Player found in detection range
DEBUG Player found in detection range
DEBUG Player found in detection range
DEBUG Player found in detection range
DEBUG Player found in detection range
DEBUG Player found in detection range
DEBUG Player found in detection range
DEBUG Player found in detection range
DEBUG Player found in detection range
DEBUG Player found in detection range
DEBUG Player found in detection range
DEBUG Player found in detection range
DEBUG Player found in detection range
DEBUG Player found in detection range
DEBUG Player found in detection range
DEBUG Player found in detection range
DEBUG Player found in detection range
DEBUG Player found in detection range
DEBUG Player found in detection range
DEBUG Player found in detection range
DEBUG Player found in detection range
DEBUG Player found in detection range
DEBUG Player found in detection range
DEBUG Player found in detection range
DEBUG Player found in detection range
DEBUG Player found in detection range
DEBUG Player found in detection range
DEBUG Player found in detection range
DEBUG Player found in detection range
DEBUG Player found in detection range
DEBUG Player found in detection range
DEBUG Player found in detection range
DEBUG Player found in detection range
DEBUG Player found in detection range
DEBUG Player found in detection range
DEBUG Player found in detection range
DEBUG Player found in detection range
DEBUG Player found in detection range
DEBUG Player found in detection range
DEBUG Player found in detection range
DEBUG Player found in detection range
DEBUG Player found in detection range
DEBUG Player found in detection range
DEBUG Player found in detection range
DEBUG Player found in detection range
DEBUG Player found in detection range
DEBUG Player found in detection range
DEBUG Player found in detection range
DEBUG Player found in detection range
DEBUG Player found in detection range
DEBUG Player found in detection range
DEBUG Player found in detection range
DEBUG Player found in detection range
DEBUG Player found in detection range
DEBUG Player found in detection range
DEBUG Player found in detection range
DEBUG Player found in detection range
DEBUG Player found in detection range
DEBUG Player found in detection range
DEBUG Player found in detection range
DEBUG Player found in detection range
DEBUG Player found in detection range
DEBUG Player found in detection range
DEBUG Player found in detection range
DEBUG Player found in detection range
DEBUG Player found in detection range
DEBUG Player found in detection range
DEBUG Player found in detection range
DEBUG Player found in detection range
DEBUG Player found in detection range
DEBUG Player found in detection range
DEBUG Player found in detection range
DEBUG Player found in detection range
DEBUG Player found in detection range
DEBUG Player found in detection range
DEBUG Player found in detection range
DEBUG Player found in detection range
DEBUG Player found in detection range
DEBUG Player found in detection range
DEBUG Player found in detection range
DEBUG Player found in detection range
DEBUG Player found in detection range
DEBUG Player found in detection range
DEBUG Player found in detection range
DEBUG Player found in detection range
DEBUG Player found in detection range
DEBUG Player found in detection range
DEBUG Player found in detection range
DEBUG Player found in detection range
DEBUG Player found in detection range
DEBUG Player found in detection range
DEBUG Player found in detection range
DEBUG Player found in detection range
DEBUG Player found in detection range
DEBUG Player found in detection range
DEBUG Player found in detection range
DEBUG Player found in detection range
DEBUG Player found in detection range
DEBUG Player found in detection range
DEBUG Player found in detection range
DEBUG Player found in detection range
DEBUG Player found in detection range
DEBUG Player found in detection range
DEBUG Player found in detection range
DEBUG Player found in detection range
DEBUG Player found in detection range
DEBUG Player found in detection range
DEBUG Player found in detection range
DEBUG Player found in detection range
DEBUG Player found in detection range
DEBUG Player found in detection range
DEBUG Player found in detection range
DEBUG Player found in detection range
DEBUG Player found in detection range
DEBUG Player found in detection range
DEBUG Player found in detection range
DEBUG Player found in detection range
DEBUG Player found in detection range
DEBUG Player found in detection range
DEBUG Player found in detection range
DEBUG Player found in detection range
DEBUG Player found in detection range
DEBUG Player found in detection range
DEBUG Player found in detection range
DEBUG Player found in detection range
DEBUG Player found in detection range
DEBUG Player found in detection range
DEBUG Player found in detection range
DEBUG Player found in detection range
DEBUG Player found in detection range
DEBUG Player found in detection range
DEBUG Player found in detection range
DEBUG Player found in detection range
DEBUG Player found in detection range
DEBUG Player found in detection range
DEBUG Player found in detection range
DEBUG Player found in detection range
DEBUG Player found in detection range
DEBUG Player found in detection range
DEBUG Player found in detection range
DEBUG Player found in detection range
DEBUG Player found in detection range
DEBUG Player found in detection range
DEBUG Player found in detection range
DEBUG Player found in detection range
DEBUG Player found in detection range
DEBUG Player found in detection range
DEBUG Player found in detection range
DEBUG Player found in detection range
DEBUG Player found in detection range
DEBUG Player found in detection range
DEBUG Player found in detection range
DEBUG Player found in detection range
DEBUG Player found in detection range
DEBUG Player found in detection range
DEBUG Player found in detection range
DEBUG Player found in detection range
DEBUG Player found in detection range
DEBUG Player found in detection range
DEBUG Player found in detection range
DEBUG Player found in detection range
DEBUG Player found in detection range
DEBUG Player found in detection range
DEBUG Player found in detection range
DEBUG Player found in detection range
DEBUG Player found in detection range
DEBUG Player found in detection range
DEBUG Player found in detection range
DEBUG Player found in detection range
DEBUG Player found in detection range
DEBUG Player found in detection range
DEBUG Player found in detection range
DEBUG Player found in detection range
DEBUG Player found in detection range
DEBUG Player found in detection range
DEBUG Player found in detection range
DEBUG Player found in detection range
DEBUG Player found in detection range
DEBUG Player found in detection range
DEBUG Player found in detection range
DEBUG Player found in detection range
DEBUG Player found in detection range
DEBUG Player found in detection range
DEBUG Player found in detection range
DEBUG Player found in detection range
DEBUG Player found in detection range
DEBUG Player found in detection range
DEBUG Player found in detection range
DEBUG Player found in detection range
DEBUG Player found in detection range
DEBUG Player found in detection range
DEBUG Player found in detection range
DEBUG Player found in detection range
DEBUG Player found in detection range
DEBUG Player found in detection range
DEBUG Player found in detection range
DEBUG Player found in detection range
DEBUG Player found in detection range
DEBUG Player found in detection range
DEBUG Player found in detection range
DEBUG Player found in detection range
DEBUG Player found in detection range
DEBUG Player found in detection range
DEBUG Player found in detection range
DEBUG Player found in detection range
DEBUG Player found in detection range
DEBUG Player found in detection range
DEBUG Player found in detection range
DEBUG Player found in detection range
DEBUG Player found in detection range
DEBUG Player found in detection range
DEBUG Player found in detection range
DEBUG Player found in detection range
DEBUG Player found in detection range
DEBUG Player found in detection range
DEBUG Player found in detection range
DEBUG Player found in detection range
DEBUG Player found in detection range
DEBUG Player found in detection range
DEBUG Player found in detection range
DEBUG Player found in detection range
DEBUG Player found in detection range
DEBUG Player found in detection range
DEBUG Player found in detection range
DEBUG Player found in detection range
DEBUG Player found in detection range
DEBUG Player found in detection range
DEBUG Player found in detection range
DEBUG Player found in detection range
DEBUG Player found in detection range
DEBUG Player found in detection range
DEBUG Player found in detection range
DEBUG Player found in detection range
DEBUG Player found in detection range
DEBUG Player found in detection range
DEBUG Player found in detection range
DEBUG Player found in detection range
DEBUG Player found in detection range
DEBUG Player found in detection range
DEBUG Player found in detection range
DEBUG Player found in detection range
DEBUG Player found in detection range
DEBUG Player found in detection range
DEBUG Player found in detection range
DEBUG Player found in detection range
DEBUG Player found in detection range
DEBUG Player found in detection range
DEBUG Player found in detection range
DEBUG Player found in detection range
DEBUG Player found in detection range
DEBUG Player found in detection range
DEBUG Player found in detection range
DEBUG Player found in detection range
DEBUG Player found in detection range
DEBUG Player found in detection range
DEBUG Player found in detection range
DEBUG Player found in detection range
DEBUG Player found in detection range
DEBUG Player found in detection range
DEBUG Player found in detection range
DEBUG Player found in detection range
DEBUG Player found in detection range
DEBUG Player found in detection range
DEBUG Player found in detection range
DEBUG Player found in detection range
DEBUG Player found in detection range
DEBUG Player found in detection range
DEBUG Player found in detection range
DEBUG Player found in detection range
DEBUG Player found in detection range
DEBUG Player found in detection range
DEBUG Player found in detection range
DEBUG Player found in detection range
DEBUG Player found in detection range
DEBUG Player found in detection range
DEBUG Player found in detection range
DEBUG Player found in detection range
DEBUG Player found in detection range
DEBUG Player found in detection range
DEBUG Player found in detection range
DEBUG Player found in detection range
DEBUG Player found in detection range
DEBUG Player found in detection range
DEBUG Player found in detection range
DEBUG Player found in detection range
DEBUG Player found in detection range
DEBUG Player found in detection range
DEBUG Player found in detection range
DEBUG Player found in detection range
DEBUG Player found in detection range
DEBUG Player found in detection range
DEBUG Player found in detection range
DEBUG Player found in detection range
DEBUG Player found in detection range
DEBUG Player found in detection range
DEBUG Player found in detection range
DEBUG Player found in detection range
DEBUG Player found in detection range
DEBUG Player found in detection range
DEBUG Player found in detection range
DEBUG Player found in detection range
DEBUG Player found in detection range
DEBUG Player found in detection range
DEBUG Player found in detection range
DEBUG Player found in detection range
DEBUG Player found in detection range
DEBUG Player found in detection range
DEBUG Player found in detection range
DEBUG Player found in detection range
DEBUG Player found in detection range
DEBUG Player found in detection range
DEBUG Player found in detection range
DEBUG Player found in detection range
DEBUG Player found in detection range
DEBUG Player found in detection range
DEBUG Player found in detection range
DEBUG Player found in detection range
DEBUG Player found in detection range
DEBUG Player found in detection range
DEBUG Player found in detection range
DEBUG Player found in detection range
DEBUG Player found in detection range
DEBUG Player found in detection range
DEBUG Player found in detection range
DEBUG Player found in detection range
DEBUG Player found in detection range
DEBUG Player found in detection range
DEBUG Player found in detection range
DEBUG Player found in detection range
DEBUG Player found in detection range
DEBUG Player found in detection range
DEBUG Player found in detection range
DEBUG Player found in detection range
DEBUG Player found in detection range
DEBUG Player found in detection range
DEBUG Player found in detection range
DEBUG Player found in detection range
DEBUG Player found in detection range
DEBUG Player found in detection range
DEBUG Player found in detection range
DEBUG Player found in detection range
DEBUG Player found in detection range
DEBUG Player found in detection range
DEBUG Player found in detection range
DEBUG Player found in detection range
DEBUG Player found in detection range
DEBUG Player found in detection range
DEBUG Player found in detection range
DEBUG Player found in detection range
DEBUG Player found in detection range
DEBUG Player found in detection range
DEBUG Player found in detection range
DEBUG Player found in detection range
DEBUG Player found in detection range
DEBUG Player found in detection range
DEBUG Player found in detection range
DEBUG Player found in detection range
DEBUG Player found in detection range
DEBUG Player found in detection range
DEBUG Player found in detection range
DEBUG Player found in detection range
DEBUG Player found in detection range
DEBUG Player found in detection range
DEBUG Player found in detection range
DEBUG Player found in detection range
DEBUG Player found in detection range
DEBUG Player found in detection range
DEBUG Player found in detection range
DEBUG Player found in detection range
DEBUG Player found in detection range
DEBUG Player found in detection range
DEBUG Player found in detection range
DEBUG Player found in detection range
DEBUG Player found in detection range
DEBUG Player found in detection range
DEBUG Player found in detection range
DEBUG Player found in detection range
DEBUG Player found in detection range
DEBUG Player found in detection range
DEBUG Player found in detection range
DEBUG Player found in detection range
DEBUG Player found in detection range
DEBUG Player found in detection range
DEBUG Player found in detection range
DEBUG Player found in detection range
DEBUG Player found in detection range
DEBUG Player found in detection range
DEBUG Player found in detection range
DEBUG Player found in detection range
DEBUG Player found in detection range
DEBUG Player found in detection range
DEBUG Player found in detection range
DEBUG Player found in detection range
DEBUG Player found in detection range
DEBUG Player found in detection range
DEBUG Player found in detection range
DEBUG Player found in detection range
DEBUG Player found in detection range
DEBUG Player found in detection range
DEBUG Player found in detection range
DEBUG Player found in detection range
DEBUG Player found in detection range
DEBUG Player found in detection range
DEBUG Player found in detection range
DEBUG Player found in detection range
DEBUG Player found in detection range
DEBUG Player found in detection range
DEBUG Player found in detection range
DEBUG Player found in detection range
DEBUG Player found in detection range
DEBUG Player found in detection range
DEBUG Player found in detection range
DEBUG Player found in detection range
DEBUG Player found in detection range
DEBUG Player found in detection range
DEBUG Player found in detection range
DEBUG Player found in detection range
DEBUG Player found in detection range
DEBUG Player found in detection range
DEBUG Player found in detection range
DEBUG Player found in detection range
DEBUG Player found in detection range
DEBUG Player found in detection range
DEBUG Player found in detection range
DEBUG Player found in detection range
DEBUG Player found in detection range
DEBUG Player found in detection range
DEBUG Player found in detection range
DEBUG Player found in detection range
DEBUG Player found in detection range
DEBUG Player found in detection range
DEBUG Player found in detection range
DEBUG Player found in detection range
DEBUG Player found in detection range
DEBUG Player found in detection range
DEBUG Player found in detection range
DEBUG Player found in detection range
DEBUG Player found in detection range
DEBUG Player found in detection range
DEBUG Player found in detection range
DEBUG Player found in detection range
DEBUG Player found in detection range
DEBUG Player found in detection range
DEBUG Player found in detection range
DEBUG Player found in detection range
DEBUG Player found in detection range
DEBUG Player found in detection range
DEBUG Player found in detection range
DEBUG Player found in detection range
DEBUG Player found in detection range
DEBUG Player found in detection range
DEBUG Player found in detection range
DEBUG Player found in detection range
DEBUG Player found in detection range
DEBUG Player found in detection range
DEBUG Player found in detection range
DEBUG Player found in detection range
DEBUG Player found in detection range
DEBUG Player found in detection range
DEBUG Player found in detection range
DEBUG Player found in detection range
DEBUG Player found in detection range
DEBUG Player found in detection range
DEBUG Player found in detection range
DEBUG Player found in detection range
DEBUG Player found in detection range
DEBUG Player found in detection range
DEBUG Player found in detection range
DEBUG Player found in detection range
DEBUG Player found in detection range
DEBUG Player found in detection range
DEBUG Player found in detection range
DEBUG Player found in detection range
DEBUG Player found in detection range
DEBUG Player found in detection range
DEBUG Player found in detection range
DEBUG Player found in detection range
DEBUG Player found in detection range
DEBUG Player found in detection range
DEBUG Player found in detection range
DEBUG Player found in detection range
DEBUG Player found in detection range
DEBUG Player found in detection range
DEBUG Player found in detection range
DEBUG Player found in detection range
DEBUG Player found in detection range
DEBUG Player found in detection range
DEBUG Player found in detection range
DEBUG Player found in detection range
DEBUG Player found in detection range
DEBUG Player found in detection range
DEBUG Player found in detection range
DEBUG Player found in detection range
DEBUG Player found in detection range
DEBUG Player found in detection range
DEBUG Player found in detection range
DEBUG Player found in detection range
DEBUG Player found in detection range
DEBUG Player found in detection range
DEBUG Player found in detection range
DEBUG Player found in detection range
DEBUG Player found in detection range
DEBUG Player found in detection range
DEBUG Player found in detection range
DEBUG Player found in detection range
DEBUG Player found in detection range
DEBUG Player found in detection range
DEBUG Player found in detection range
DEBUG Player found in detection range
DEBUG Player found in detection range
DEBUG Player found in detection range
DEBUG Player found in detection range
DEBUG Player found in detection range
DEBUG Player found in detection range
DEBUG Player found in detection range
DEBUG Player found in detection range
DEBUG Player found in detection range
DEBUG Player found in detection range
DEBUG Player found in detection range
DEBUG Player found in detection range
DEBUG Player found in detection range
DEBUG Player found in detection range
DEBUG Player found in detection range
DEBUG Player found in detection range
DEBUG Player found in detection range
DEBUG Player found in detection range
DEBUG Player found in detection range
DEBUG Player found in detection range
DEBUG Player found in detection range
DEBUG Player found in detection range
DEBUG Player found in detection range
DEBUG Player found in detection range
DEBUG Player found in detection range
DEBUG Player found in detection range
DEBUG Player found in detection range
DEBUG Player found in detection range
DEBUG Player found in detection range
DEBUG Player found in detection range
DEBUG Player found in detection range
DEBUG Player found in detection range
DEBUG Player found in detection range
DEBUG Player found in detection range
DEBUG Player found in detection range
DEBUG Player found in detection range
DEBUG Player found in detection range
DEBUG Player found in detection range
DEBUG Player found in detection range
DEBUG Player found in detection range
DEBUG Player found in detection range
DEBUG Player found in detection range
DEBUG Player found in detection range
DEBUG Player found in detection range
DEBUG Player found in detection range
DEBUG Player found in detection range
DEBUG Player found in detection range
DEBUG Player found in detection range
DEBUG Player found in detection range
DEBUG Player found in detection range
DEBUG Player found in detection range
DEBUG Player found in detection range
DEBUG Player found in detection range
DEBUG Player found in detection range
DEBUG Player found in detection range
DEBUG Player found in detection range
DEBUG Player found in detection range
DEBUG Player found in detection range
DEBUG Player found in detection range
DEBUG Player found in detection range
DEBUG Player found in detection range
DEBUG Player found in detection range
DEBUG Player found in detection range
DEBUG Player found in detection range
DEBUG Player found in detection range
DEBUG Player found in detection range
DEBUG Player found in detection range
DEBUG Player found in detection range
DEBUG Player found in detection range
DEBUG Player found in detection range
DEBUG Player found in detection range
DEBUG Player found in detection range
DEBUG Player found in detection range
DEBUG Player found in detection range
DEBUG Player found in detection range
DEBUG Player found in detection range
DEBUG Player found in detection range
DEBUG Player found in detection range
DEBUG Player found in detection range
DEBUG Player found in detection range
DEBUG Player found in detection range
DEBUG Player found in detection range
DEBUG Player found in detection range
DEBUG Player found in detection range
DEBUG Player found in detection range
DEBUG Player found in detection range
DEBUG Player found in detection range
DEBUG Player found in detection range
DEBUG Player found in detection range
DEBUG Player found in detection range
DEBUG Player found in detection range
DEBUG Player found in detection range
DEBUG Player found in detection range
DEBUG Player found in detection range
DEBUG Player found in detection range
DEBUG Player found in detection range
DEBUG Player found in detection range
DEBUG Player found in detection range
DEBUG Player found in detection range
DEBUG Player found in detection range
DEBUG Player found in detection range
DEBUG Player found in detection range
DEBUG Player found in detection range
DEBUG Player found in detection range
DEBUG Player found in detection range
DEBUG Player found in detection range
DEBUG Player found in detection range
DEBUG Player found in detection range
DEBUG Player found in detection range
DEBUG Player found in detection range
DEBUG Player found in detection range
DEBUG Player found in detection range
DEBUG Player found in detection range
DEBUG Player found in detection range
DEBUG Player found in detection range
DEBUG Player found in detection range
DEBUG Player found in detection range
DEBUG Player found in detection range
DEBUG Player found in detection range
DEBUG Player found in detection range
DEBUG Player found in detection range
DEBUG Player found in detection range
DEBUG Player found in detection range
DEBUG Player found in detection range
DEBUG Player found in detection range
DEBUG Player found in detection range
DEBUG Player found in detection range
DEBUG Player found in detection range
DEBUG Player found in detection range
DEBUG Player found in detection range
DEBUG Player found in detection range
DEBUG Player found in detection range
DEBUG Player found in detection range
DEBUG Player found in detection range
DEBUG Player found in detection range
DEBUG Player found in detection range
DEBUG Player found in detection range
DEBUG Player found in detection range
DEBUG Player found in detection range
DEBUG Player found in detection range
DEBUG Player found in detection range
DEBUG Player found in detection range
DEBUG Player found in detection range
DEBUG Player found in detection range
DEBUG Player found in detection range
DEBUG Player found in detection range
DEBUG Player found in detection range
DEBUG Player found in detection range
DEBUG Player found in detection range
DEBUG Player found in detection range
DEBUG Player found in detection range
DEBUG Player found in detection range
DEBUG Player found in detection range
DEBUG Player found in detection range
DEBUG Player found in detection range
DEBUG Player found in detection range
DEBUG Player found in detection range
DEBUG Player found in detection range
DEBUG Player found in detection range
DEBUG Player found in detection range
DEBUG Player found in detection range
DEBUG Player found in detection range
DEBUG Player found in detection range
DEBUG Player found in detection range
DEBUG Player found in detection range
DEBUG Player found in detection range
DEBUG Player found in detection range
DEBUG Player found in detection range
DEBUG Player found in detection range
DEBUG Player found in detection range
DEBUG Player found in detection range
DEBUG Player found in detection range
DEBUG Player found in detection range
DEBUG Player found in detection range
DEBUG Player found in detection range
DEBUG Player found in detection range
DEBUG Player found in detection range
DEBUG Player found in detection range
DEBUG Player found in detection range
DEBUG Player found in detection range
DEBUG Player found in detection range
DEBUG Player found in detection range
DEBUG Player found in detection range
DEBUG Player found in detection range
DEBUG Player found in detection range
DEBUG Player found in detection range
DEBUG Player found in detection range
DEBUG Player found in detection range
DEBUG Player found in detection range
DEBUG Player found in detection range
DEBUG Player found in detection range
DEBUG Player found in detection range
DEBUG Player found in detection range
DEBUG Player found in detection range
DEBUG Player found in detection range
DEBUG Player found in detection range
DEBUG Player found in detection range
DEBUG Player found in detection range
DEBUG Player found in detection range
DEBUG Player found in detection range
DEBUG Player found in detection range
DEBUG Player found in detection range
DEBUG Player found in detection range
DEBUG Player found in detection range
DEBUG Player found in detection range
DEBUG Player found in detection range
DEBUG Player found in detection range
DEBUG Player found in detection range
DEBUG Player found in detection range
DEBUG Player found in detection range
DEBUG Player found in detection range
DEBUG Player found in detection range
DEBUG Player found in detection range
DEBUG Player found in detection range
DEBUG Player found in detection range
DEBUG Player found in detection range
DEBUG Player found in detection range
DEBUG Player found in detection range
DEBUG Player found in detection range
DEBUG Player found in detection range
DEBUG Player found in detection range
DEBUG Player found in detection range
DEBUG Player found in detection range
DEBUG Player found in detection range
DEBUG Player found in detection range
DEBUG Player found in detection range
DEBUG Player found in detection range
DEBUG Player found in detection range
DEBUG Player found in detection range
DEBUG Player found in detection range
DEBUG Player found in detection range
DEBUG Player found in detection range
DEBUG Player found in detection range
DEBUG Player found in detection range
DEBUG Player found in detection range
DEBUG Player found in detection range
DEBUG Player found in detection range
DEBUG Player found in detection range
DEBUG Player found in detection range
DEBUG Player found in detection range
DEBUG Player found in detection range
DEBUG Player found in detection range
DEBUG Player found in detection range
DEBUG Player found in detection range
DEBUG Player found in detection range
DEBUG Player found in detection range
DEBUG Player found in detection range
DEBUG Player found in detection range
DEBUG Player found in detection range
DEBUG Player found in detection range
DEBUG Player found in detection range
DEBUG Player found in detection range
DEBUG Player found in detection range
DEBUG Player found in detection range
DEBUG Player found in detection range
DEBUG Player found in detection range
DEBUG Player found in detection range
DEBUG Player found in detection range
DEBUG Player found in detection range
DEBUG Player found in detection range
DEBUG Player found in detection range
DEBUG Player found in detection range
DEBUG Player found in detection range
DEBUG Player found in detection range
DEBUG Player found in detection range
DEBUG Player found in detection range
DEBUG Player found in detection range
DEBUG Player found in detection range
DEBUG Player found in detection range
DEBUG Player found in detection range
DEBUG Player found in detection range
DEBUG Player found in detection range
DEBUG Player found in detection range
DEBUG Player found in detection range
DEBUG Player found in detection range
DEBUG Player found in detection range
DEBUG Player found in detection range
DEBUG Player found in detection range
DEBUG Player found in detection range
DEBUG Player found in detection range
DEBUG Player found in detection range
DEBUG Player found in detection range
DEBUG Player found in detection range
DEBUG Player found in detection range
DEBUG Player found in detection range
DEBUG Player found in detection range
DEBUG Player found in detection range
DEBUG Player found in detection range
DEBUG Player found in detection range
DEBUG Player found in detection range
DEBUG Player found in detection range
DEBUG Player found in detection range
DEBUG Player found in detection range
DEBUG Player found in detection range
DEBUG Player found in detection range
DEBUG Player found in detection range
DEBUG Player found in detection range
DEBUG Player found in detection range
DEBUG Player found in detection range
DEBUG Player found in detection range
DEBUG Player found in detection range
DEBUG Player found in detection range
DEBUG Player found in detection range
DEBUG Player found in detection range
DEBUG Player found in detection range
DEBUG Player found in detection range
DEBUG Player found in detection range
DEBUG Player found in detection range
DEBUG Player found in detection range
DEBUG Player found in detection range
DEBUG Player found in detection range
DEBUG Player found in detection range
DEBUG Player found in detection range
DEBUG Player found in detection range
DEBUG Player found in detection range
DEBUG Player found in detection range
DEBUG Player found in detection range
DEBUG Player found in detection range
DEBUG Player found in detection range
DEBUG Player found in detection range
DEBUG Player found in detection range
DEBUG Player found in detection range
DEBUG Player found in detection range
DEBUG Player found in detection range
DEBUG Player found in detection range
DEBUG Player found in detection range
DEBUG Player found in detection range
DEBUG Player found in detection range
DEBUG Player found in detection range
DEBUG Player found in detection range
DEBUG Player found in detection range
DEBUG Player found in detection range
DEBUG Player found in detection range
DEBUG Player found in detection range
DEBUG Player found in detection range
DEBUG Player found in detection range
DEBUG Player found in detection range
DEBUG Player found in detection range
DEBUG Player found in detection range
DEBUG Player found in detection range
DEBUG Player found in detection range
DEBUG Player found in detection range
DEBUG Player found in detection range
DEBUG Player found in detection range
DEBUG Player found in detection range
DEBUG Player found in detection range
DEBUG Player found in detection range
DEBUG Player found in detection range
DEBUG Player found in detection range
DEBUG Player found in detection range
DEBUG Player found in detection range
DEBUG Player found in detection range
DEBUG Player found in detection range
DEBUG Player found in detection range
DEBUG Player found in detection range
DEBUG Player found in detection range
DEBUG Player found in detection range
DEBUG Player found in detection range
DEBUG Player found in detection range
DEBUG Player found in detection range
DEBUG Player found in detection range
DEBUG Player found in detection range
DEBUG Player found in detection range
DEBUG Player found in detection range
DEBUG Player found in detection range
DEBUG Player found in detection range
DEBUG Player found in detection range
DEBUG Player found in detection range
INFO SoundManager found, attempting to play hit sound
INFO PlaySound called for: hit
INFO Sound found in map, attempting to play
INFO Play command sent to sound component
INFO Player took 10.000000 damage. Health: 510.000000
INFO Enemy attacked player for 10.000000 damage
DEBUG Player found in detection range
DEBUG Attack on cooldown: 0.997746
DEBUG Player found in detection range
DEBUG Attack on cooldown: 0.996764
DEBUG Player found in detection range
DEBUG Attack on cooldown: 0.995720
DEBUG Player found in detection range
DEBUG Player found in detection range
DEBUG Player found in detection range
DEBUG Player found in detection range
DEBUG Player found in detection range
DEBUG Player found in detection range
DEBUG Player found in detection range
DEBUG Player found in detection range
DEBUG Player found in detection range
DEBUG Player found in detection range
DEBUG Player found in detection range
DEBUG Player found in detection range
DEBUG Player found in detection range
DEBUG Player found in detection range
DEBUG Player found in detection range
DEBUG Player found in detection range
DEBUG Player found in detection range
DEBUG Player found in detection range
DEBUG Player found in detection range
DEBUG Player found in detection range
DEBUG Player found in detection range
DEBUG Player found in detection range
DEBUG Player found in detection range
DEBUG Player found in detection range
DEBUG Player found in detection range
DEBUG Player found in detection range
DEBUG Player found in detection range
DEBUG Player found in detection range
DEBUG Player found in detection range
DEBUG Player found in detection range
DEBUG Player found in detection range
DEBUG Player found in detection range
DEBUG Player found in detection range
DEBUG Player found in detection range
DEBUG Player found in detection range
DEBUG Player found in detection range
DEBUG Player found in detection range
DEBUG Player found in detection range
DEBUG Player found in detection range
DEBUG Player found in detection range
DEBUG Player found in detection range
DEBUG Player found in detection range
DEBUG Player found in detection range
DEBUG Player found in detection range
DEBUG Player found in detection range
DEBUG Player found in detection range
DEBUG Player found in detection range
DEBUG Player found in detection range
DEBUG Player found in detection range
DEBUG Player found in detection range
DEBUG Player found in detection range
DEBUG Player found in detection range
DEBUG Player found in detection range
DEBUG Player found in detection range
DEBUG Player found in detection range
DEBUG Player found in detection range
DEBUG Player found in detection range
DEBUG Player found in detection range
DEBUG Player found in detection range
DEBUG Player found in detection range
DEBUG Player found in detection range
DEBUG Player found in detection range
DEBUG Player found in detection range
DEBUG Player found in detection range
DEBUG Player found in detection range
DEBUG Player found in detection range
DEBUG Player found in detection range
DEBUG Player found in detection range
DEBUG Player found in detection range
DEBUG Player found in detection range
DEBUG Player found in detection range
DEBUG Player found in detection range
DEBUG Player found in detection range
DEBUG Player found in detection range
DEBUG Player found in detection range
DEBUG Player found in detection range
DEBUG Player found in detection range
DEBUG Attack on cooldown: 0.935870
DEBUG Player found in detection range
DEBUG Attack on cooldown: 0.934810
DEBUG Player found in detection range
DEBUG Attack on cooldown: 0.933872
DEBUG Player found in detection range
DEBUG Attack on cooldown: 0.932791
DEBUG Player found in detection range
DEBUG Attack on cooldown: 0.930187
DEBUG Player found in detection range
DEBUG Attack on cooldown: 0.928500
DEBUG Player found in detection range
DEBUG Attack on cooldown: 0.926990
DEBUG Player found in detection range
DEBUG Attack on cooldown: 0.925746
DEBUG Player found in detection range
DEBUG Attack on cooldown: 0.924648
DEBUG Player found in detection range
DEBUG Attack on cooldown: 0.923496
DEBUG Player found in detection range
DEBUG Attack on cooldown: 0.922304
DEBUG Player found in detection range
DEBUG Attack on cooldown: 0.921017
DEBUG Player found in detection range
DEBUG Attack on cooldown: 0.919744
DEBUG Player found in detection range
DEBUG Attack on cooldown: 0.918349
DEBUG Player found in detection range
DEBUG Attack on cooldown: 0.917113
DEBUG Player found in detection range
DEBUG Attack on cooldown: 0.914987
DEBUG Player found in detection range
DEBUG Attack on cooldown: 0.913879
DEBUG Player found in detection range
DEBUG Attack on cooldown: 0.912880
DEBUG Player found in detection range
DEBUG Attack on cooldown: 0.911879
DEBUG Player found in detection range
DEBUG Attack on cooldown: 0.910749
DEBUG Player found in detection range
DEBUG Attack on cooldown: 0.909583
DEBUG Player found in detection range
DEBUG Attack on cooldown: 0.908606
DEBUG Player found in detection range
DEBUG Attack on cooldown: 0.907587
DEBUG Player found in detection range
DEBUG Attack on cooldown: 0.906593
DEBUG Player found in detection range
DEBUG Attack on cooldown: 0.905575
DEBUG Player found in detection range
DEBUG Attack on cooldown: 0.904500
DEBUG Player found in detection range
DEBUG Attack on cooldown: 0.903528
DEBUG Player found in detection range
DEBUG Attack on cooldown: 0.902392
DEBUG Player found in detection range
DEBUG Attack on cooldown: 0.901437
DEBUG Player found in detection range
DEBUG Attack on cooldown: 0.898927
DEBUG Player found in detection range
DEBUG Attack on cooldown: 0.897959
DEBUG Player found in detection range
DEBUG Attack on cooldown: 0.896834
DEBUG Player found in detection range
DEBUG Attack on cooldown: 0.895801
DEBUG Player found in detection range
DEBUG Attack on cooldown: 0.894816
DEBUG Player found in detection range
DEBUG Attack on cooldown: 0.893718
DEBUG Player found in detection range
DEBUG Attack on cooldown: 0.892771
DEBUG Player found in detection range
DEBUG Attack on cooldown: 0.891797
DEBUG Player found in detection range
DEBUG Attack on cooldown: 0.890878
DEBUG Player found in detection range
DEBUG Attack on cooldown: 0.890006
DEBUG Player found in detection range
DEBUG Attack on cooldown: 0.889106
DEBUG Player found in detection range
DEBUG Attack on cooldown: 0.888173
DEBUG Player found in detection range
DEBUG Attack on cooldown: 0.887312
DEBUG Player found in detection range
DEBUG Attack on cooldown: 0.886321
DEBUG Player found in detection range
DEBUG Attack on cooldown: 0.884001
DEBUG Player found in detection range
DEBUG Attack on cooldown: 0.883013
DEBUG Player found in detection range
DEBUG Attack on cooldown: 0.882075
DEBUG Player found in detection range
DEBUG Attack on cooldown: 0.881303
DEBUG Player found in detection range
DEBUG Attack on cooldown: 0.880586
DEBUG Player found in detection range
DEBUG Attack on cooldown: 0.879849
DEBUG Player found in detection range
DEBUG Attack on cooldown: 0.879143
DEBUG Player found in detection range
DEBUG Attack on cooldown: 0.878397
DEBUG Player found in detection range
DEBUG Attack on cooldown: 0.877643
DEBUG Player found in detection range
DEBUG Attack on cooldown: 0.876894
DEBUG Player found in detection range
DEBUG Attack on cooldown: 0.876091
DEBUG Player found in detection range
DEBUG Attack on cooldown: 0.875367
DEBUG Player found in detection range
DEBUG Attack on cooldown: 0.874589
DEBUG Player found in detection range
DEBUG Attack on cooldown: 0.873845
DEBUG Player found in detection range
DEBUG Attack on cooldown: 0.873122
DEBUG Player found in detection range
DEBUG Attack on cooldown: 0.872380
DEBUG Player found in detection range
DEBUG Attack on cooldown: 0.871616
DEBUG Player found in detection range
DEBUG Attack on cooldown: 0.870767
DEBUG Player found in detection range
DEBUG Attack on cooldown: 0.869811
DEBUG Player found in detection range
DEBUG Attack on cooldown: 0.867893
DEBUG Player found in detection range
DEBUG Attack on cooldown: 0.867154
DEBUG Player found in detection range
DEBUG Attack on cooldown: 0.866399
DEBUG Player found in detection range
DEBUG Attack on cooldown: 0.865639
DEBUG Player found in detection range
DEBUG Attack on cooldown: 0.864902
DEBUG Player found in detection range
DEBUG Attack on cooldown: 0.864188
DEBUG Player found in detection range
DEBUG Attack on cooldown: 0.863485
DEBUG Player found in detection range
DEBUG Attack on cooldown: 0.862583
DEBUG Player found in detection range
DEBUG Attack on cooldown: 0.861679
DEBUG Player found in detection range
DEBUG Attack on cooldown: 0.860819
DEBUG Player found in detection range
DEBUG Attack on cooldown: 0.859992
DEBUG Player found in detection range
DEBUG Attack on cooldown: 0.859131
DEBUG Player found in detection range
DEBUG Attack on cooldown: 0.858347
DEBUG Player found in detection range
DEBUG Attack on cooldown: 0.857618
DEBUG Player found in detection range
DEBUG Attack on cooldown: 0.856877
DEBUG Player found in detection range
DEBUG Attack on cooldown: 0.856135
DEBUG Player found in detection range
DEBUG Attack on cooldown: 0.855214
DEBUG Player found in detection range
DEBUG Attack on cooldown: 0.854114
DEBUG Player found in detection range
DEBUG Attack on cooldown: 0.852592
DEBUG Player found in detection range
DEBUG Attack on cooldown: 0.851740
DEBUG Player found in detection range
DEBUG Attack on cooldown: 0.850973
DEBUG Player found in detection range
DEBUG Attack on cooldown: 0.850223
DEBUG Player found in detection range
DEBUG Attack on cooldown: 0.849497
DEBUG Player found in detection range
DEBUG Attack on cooldown: 0.848714
DEBUG Player found in detection range
DEBUG Attack on cooldown: 0.848008
DEBUG Player found in detection range
DEBUG Attack on cooldown: 0.847337
DEBUG Player found in detection range
DEBUG Attack on cooldown: 0.846610
DEBUG Player found in detection range
DEBUG Attack on cooldown: 0.845884
DEBUG Player found in detection range
DEBUG Attack on cooldown: 0.845162
DEBUG Player found in detection range
DEBUG Attack on cooldown: 0.844411
DEBUG Player found in detection range
DEBUG Attack on cooldown: 0.843680
DEBUG Player found in detection range
DEBUG Attack on cooldown: 0.842929
DEBUG Player found in detection range
DEBUG Attack on cooldown: 0.841983
DEBUG Player found in detection range
DEBUG Attack on cooldown: 0.841178
DEBUG Player found in detection range
DEBUG Attack on cooldown: 0.840374
DEBUG Player found in detection range
DEBUG Attack on cooldown: 0.839651
DEBUG Player found in detection range
DEBUG Attack on cooldown: 0.837633
DEBUG Player found in detection range
DEBUG Attack on cooldown: 0.836769
DEBUG Player found in detection range
DEBUG Attack on cooldown: 0.836070
DEBUG Player found in detection range
DEBUG Attack on cooldown: 0.835268
DEBUG Player found in detection range
DEBUG Attack on cooldown: 0.834553
DEBUG Player found in detection range
DEBUG Attack on cooldown: 0.833835
DEBUG Player found in detection range
DEBUG Attack on cooldown: 0.833143
DEBUG Player found in detection range
DEBUG Attack on cooldown: 0.832411
DEBUG Player found in detection range
DEBUG Attack on cooldown: 0.831638
DEBUG Player found in detection range
DEBUG Attack on cooldown: 0.830939
DEBUG Player found in detection range
DEBUG Attack on cooldown: 0.830238
DEBUG Player found in detection range
DEBUG Attack on cooldown: 0.829514
DEBUG Player found in detection range
DEBUG Attack on cooldown: 0.828802
DEBUG Player found in detection range
DEBUG Attack on cooldown: 0.828049
DEBUG Player found in detection range
DEBUG Attack on cooldown: 0.827296
DEBUG Player found in detection range
DEBUG Attack on cooldown: 0.826485
DEBUG Player found in detection range
DEBUG Attack on cooldown: 0.825726
DEBUG Player found in detection range
DEBUG Attack on cooldown: 0.825033
DEBUG Player found in detection range
DEBUG Attack on cooldown: 0.824330
DEBUG Player found in detection range
DEBUG Attack on cooldown: 0.823516
DEBUG Player found in detection range
DEBUG Attack on cooldown: 0.821976
DEBUG Player found in detection range
DEBUG Attack on cooldown: 0.821075
DEBUG Player found in detection range
DEBUG Attack on cooldown: 0.820309
DEBUG Player found in detection range
DEBUG Attack on cooldown: 0.819553
DEBUG Player found in detection range
DEBUG Attack on cooldown: 0.818797
DEBUG Player found in detection range
DEBUG Attack on cooldown: 0.818100
DEBUG Player found in detection range
DEBUG Attack on cooldown: 0.817339
DEBUG Player found in detection range
DEBUG Attack on cooldown: 0.816616
DEBUG Player found in detection range
DEBUG Attack on cooldown: 0.815839
DEBUG Player found in detection range
DEBUG Attack on cooldown: 0.815105
DEBUG Player found in detection range
DEBUG Attack on cooldown: 0.814316
DEBUG Player found in detection range
DEBUG Attack on cooldown: 0.813405
DEBUG Player found in detection range
DEBUG Attack on cooldown: 0.812631
DEBUG Player found in detection range
DEBUG Attack on cooldown: 0.811892
DEBUG Player found in detection range
DEBUG Attack on cooldown: 0.811087
DEBUG Player found in detection range
DEBUG Attack on cooldown: 0.810282
DEBUG Player found in detection range
DEBUG Attack on cooldown: 0.809514
DEBUG Player found in detection range
DEBUG Attack on cooldown: 0.808759
DEBUG Player found in detection range
DEBUG Attack on cooldown: 0.805857
DEBUG Player found in detection range
DEBUG Attack on cooldown: 0.804756
DEBUG Player found in detection range
DEBUG Attack on cooldown: 0.803934
DEBUG Player found in detection range
DEBUG Attack on cooldown: 0.803167
DEBUG Player found in detection range
DEBUG Attack on cooldown: 0.802345
DEBUG Player found in detection range
DEBUG Attack on cooldown: 0.801430
DEBUG Player found in detection range
DEBUG Attack on cooldown: 0.800609
DEBUG Player found in detection range
DEBUG Attack on cooldown: 0.799868
DEBUG Player found in detection range
DEBUG Attack on cooldown: 0.799024
DEBUG Player found in detection range
DEBUG Attack on cooldown: 0.798229
DEBUG Player found in detection range
DEBUG Attack on cooldown: 0.797371
DEBUG Player found in detection range
DEBUG Attack on cooldown: 0.796535
DEBUG Player found in detection range
DEBUG Attack on cooldown: 0.795693
DEBUG Player found in detection range
DEBUG Attack on cooldown: 0.794941
DEBUG Player found in detection range
DEBUG Attack on cooldown: 0.794212
DEBUG Player found in detection range
DEBUG Attack on cooldown: 0.793336
DEBUG Player found in detection range
DEBUG Attack on cooldown: 0.791223
DEBUG Player found in detection range
DEBUG Attack on cooldown: 0.790395
DEBUG Player found in detection range
DEBUG Attack on cooldown: 0.789570
DEBUG Player found in detection range
DEBUG Attack on cooldown: 0.788813
DEBUG Player found in detection range
DEBUG Attack on cooldown: 0.788061
DEBUG Player found in detection range
DEBUG Attack on cooldown: 0.787323
DEBUG Player found in detection range
DEBUG Attack on cooldown: 0.786395
DEBUG Player found in detection range
DEBUG Attack on cooldown: 0.785586
DEBUG Player found in detection range
DEBUG Attack on cooldown: 0.784789
DEBUG Player found in detection range
DEBUG Attack on cooldown: 0.784072
DEBUG Player found in detection range
DEBUG Attack on cooldown: 0.783382
DEBUG Player found in detection range
DEBUG Attack on cooldown: 0.782632
DEBUG Player found in detection range
DEBUG Attack on cooldown: 0.781910
DEBUG Player found in detection range
DEBUG Attack on cooldown: 0.781182
DEBUG Player found in detection range
DEBUG Attack on cooldown: 0.780459
DEBUG Player found in detection range
DEBUG Attack on cooldown: 0.779615
DEBUG Player found in detection range
DEBUG Attack on cooldown: 0.778617
DEBUG Player found in detection range
DEBUG Attack on cooldown: 0.777835
DEBUG Player found in detection range
DEBUG Attack on cooldown: 0.777064
DEBUG Player found in detection range
DEBUG Attack on cooldown: 0.775300
DEBUG Player found in detection range
DEBUG Attack on cooldown: 0.774543
DEBUG Player found in detection range
DEBUG Attack on cooldown: 0.773819
DEBUG Player found in detection range
DEBUG Attack on cooldown: 0.773059
DEBUG Player found in detection range
DEBUG Attack on cooldown: 0.772310
DEBUG Player found in detection range
DEBUG Attack on cooldown: 0.771556
DEBUG Player found in detection range
DEBUG Attack on cooldown: 0.770816
DEBUG Player found in detection range
DEBUG Attack on cooldown: 0.770097
DEBUG Player found in detection range
DEBUG Attack on cooldown: 0.769351
DEBUG Player found in detection range
DEBUG Attack on cooldown: 0.768571
DEBUG Player found in detection range
DEBUG Attack on cooldown: 0.767834
DEBUG Player found in detection range
DEBUG Attack on cooldown: 0.767117
DEBUG Player found in detection range
DEBUG Attack on cooldown: 0.766362
DEBUG Player found in detection range
DEBUG Attack on cooldown: 0.765563
DEBUG Player found in detection range
DEBUG Attack on cooldown: 0.764805
DEBUG Player found in detection range
DEBUG Attack on cooldown: 0.764047
DEBUG Player found in detection range
DEBUG Attack on cooldown: 0.763334
DEBUG Player found in detection range
DEBUG Attack on cooldown: 0.762579
DEBUG Player found in detection range
DEBUG Attack on cooldown: 0.761813
DEBUG Player found in detection range
DEBUG Attack on cooldown: 0.760958
DEBUG Player found in detection range
DEBUG Attack on cooldown: 0.759174
DEBUG Player found in detection range
DEBUG Attack on cooldown: 0.758379
DEBUG Player found in detection range
DEBUG Attack on cooldown: 0.757512
DEBUG Player found in detection range
DEBUG Attack on cooldown: 0.756734
DEBUG Player found in detection range
DEBUG Attack on cooldown: 0.755761
DEBUG Player found in detection range
DEBUG Attack on cooldown: 0.754866
DEBUG Player found in detection range
DEBUG Attack on cooldown: 0.754113
DEBUG Player found in detection range
DEBUG Attack on cooldown: 0.753370
DEBUG Player found in detection range
DEBUG Attack on cooldown: 0.752610
DEBUG Player found in detection range
DEBUG Attack on cooldown: 0.751710
DEBUG Player found in detection range
DEBUG Attack on cooldown: 0.750788
DEBUG Player found in detection range
DEBUG Attack on cooldown: 0.749947
DEBUG Player found in detection range
DEBUG Attack on cooldown: 0.749168
DEBUG Player found in detection range
DEBUG Attack on cooldown: 0.748438
DEBUG Player found in detection range
DEBUG Attack on cooldown: 0.747649
DEBUG Player found in detection range
DEBUG Attack on cooldown: 0.746884
DEBUG Player found in detection range
DEBUG Attack on cooldown: 0.746112
DEBUG Player found in detection range
DEBUG Attack on cooldown: 0.743688
DEBUG Player found in detection range
DEBUG Attack on cooldown: 0.742799
DEBUG Player found in detection range
DEBUG Attack on cooldown: 0.741902
DEBUG Player found in detection range
DEBUG Attack on cooldown: 0.741146
DEBUG Player found in detection range
DEBUG Attack on cooldown: 0.740456
DEBUG Player found in detection range
DEBUG Attack on cooldown: 0.739722
DEBUG Player found in detection range
DEBUG Attack on cooldown: 0.738970
DEBUG Player found in detection range
DEBUG Attack on cooldown: 0.738260
DEBUG Player found in detection range
DEBUG Attack on cooldown: 0.737360
DEBUG Player found in detection range
DEBUG Attack on cooldown: 0.736452
DEBUG Player found in detection range
DEBUG Attack on cooldown: 0.735655
DEBUG Player found in detection range
DEBUG Attack on cooldown: 0.734770
DEBUG Player found in detection range
DEBUG Attack on cooldown: 0.734027
DEBUG Player found in detection range
DEBUG Attack on cooldown: 0.733307
DEBUG Player found in detection range
DEBUG Attack on cooldown: 0.732425
DEBUG Player found in detection range
DEBUG Attack on cooldown: 0.731536
DEBUG Player found in detection range
DEBUG Attack on cooldown: 0.730664
DEBUG Player found in detection range
DEBUG Attack on cooldown: 0.728104
DEBUG Player found in detection range
DEBUG Attack on cooldown: 0.727119
DEBUG Player found in detection range
DEBUG Attack on cooldown: 0.726152
DEBUG Player found in detection range
DEBUG Attack on cooldown: 0.725314
DEBUG Player found in detection range
DEBUG Attack on cooldown: 0.724435
DEBUG Player found in detection range
DEBUG Attack on cooldown: 0.723342
DEBUG Player found in detection range
DEBUG Attack on cooldown: 0.722354
DEBUG Player found in detection range
DEBUG Attack on cooldown: 0.721168
DEBUG Player found in detection range
DEBUG Attack on cooldown: 0.720240
DEBUG Player found in detection range
DEBUG Attack on cooldown: 0.719335
DEBUG Player found in detection range
DEBUG Attack on cooldown: 0.718547
DEBUG Player found in detection range
DEBUG Attack on cooldown: 0.717822
DEBUG Player found in detection range
DEBUG Attack on cooldown: 0.716861
DEBUG Player found in detection range
DEBUG Attack on cooldown: 0.716054
DEBUG Player found in detection range
DEBUG Attack on cooldown: 0.715306
DEBUG Player found in detection range
DEBUG Attack on cooldown: 0.714476
DEBUG Player found in detection range
DEBUG Attack on cooldown: 0.712367
DEBUG Player found in detection range
DEBUG Attack on cooldown: 0.711546
DEBUG Player found in detection range
DEBUG Attack on cooldown: 0.710764
DEBUG Player found in detection range
DEBUG Attack on cooldown: 0.709900
DEBUG Player found in detection range
DEBUG Attack on cooldown: 0.709063
DEBUG Player found in detection range
DEBUG Attack on cooldown: 0.708270
DEBUG Player found in detection range
DEBUG Attack on cooldown: 0.707496
DEBUG Player found in detection range
DEBUG Attack on cooldown: 0.706779
DEBUG Player found in detection range
DEBUG Attack on cooldown: 0.706022
DEBUG Player found in detection range
DEBUG Attack on cooldown: 0.705271
DEBUG Player found in detection range
DEBUG Attack on cooldown: 0.704556
DEBUG Player found in detection range
DEBUG Attack on cooldown: 0.703809
DEBUG Player found in detection range
DEBUG Attack on cooldown: 0.703050
DEBUG Player found in detection range
DEBUG Attack on cooldown: 0.702149
DEBUG Player found in detection range
DEBUG Attack on cooldown: 0.701370
DEBUG Player found in detection range
DEBUG Attack on cooldown: 0.700651
DEBUG Player found in detection range
DEBUG Attack on cooldown: 0.699889
DEBUG Player found in detection range
DEBUG Attack on cooldown: 0.699134
DEBUG Player found in detection range
DEBUG Attack on cooldown: 0.698282
DEBUG Player found in detection range
DEBUG Attack on cooldown: 0.696207
DEBUG Player found in detection range
DEBUG Attack on cooldown: 0.695417
DEBUG Player found in detection range
DEBUG Attack on cooldown: 0.694628
DEBUG Player found in detection range
DEBUG Attack on cooldown: 0.693860
DEBUG Player found in detection range
DEBUG Attack on cooldown: 0.693132
DEBUG Player found in detection range
DEBUG Attack on cooldown: 0.692033
DEBUG Player found in detection range
DEBUG Attack on cooldown: 0.690960
DEBUG Player found in detection range
DEBUG Attack on cooldown: 0.690200
DEBUG Player found in detection range
DEBUG Attack on cooldown: 0.689450
DEBUG Player found in detection range
DEBUG Attack on cooldown: 0.688638
DEBUG Player found in detection range
DEBUG Attack on cooldown: 0.687867
DEBUG Player found in detection range
DEBUG Attack on cooldown: 0.687122
DEBUG Player found in detection range
DEBUG Attack on cooldown: 0.686311
DEBUG Player found in detection range
DEBUG Attack on cooldown: 0.685564
DEBUG Player found in detection range
DEBUG Attack on cooldown: 0.684832
DEBUG Player found in detection range
DEBUG Attack on cooldown: 0.684112
DEBUG Player found in detection range
DEBUG Attack on cooldown: 0.683399
DEBUG Player found in detection range
DEBUG Attack on cooldown: 0.682669
DEBUG Player found in detection range
DEBUG Attack on cooldown: 0.680924
DEBUG Player found in detection range
DEBUG Attack on cooldown: 0.680174
DEBUG Player found in detection range
DEBUG Attack on cooldown: 0.679434
DEBUG Player found in detection range
DEBUG Attack on cooldown: 0.678664
DEBUG Player found in detection range
DEBUG Attack on cooldown: 0.677923
DEBUG Player found in detection range
DEBUG Attack on cooldown: 0.677079
DEBUG Player found in detection range
DEBUG Attack on cooldown: 0.676347
DEBUG Player found in detection range
DEBUG Attack on cooldown: 0.675407
DEBUG Player found in detection range
DEBUG Attack on cooldown: 0.674603
DEBUG Player found in detection range
DEBUG Attack on cooldown: 0.673815
DEBUG Player found in detection range
DEBUG Attack on cooldown: 0.673086
DEBUG Player found in detection range
DEBUG Attack on cooldown: 0.672335
DEBUG Player found in detection range
DEBUG Attack on cooldown: 0.671551
DEBUG Player found in detection range
DEBUG Attack on cooldown: 0.670769
DEBUG Player found in detection range
DEBUG Attack on cooldown: 0.670051
DEBUG Player found in detection range
DEBUG Attack on cooldown: 0.669307
DEBUG Player found in detection range
DEBUG Attack on cooldown: 0.668541
DEBUG Player found in detection range
DEBUG Attack on cooldown: 0.667795
DEBUG Player found in detection range
DEBUG Attack on cooldown: 0.667024
DEBUG Player found in detection range
DEBUG Attack on cooldown: 0.664865
DEBUG Player found in detection range
DEBUG Attack on cooldown: 0.664142
DEBUG Player found in detection range
DEBUG Attack on cooldown: 0.663418
DEBUG Player found in detection range
DEBUG Attack on cooldown: 0.662714
DEBUG Player found in detection range
DEBUG Attack on cooldown: 0.661969
DEBUG Player found in detection range
DEBUG Attack on cooldown: 0.661157
DEBUG Player found in detection range
DEBUG Attack on cooldown: 0.660269
DEBUG Player found in detection range
DEBUG Attack on cooldown: 0.659509
DEBUG Player found in detection range
DEBUG Attack on cooldown: 0.658767
DEBUG Player found in detection range
DEBUG Attack on cooldown: 0.658058
DEBUG Player found in detection range
DEBUG Attack on cooldown: 0.657187
DEBUG Player found in detection range
DEBUG Attack on cooldown: 0.656265
DEBUG Player found in detection range
DEBUG Attack on cooldown: 0.655517
DEBUG Player found in detection range
DEBUG Attack on cooldown: 0.654740
DEBUG Player found in detection range
DEBUG Attack on cooldown: 0.653886
DEBUG Player found in detection range
DEBUG Attack on cooldown: 0.652960
DEBUG Player found in detection range
DEBUG Attack on cooldown: 0.652138
DEBUG Player found in detection range
DEBUG Attack on cooldown: 0.651095
DEBUG Player found in detection range
DEBUG Attack on cooldown: 0.648722
DEBUG Player found in detection range
DEBUG Attack on cooldown: 0.647905
DEBUG Player found in detection range
DEBUG Attack on cooldown: 0.647124
DEBUG Player found in detection range
DEBUG Attack on cooldown: 0.646350
DEBUG Player found in detection range
DEBUG Attack on cooldown: 0.645590
DEBUG Player found in detection range
DEBUG Attack on cooldown: 0.644708
DEBUG Player found in detection range
DEBUG Attack on cooldown: 0.643923
DEBUG Player found in detection range
DEBUG Attack on cooldown: 0.643257
DEBUG Player found in detection range
DEBUG Attack on cooldown: 0.642588
DEBUG Player found in detection range
DEBUG Attack on cooldown: 0.641693
DEBUG Player found in detection range
DEBUG Attack on cooldown: 0.640846
DEBUG Player found in detection range
DEBUG Attack on cooldown: 0.639864
DEBUG Player found in detection range
DEBUG Attack on cooldown: 0.639044
DEBUG Player found in detection range
DEBUG Attack on cooldown: 0.638316
DEBUG Player found in detection range
DEBUG Attack on cooldown: 0.637590
DEBUG Player found in detection range
DEBUG Attack on cooldown: 0.636782
DEBUG Player found in detection range
DEBUG Attack on cooldown: 0.636003
DEBUG Player found in detection range
DEBUG Attack on cooldown: 0.633245
DEBUG Player found in detection range
DEBUG Attack on cooldown: 0.632292
DEBUG Player found in detection range
DEBUG Attack on cooldown: 0.631538
DEBUG Player found in detection range
DEBUG Attack on cooldown: 0.630755
DEBUG Player found in detection range
DEBUG Attack on cooldown: 0.630064
DEBUG Player found in detection range
DEBUG Attack on cooldown: 0.629315
DEBUG Player found in detection range
DEBUG Attack on cooldown: 0.628584
DEBUG Player found in detection range
DEBUG Attack on cooldown: 0.627760
DEBUG Player found in detection range
DEBUG Attack on cooldown: 0.626872
DEBUG Player found in detection range
DEBUG Attack on cooldown: 0.625973
DEBUG Player found in detection range
DEBUG Attack on cooldown: 0.625104
DEBUG Player found in detection range
DEBUG Attack on cooldown: 0.624358
DEBUG Player found in detection range
DEBUG Attack on cooldown: 0.623641
DEBUG Player found in detection range
DEBUG Attack on cooldown: 0.622910
DEBUG Player found in detection range
DEBUG Attack on cooldown: 0.622172
DEBUG Player found in detection range
DEBUG Attack on cooldown: 0.621415
DEBUG Player found in detection range
DEBUG Attack on cooldown: 0.620673
DEBUG Player found in detection range
DEBUG Attack on cooldown: 0.619762
DEBUG Player found in detection range
DEBUG Attack on cooldown: 0.617512
DEBUG Player found in detection range
DEBUG Attack on cooldown: 0.616579
DEBUG Player found in detection range
DEBUG Attack on cooldown: 0.615496
DEBUG Player found in detection range
DEBUG Attack on cooldown: 0.614747
DEBUG Player found in detection range
DEBUG Attack on cooldown: 0.613824
DEBUG Player found in detection range
DEBUG Attack on cooldown: 0.612860
DEBUG Player found in detection range
DEBUG Attack on cooldown: 0.611878
DEBUG Player found in detection range
DEBUG Attack on cooldown: 0.611089
DEBUG Player found in detection range
DEBUG Attack on cooldown: 0.610198
DEBUG Player found in detection range
DEBUG Attack on cooldown: 0.609418
DEBUG Player found in detection range
DEBUG Attack on cooldown: 0.608640
DEBUG Player found in detection range
DEBUG Attack on cooldown: 0.607917
DEBUG Player found in detection range
DEBUG Attack on cooldown: 0.607139
DEBUG Player found in detection range
DEBUG Attack on cooldown: 0.606428
DEBUG Player found in detection range
DEBUG Attack on cooldown: 0.605682
DEBUG Player found in detection range
DEBUG Attack on cooldown: 0.604968
DEBUG Player found in detection range
DEBUG Attack on cooldown: 0.604116
DEBUG Player found in detection range
DEBUG Attack on cooldown: 0.601874
DEBUG Player found in detection range
DEBUG Attack on cooldown: 0.600998
DEBUG Player found in detection range
DEBUG Attack on cooldown: 0.600236
DEBUG Player found in detection range
DEBUG Attack on cooldown: 0.599513
DEBUG Player found in detection range
DEBUG Attack on cooldown: 0.598601
DEBUG Player found in detection range
DEBUG Attack on cooldown: 0.597755
DEBUG Player found in detection range
DEBUG Attack on cooldown: 0.596955
DEBUG Player found in detection range
DEBUG Attack on cooldown: 0.596161
DEBUG Player found in detection range
DEBUG Attack on cooldown: 0.595383
DEBUG Player found in detection range
DEBUG Attack on cooldown: 0.594640
DEBUG Player found in detection range
DEBUG Attack on cooldown: 0.593913
DEBUG Player found in detection range
DEBUG Attack on cooldown: 0.593117
DEBUG Player found in detection range
DEBUG Attack on cooldown: 0.592397
DEBUG Player found in detection range
DEBUG Attack on cooldown: 0.591470
DEBUG Player found in detection range
DEBUG Attack on cooldown: 0.590698
DEBUG Player found in detection range
DEBUG Attack on cooldown: 0.589955
DEBUG Player found in detection range
DEBUG Attack on cooldown: 0.589205
DEBUG Player found in detection range
DEBUG Attack on cooldown: 0.587059
DEBUG Player found in detection range
DEBUG Attack on cooldown: 0.586139
DEBUG Player found in detection range
DEBUG Attack on cooldown: 0.585345
DEBUG Player found in detection range
DEBUG Attack on cooldown: 0.584403
DEBUG Player found in detection range
DEBUG Attack on cooldown: 0.583607
DEBUG Player found in detection range
DEBUG Attack on cooldown: 0.582846
DEBUG Player found in detection range
DEBUG Attack on cooldown: 0.582074
DEBUG Player found in detection range
DEBUG Attack on cooldown: 0.581171
DEBUG Player found in detection range
DEBUG Attack on cooldown: 0.580413
DEBUG Player found in detection range
DEBUG Attack on cooldown: 0.579650
DEBUG Player found in detection range
DEBUG Attack on cooldown: 0.578884
DEBUG Player found in detection range
DEBUG Attack on cooldown: 0.578114
DEBUG Player found in detection range
DEBUG Attack on cooldown: 0.577286
DEBUG Player found in detection range
DEBUG Attack on cooldown: 0.576508
DEBUG Player found in detection range
DEBUG Attack on cooldown: 0.575747
DEBUG Player found in detection range
DEBUG Attack on cooldown: 0.575009
DEBUG Player found in detection range
DEBUG Attack on cooldown: 0.574226
DEBUG Player found in detection range
DEBUG Attack on cooldown: 0.573372
DEBUG Player found in detection range
DEBUG Attack on cooldown: 0.571582
DEBUG Player found in detection range
DEBUG Attack on cooldown: 0.570715
DEBUG Player found in detection range
DEBUG Attack on cooldown: 0.569905
DEBUG Player found in detection range
DEBUG Attack on cooldown: 0.569136
DEBUG Player found in detection range
DEBUG Attack on cooldown: 0.568396
DEBUG Player found in detection range
DEBUG Attack on cooldown: 0.567685
DEBUG Player found in detection range
DEBUG Attack on cooldown: 0.566771
DEBUG Player found in detection range
DEBUG Attack on cooldown: 0.566074
DEBUG Player found in detection range
DEBUG Attack on cooldown: 0.565354
DEBUG Player found in detection range
DEBUG Attack on cooldown: 0.564042
DEBUG Player found in detection range
DEBUG Attack on cooldown: 0.562879
DEBUG Player found in detection range
DEBUG Attack on cooldown: 0.562042
DEBUG Player found in detection range
DEBUG Attack on cooldown: 0.561309
DEBUG Player found in detection range
DEBUG Attack on cooldown: 0.560574
DEBUG Player found in detection range
DEBUG Attack on cooldown: 0.559859
DEBUG Player found in detection range
DEBUG Attack on cooldown: 0.559014
DEBUG Player found in detection range
DEBUG Attack on cooldown: 0.556693
DEBUG Player found in detection range
DEBUG Attack on cooldown: 0.555740
DEBUG Player found in detection range
DEBUG Attack on cooldown: 0.554956
DEBUG Player found in detection range
DEBUG Attack on cooldown: 0.554227
DEBUG Player found in detection range
DEBUG Attack on cooldown: 0.553301
DEBUG Player found in detection range
DEBUG Attack on cooldown: 0.552519
DEBUG Player found in detection range
DEBUG Attack on cooldown: 0.551644
DEBUG Player found in detection range
DEBUG Attack on cooldown: 0.550672
DEBUG Player found in detection range
DEBUG Attack on cooldown: 0.549760
DEBUG Player found in detection range
DEBUG Attack on cooldown: 0.548957
DEBUG Player found in detection range
DEBUG Attack on cooldown: 0.548212
DEBUG Player found in detection range
DEBUG Attack on cooldown: 0.547501
DEBUG Player found in detection range
DEBUG Attack on cooldown: 0.546639
DEBUG Player found in detection range
DEBUG Attack on cooldown: 0.545908
DEBUG Player found in detection range
DEBUG Attack on cooldown: 0.545214
DEBUG Player found in detection range
DEBUG Attack on cooldown: 0.544549
DEBUG Player found in detection range
DEBUG Attack on cooldown: 0.542068
DEBUG Player found in detection range
DEBUG Attack on cooldown: 0.541247
DEBUG Player found in detection range
DEBUG Attack on cooldown: 0.540501
DEBUG Player found in detection range
DEBUG Attack on cooldown: 0.539840
DEBUG Player found in detection range
DEBUG Attack on cooldown: 0.539165
DEBUG Player found in detection range
DEBUG Attack on cooldown: 0.538470
DEBUG Player found in detection range
DEBUG Attack on cooldown: 0.537769
DEBUG Player found in detection range
DEBUG Attack on cooldown: 0.537063
DEBUG Player found in detection range
DEBUG Attack on cooldown: 0.536311
DEBUG Player found in detection range
DEBUG Attack on cooldown: 0.535585
DEBUG Player found in detection range
DEBUG Attack on cooldown: 0.534865
DEBUG Player found in detection range
DEBUG Attack on cooldown: 0.534190
DEBUG Player found in detection range
DEBUG Attack on cooldown: 0.533081
DEBUG Player found in detection range
DEBUG Attack on cooldown: 0.532285
DEBUG Player found in detection range
DEBUG Attack on cooldown: 0.531445
DEBUG Player found in detection range
DEBUG Attack on cooldown: 0.530707
DEBUG Player found in detection range
DEBUG Attack on cooldown: 0.529934
DEBUG Player found in detection range
DEBUG Attack on cooldown: 0.529046
DEBUG Player found in detection range
DEBUG Attack on cooldown: 0.528148
DEBUG Player found in detection range
DEBUG Attack on cooldown: 0.525716
DEBUG Player found in detection range
DEBUG Attack on cooldown: 0.524669
DEBUG Player found in detection range
DEBUG Attack on cooldown: 0.523581
DEBUG Player found in detection range
DEBUG Attack on cooldown: 0.522404
DEBUG Player found in detection range
DEBUG Attack on cooldown: 0.521038
DEBUG Player found in detection range
DEBUG Attack on cooldown: 0.519844
DEBUG Player found in detection range
DEBUG Attack on cooldown: 0.518769
DEBUG Player found in detection range
DEBUG Attack on cooldown: 0.517787
DEBUG Player found in detection range
DEBUG Attack on cooldown: 0.516716
DEBUG Player found in detection range
DEBUG Attack on cooldown: 0.515732
DEBUG Player found in detection range
DEBUG Attack on cooldown: 0.514833
DEBUG Player found in detection range
DEBUG Attack on cooldown: 0.513994
DEBUG Player found in detection range
DEBUG Attack on cooldown: 0.513087
DEBUG Player found in detection range
DEBUG Attack on cooldown: 0.510691
DEBUG Player found in detection range
DEBUG Attack on cooldown: 0.509731
DEBUG Player found in detection range
DEBUG Attack on cooldown: 0.508611
DEBUG Player found in detection range
DEBUG Attack on cooldown: 0.507691
DEBUG Player found in detection range
DEBUG Attack on cooldown: 0.506843
DEBUG Player found in detection range
DEBUG Attack on cooldown: 0.506058
DEBUG Player found in detection range
DEBUG Attack on cooldown: 0.505300
DEBUG Player found in detection range
DEBUG Attack on cooldown: 0.504548
DEBUG Player found in detection range
DEBUG Attack on cooldown: 0.503837
DEBUG Player found in detection range
DEBUG Attack on cooldown: 0.503100
DEBUG Player found in detection range
DEBUG Attack on cooldown: 0.502388
DEBUG Player found in detection range
DEBUG Attack on cooldown: 0.501442
DEBUG Player found in detection range
DEBUG Attack on cooldown: 0.500440
DEBUG Player found in detection range
DEBUG Attack on cooldown: 0.499710
DEBUG Player found in detection range
DEBUG Attack on cooldown: 0.498971
DEBUG Player found in detection range
DEBUG Attack on cooldown: 0.498158
DEBUG Player found in detection range
DEBUG Attack on cooldown: 0.497386
DEBUG Player found in detection range
DEBUG Attack on cooldown: 0.496577
DEBUG Player found in detection range
DEBUG Attack on cooldown: 0.494747
DEBUG Player found in detection range
DEBUG Attack on cooldown: 0.493962
DEBUG Player found in detection range
DEBUG Attack on cooldown: 0.493204
DEBUG Player found in detection range
DEBUG Attack on cooldown: 0.492471
DEBUG Player found in detection range
DEBUG Attack on cooldown: 0.491726
DEBUG Player found in detection range
DEBUG Attack on cooldown: 0.491036
DEBUG Player found in detection range
DEBUG Attack on cooldown: 0.490248
DEBUG Player found in detection range
DEBUG Attack on cooldown: 0.489533
DEBUG Player found in detection range
DEBUG Attack on cooldown: 0.488731
DEBUG Player found in detection range
DEBUG Attack on cooldown: 0.487949
DEBUG Player found in detection range
DEBUG Attack on cooldown: 0.487096
DEBUG Player found in detection range
DEBUG Attack on cooldown: 0.486365
DEBUG Player found in detection range
DEBUG Attack on cooldown: 0.485607
DEBUG Player found in detection range
DEBUG Attack on cooldown: 0.484718
DEBUG Player found in detection range
DEBUG Attack on cooldown: 0.483980
DEBUG Player found in detection range
DEBUG Attack on cooldown: 0.483259
DEBUG Player found in detection range
DEBUG Attack on cooldown: 0.482520
DEBUG Player found in detection range
DEBUG Attack on cooldown: 0.481774
DEBUG Player found in detection range
DEBUG Attack on cooldown: 0.480905
DEBUG Player found in detection range
DEBUG Attack on cooldown: 0.478691
DEBUG Player found in detection range
DEBUG Attack on cooldown: 0.477816
DEBUG Player found in detection range
DEBUG Attack on cooldown: 0.477125
DEBUG Player found in detection range
DEBUG Attack on cooldown: 0.476338
DEBUG Player found in detection range
DEBUG Attack on cooldown: 0.475588
DEBUG Player found in detection range
DEBUG Attack on cooldown: 0.474833
DEBUG Player found in detection range
DEBUG Attack on cooldown: 0.474151
DEBUG Player found in detection range
DEBUG Attack on cooldown: 0.473413
DEBUG Player found in detection range
DEBUG Attack on cooldown: 0.472528
DEBUG Player found in detection range
DEBUG Attack on cooldown: 0.471789
DEBUG Player found in detection range
DEBUG Attack on cooldown: 0.471077
DEBUG Player found in detection range
DEBUG Attack on cooldown: 0.470365
DEBUG Player found in detection range
DEBUG Attack on cooldown: 0.469628
DEBUG Player found in detection range
DEBUG Attack on cooldown: 0.468802
DEBUG Player found in detection range
DEBUG Attack on cooldown: 0.468061
DEBUG Player found in detection range
DEBUG Player found in detection range
DEBUG Player found in detection range
DEBUG Player found in detection range
DEBUG Player found in detection range
DEBUG Player found in detection range
DEBUG Player found in detection range
DEBUG Player found in detection range
DEBUG Player found in detection range
DEBUG Player found in detection range
DEBUG Player found in detection range
DEBUG Player found in detection range
DEBUG Player found in detection range
DEBUG Player found in detection range
DEBUG Player found in detection range
DEBUG Player found in detection range
DEBUG Player found in detection range
DEBUG Player found in detection range
DEBUG Player found in detection range
DEBUG Player found in detection range
DEBUG Player found in detection range
DEBUG Player found in detection range
DEBUG Player found in detection range
DEBUG Player found in detection range
DEBUG Player found in detection range
DEBUG Player found in detection range
DEBUG Player found in detection range
DEBUG Player found in detection range
DEBUG Player found in detection range
DEBUG Player found in detection range
DEBUG Player found in detection range
DEBUG Player found in detection range
DEBUG Player found in detection range
DEBUG Player found in detection range
DEBUG Player found in detection range
DEBUG Player found in detection range
DEBUG Player found in detection range
DEBUG Player found in detection range
DEBUG Player found in detection range
DEBUG Player found in detection range
DEBUG Player found in detection range
DEBUG Player found in detection range
DEBUG Player found in detection range
DEBUG Player found in detection range
DEBUG Player found in detection range
DEBUG Player found in detection range
DEBUG Player found in detection range
DEBUG Player found in detection range
DEBUG Player found in detection range
DEBUG Player found in detection range
DEBUG Player found in detection range
DEBUG Player found in detection range
DEBUG Player found in detection range
DEBUG Player found in detection range
DEBUG Player found in detection range
DEBUG Player found in detection range
DEBUG Player found in detection range
DEBUG Player found in detection range
DEBUG Player found in detection range
DEBUG Player found in detection range
DEBUG Player found in detection range
DEBUG Player found in detection range
DEBUG Player found in detection range
DEBUG Player found in detection range
DEBUG Player found in detection range
DEBUG Player found in detection range
DEBUG Player found in detection range
DEBUG Player found in detection range
DEBUG Player found in detection range
DEBUG Player found in detection range
DEBUG Player found in detection range
DEBUG Player found in detection range
DEBUG Player found in detection range
DEBUG Player found in detection range
DEBUG Player found in detection range
DEBUG Player found in detection range
DEBUG Player found in detection range
DEBUG Player found in detection range
DEBUG Player found in detection range
DEBUG Player found in detection range
DEBUG Player found in detection range
DEBUG Player found in detection range
DEBUG Player found in detection range
DEBUG Player found in detection range
DEBUG Player found in detection range
DEBUG Player found in detection range
DEBUG Player found in detection range
DEBUG Player found in detection range
DEBUG Player found in detection range
DEBUG Player found in detection range
DEBUG Player found in detection range
DEBUG Player found in detection range
DEBUG Player found in detection range
DEBUG Player found in detection range
DEBUG Player found in detection range
DEBUG Player found in detection range
DEBUG Player found in detection range
DEBUG Player found in detection range
DEBUG Player found in detection range
DEBUG Player found in detection range
DEBUG Player found in detection range
DEBUG Player found in detection range
DEBUG Player found in detection range
DEBUG Player found in detection range
DEBUG Player found in detection range
DEBUG Player found in detection range
DEBUG Player found in detection range
DEBUG Player found in detection range
DEBUG Player found in detection range
DEBUG Player found in detection range
DEBUG Player found in detection range
DEBUG Player found in detection range
DEBUG Player found in detection range
DEBUG Player found in detection range
DEBUG Player found in detection range
DEBUG Player found in detection range
DEBUG Player found in detection range
DEBUG Player found in detection range
DEBUG Player found in detection range
DEBUG Player found in detection range
DEBUG Player found in detection range
DEBUG Player found in detection range
DEBUG Player found in detection range
DEBUG Player found in detection range
DEBUG Player found in detection range
DEBUG Player found in detection range
DEBUG Player found in detection range
DEBUG Player found in detection range
DEBUG Player found in detection range
DEBUG Player found in detection range
DEBUG Player found in detection range
DEBUG Player found in detection range
DEBUG Player found in detection range
DEBUG Player found in detection range
DEBUG Player found in detection range
DEBUG Player found in detection range
DEBUG Player found in detection range
DEBUG Player found in detection range
DEBUG Player found in detection range
DEBUG Player found in detection range
DEBUG Player found in detection range
DEBUG Player found in detection range
DEBUG Player found in detection range
DEBUG Player found in detection range
DEBUG Player found in detection range
DEBUG Player found in detection range
DEBUG Player found in detection range
DEBUG Player found in detection range
DEBUG Player found in detection range
DEBUG Player found in detection range
DEBUG Player found in detection range
DEBUG Player found in detection range
DEBUG Player found in detection range
DEBUG Player found in detection range
DEBUG Player found in detection range
DEBUG Player found in detection range
DEBUG Player found in detection range
DEBUG Player found in detection range
DEBUG Player found in detection range
DEBUG Player found in detection range
DEBUG Player found in detection range
DEBUG Player found in detection range
DEBUG Player found in detection range
DEBUG Player found in detection range
DEBUG Player found in detection range
DEBUG Player found in detection range
DEBUG Player found in detection range
DEBUG Player found in detection range
DEBUG Player found in detection range
DEBUG Player found in detection range
DEBUG Player found in detection range
DEBUG Player found in detection range
DEBUG Player found in detection range
DEBUG Player found in detection range
DEBUG Player found in detection range
DEBUG Player found in detection range
DEBUG Player found in detection range
DEBUG Player found in detection range
DEBUG Player found in detection range
DEBUG Player found in detection range
DEBUG Player found in detection range
DEBUG Player found in detection range
DEBUG Player found in detection range
DEBUG Player found in detection range
DEBUG Player found in detection range
DEBUG Player found in detection range
DEBUG Player found in detection range
DEBUG Player found in detection range
DEBUG Player found in detection range
DEBUG Player found in detection range
DEBUG Player found in detection range
DEBUG Player found in detection range
DEBUG Player found in detection range
DEBUG Player found in detection range
DEBUG Player found in detection range
DEBUG Player found in detection range
DEBUG Player found in detection range
DEBUG Player found in detection range
DEBUG Player found in detection range
DEBUG Player found in detection range
DEBUG Player found in detection range
DEBUG Player found in detection range
DEBUG Player found in detection range
DEBUG Player found in detection range
DEBUG Player found in detection range
DEBUG Player found in detection range
DEBUG Player found in detection range
DEBUG Player found in detection range
DEBUG Player found in detection range
DEBUG Player found in detection range
DEBUG Player found in detection range
DEBUG Player found in detection range
DEBUG Player found in detection range
DEBUG Player found in detection range
DEBUG Player found in detection range
DEBUG Player found in detection range
DEBUG Player found in detection range
DEBUG Player found in detection range
DEBUG Player found in detection range
DEBUG Player found in detection range
DEBUG Player found in detection range
DEBUG Player found in detection range
DEBUG Player found in detection range
DEBUG Player found in detection range
DEBUG Player found in detection range
DEBUG Player found in detection range
DEBUG Player found in detection range
DEBUG Player found in detection range
DEBUG Player found in detection range
DEBUG Player found in detection range
DEBUG Player found in detection range
DEBUG Player found in detection range
DEBUG Player found in detection range
DEBUG Player found in detection range
DEBUG Player found in detection range
DEBUG Player found in detection range
DEBUG Player found in detection range
DEBUG Player found in detection range
DEBUG Player found in detection range
DEBUG Player found in detection range
DEBUG Player found in detection range
DEBUG Player found in detection range
DEBUG Player found in detection range
DEBUG Player found in detection range
DEBUG Player found in detection range
DEBUG Player found in detection range
DEBUG Player found in detection range
DEBUG Player found in detection range
DEBUG Player found in detection range
DEBUG Player found in detection range
DEBUG Player found in detection range
DEBUG Player found in detection range
DEBUG Player found in detection range
DEBUG Player found in detection range
DEBUG Player found in detection range
DEBUG Player found in detection range
DEBUG Player found in detection range
DEBUG Player found in detection range
DEBUG Player found in detection range
DEBUG Player found in detection range
DEBUG Player found in detection range
DEBUG Player found in detection range
DEBUG Player found in detection range
DEBUG Player found in detection range
DEBUG Player found in detection range
DEBUG Player found in detection range
DEBUG Player found in detection range
DEBUG Player found in detection range
DEBUG Player found in detection range
DEBUG Player found in detection range
DEBUG Player found in detection range
DEBUG Player found in detection range
DEBUG Player found in detection range
DEBUG Player found in detection range
DEBUG Player found in detection range
DEBUG Player found in detection range
DEBUG Player found in detection range
DEBUG Player found in detection range
DEBUG Player found in detection range
DEBUG Player found in detection range
DEBUG Player found in detection range
DEBUG Player found in detection range
DEBUG Player found in detection range
DEBUG Player found in detection range
DEBUG Player found in detection range
DEBUG Player found in detection range
DEBUG Player found in detection range
DEBUG Player found in detection range
DEBUG Player found in detection range
DEBUG Player found in detection range
DEBUG Player found in detection range
DEBUG Player found in detection range
DEBUG Player found in detection range
DEBUG Player found in detection range
DEBUG Player found in detection range
DEBUG Player found in detection range
DEBUG Player found in detection range
DEBUG Player found in detection range
DEBUG Player found in detection range
DEBUG Player found in detection range
DEBUG Player found in detection range
DEBUG Player found in detection range
DEBUG Player found in detection range
DEBUG Player found in detection range
DEBUG Player found in detection range
DEBUG Player found in detection range
DEBUG Player found in detection range
DEBUG Player found in detection range
DEBUG Player found in detection range
DEBUG Player found in detection range
DEBUG Player found in detection range
DEBUG Player found in detection range
DEBUG Player found in detection range
DEBUG Player found in detection range
DEBUG Player found in detection range
DEBUG Player found in detection range
DEBUG Player found in detection range
DEBUG Player found in detection range
DEBUG Player found in detection range
DEBUG Player found in detection range
DEBUG Player found in detection range
DEBUG Player found in detection range
DEBUG Player found in detection range
DEBUG Player found in detection range
DEBUG Player found in detection range
DEBUG Player found in detection range
DEBUG Player found in detection range
DEBUG Player found in detection range
DEBUG Player found in detection range
DEBUG Player found in detection range
DEBUG Player found in detection range
DEBUG Player found in detection range
DEBUG Player found in detection range
DEBUG Player found in detection range
DEBUG Player found in detection range
DEBUG Player found in detection range
DEBUG Player found in detection range
DEBUG Player found in detection range
DEBUG Player found in detection range
DEBUG Player found in detection range
DEBUG Player found in detection range
DEBUG Player found in detection range
DEBUG Player found in detection range
DEBUG Player found in detection range
DEBUG Player found in detection range
DEBUG Player found in detection range
DEBUG Player found in detection range
DEBUG Player found in detection range
DEBUG Player found in detection range
DEBUG Player found in detection range
DEBUG Player found in detection range
DEBUG Player found in detection range
DEBUG Player found in detection range
DEBUG Player found in detection range
DEBUG Player found in detection range
DEBUG Player found in detection range
DEBUG Player found in detection range
DEBUG Player found in detection range
DEBUG Player found in detection range
DEBUG Player found in detection range
DEBUG Player found in detection range
DEBUG Player found in detection range
DEBUG Player found in detection range
DEBUG Player found in detection range
DEBUG Player found in detection range
DEBUG Player found in detection range
DEBUG Player found in detection range
DEBUG Player found in detection range
DEBUG Player found in detection range
DEBUG Player found in detection range
DEBUG Player found in detection range
DEBUG Player found in detection range
DEBUG Player found in detection range
DEBUG Player found in detection range
DEBUG Player found in detection range
DEBUG Player found in detection range
DEBUG Player found in detection range
DEBUG Player found in detection range
DEBUG Player found in detection range
DEBUG Player found in detection range
DEBUG Player found in detection range
DEBUG Player found in detection range
DEBUG Player found in detection range
DEBUG Player found in detection range
DEBUG Player found in detection range
DEBUG Player found in detection range
DEBUG Player found in detection range
DEBUG Player found in detection range
DEBUG Player found in detection range
DEBUG Player found in detection range
DEBUG Player found in detection range
DEBUG Player found in detection range
DEBUG Player found in detection range
DEBUG Player found in detection range
DEBUG Player found in detection range
DEBUG Player found in detection range
DEBUG Player found in detection range
DEBUG Player found in detection range
DEBUG Player found in detection range
DEBUG Player found in detection range
DEBUG Player found in detection range
DEBUG Player found in detection range
DEBUG Player found in detection range
DEBUG Player found in detection range
DEBUG Player found in detection range
DEBUG Player found in detection range
DEBUG Player found in detection range
DEBUG Player found in detection range
DEBUG Player found in detection range
DEBUG Player found in detection range
DEBUG Player found in detection range
DEBUG Player found in detection range
DEBUG Player found in detection range
DEBUG Player found in detection range
DEBUG Player found in detection range
DEBUG Player found in detection range
DEBUG Player found in detection range
DEBUG Player found in detection range
DEBUG Player found in detection range
DEBUG Player found in detection range
DEBUG Player found in detection range
DEBUG Player found in detection range
DEBUG Player found in detection range
DEBUG Player found in detection range
DEBUG Player found in detection range
DEBUG Player found in detection range
DEBUG Player found in detection range
DEBUG Player found in detection range
DEBUG Player found in detection range
DEBUG Player found in detection range
DEBUG Player found in detection range
DEBUG Player found in detection range
DEBUG Player found in detection range
DEBUG Player found in detection range
DEBUG Player found in detection range
DEBUG Player found in detection range
DEBUG Player found in detection range
DEBUG Player found in detection range
DEBUG Player found in detection range
DEBUG Player found in detection range
DEBUG Player found in detection range
DEBUG Player found in detection range
DEBUG Player found in detection range
DEBUG Player found in detection range
DEBUG Player found in detection range
DEBUG Player found in detection range
DEBUG Player found in detection range
DEBUG Player found in detection range
DEBUG Player found in detection range
DEBUG Player found in detection range
DEBUG Player found in detection range
DEBUG Player found in detection range
DEBUG Player found in detection range
DEBUG Player found in detection range
DEBUG Player found in detection range
DEBUG Player found in detection range
DEBUG Player found in detection range
DEBUG Player found in detection range
DEBUG Player found in detection range
DEBUG Player found in detection range
DEBUG Player found in detection range
DEBUG Player found in detection range
DEBUG Player found in detection range
DEBUG Player found in detection range
DEBUG Player found in detection range
DEBUG Player found in detection range
DEBUG Player found in detection range
DEBUG Player found in detection range
DEBUG Player found in detection range
DEBUG Player found in detection range
DEBUG Player found in detection range
DEBUG Player found in detection range
DEBUG Player found in detection range
DEBUG Player found in detection range
DEBUG Player found in detection range
DEBUG Player found in detection range
DEBUG Player found in detection range
DEBUG Player found in detection range
DEBUG Player found in detection range
DEBUG Player found in detection range
DEBUG Player found in detection range
DEBUG Player found in detection range
DEBUG Player found in detection range
DEBUG Player found in detection range
DEBUG Player found in detection range
DEBUG Player found in detection range
DEBUG Player found in detection range
DEBUG Player found in detection range
DEBUG Player found in detection range
DEBUG Player found in detection range
DEBUG Player found in detection range
DEBUG Player found in detection range
DEBUG Player found in detection range
DEBUG Player found in detection range
DEBUG Player found in detection range
DEBUG Player found in detection range
DEBUG Player found in detection range
DEBUG Player found in detection range
DEBUG Player found in detection range
DEBUG Player found in detection range
DEBUG Player found in detection range
DEBUG Player found in detection range
DEBUG Player found in detection range
DEBUG Player found in detection range
DEBUG Player found in detection range
DEBUG Player found in detection range
DEBUG Player found in detection range
DEBUG Player found in detection range
DEBUG Player found in detection range
DEBUG Player found in detection range
DEBUG Player found in detection range
DEBUG Player found in detection range
DEBUG Player found in detection range
DEBUG Player found in detection range
DEBUG Player found in detection range
DEBUG Player found in detection range
DEBUG Player found in detection range
DEBUG Player found in detection range
DEBUG Player found in detection range
DEBUG Player found in detection range
DEBUG Player found in detection range
DEBUG Player found in detection range
DEBUG Player found in detection range
DEBUG Player found in detection range
DEBUG Player found in detection range
DEBUG Player found in detection range
DEBUG Player found in detection range
DEBUG Player found in detection range
DEBUG Player found in detection range
DEBUG Player found in detection range
DEBUG Player found in detection range
DEBUG Player found in detection range
DEBUG Player found in detection range
DEBUG Player found in detection range
DEBUG Player found in detection range
DEBUG Player found in detection range
DEBUG Player found in detection range
DEBUG Player found in detection range
DEBUG Player found in detection range
DEBUG Player found in detection range
DEBUG Player found in detection range
DEBUG Player found in detection range
DEBUG Player found in detection range
DEBUG Player found in detection range
DEBUG Player found in detection range
DEBUG Player found in detection range
DEBUG Player found in detection range
DEBUG Player found in detection range
DEBUG Player found in detection range
DEBUG Player found in detection range
DEBUG Player found in detection range
DEBUG Player found in detection range
DEBUG Player found in detection range
DEBUG Player found in detection range
DEBUG Player found in detection range
DEBUG Player found in detection range
DEBUG Player found in detection range
DEBUG Player found in detection range
DEBUG Player found in detection range
DEBUG Player found in detection range
DEBUG Player found in detection range
DEBUG Player found in detection range
DEBUG Player found in detection range
DEBUG Player found in detection range
DEBUG Player found in detection range
DEBUG Player found in detection range
DEBUG Player found in detection range
DEBUG Player found in detection range
DEBUG Player found in detection range
DEBUG Player found in detection range
DEBUG Player found in detection range
DEBUG Player found in detection range
DEBUG Player found in detection range
DEBUG Player found in detection range
DEBUG Player found in detection range
DEBUG Player found in detection range
DEBUG Player found in detection range
DEBUG Player found in detection range
DEBUG Player found in detection range
DEBUG Player found in detection range
DEBUG Player found in detection range
DEBUG Player found in detection range
DEBUG Player found in detection range
DEBUG Player found in detection range
DEBUG Player found in detection range
DEBUG Player found in detection range
DEBUG Player found in detection range
DEBUG Player found in detection range
DEBUG Player found in detection range
DEBUG Player found in detection range
DEBUG Player found in detection range
DEBUG Player found in detection range
DEBUG Player found in detection range
DEBUG Player found in detection range
DEBUG Player found in detection range
DEBUG Player found in detection range
DEBUG Player found in detection range
DEBUG Player found in detection range
DEBUG Player found in detection range
DEBUG Player found in detection range
DEBUG Player found in detection range
DEBUG Player found in detection range
DEBUG Player found in detection range
DEBUG Player found in detection range
DEBUG Player found in detection range
DEBUG Player found in detection range
DEBUG Player found in detection range
DEBUG Player found in detection range
DEBUG Player found in detection range
DEBUG Player found in detection range
DEBUG Player found in detection range
DEBUG Player found in detection range
DEBUG Player found in detection range
DEBUG Player found in detection range
DEBUG Player found in detection range
DEBUG Player found in detection range
DEBUG Player found in detection range
DEBUG Player found in detection range
DEBUG Player found in detection range
DEBUG Player found in detection range
DEBUG Player found in detection range
DEBUG Player found in detection range
DEBUG Player found in detection range
DEBUG Player found in detection range
DEBUG Player found in detection range
DEBUG Player found in detection range
DEBUG Player found in detection range
DEBUG Player found in detection range
DEBUG Player found in detection range
DEBUG Player found in detection range
DEBUG Player found in detection range
DEBUG Player found in detection range
DEBUG Player found in detection range
DEBUG Player found in detection range
DEBUG Player found in detection range
DEBUG Player found in detection range
DEBUG Player found in detection range
DEBUG Player found in detection range
DEBUG Player found in detection range
DEBUG Player found in detection range
DEBUG Player found in detection range
DEBUG Player found in detection range
DEBUG Player found in detection range
DEBUG Player found in detection range
DEBUG Player found in detection range
DEBUG Player found in detection range
DEBUG Player found in detection range
DEBUG Player found in detection range
DEBUG Player found in detection range
DEBUG Player found in detection range
DEBUG Player found in detection range
DEBUG Player found in detection range
DEBUG Player found in detection range
DEBUG Player found in detection range
DEBUG Player found in detection range
DEBUG Player found in detection range
DEBUG Player found in detection range
DEBUG Player found in detection range
DEBUG Player found in detection range
DEBUG Player found in detection range
DEBUG Player found in detection range
DEBUG Player found in detection range
DEBUG Player found in detection range
DEBUG Player found in detection range
DEBUG Player found in detection range
DEBUG Player found in detection range
DEBUG Player found in detection range
DEBUG Player found in detection range
DEBUG Player found in detection range
DEBUG Player found in detection range
DEBUG Player found in detection range
DEBUG Player found in detection range
DEBUG Player found in detection range
DEBUG Player found in detection range
DEBUG Player found in detection range
DEBUG Player found in detection range
DEBUG Player found in detection range
DEBUG Player found in detection range
DEBUG Player found in detection range
DEBUG Player found in detection range
DEBUG Player found in detection range
DEBUG Player found in detection range
DEBUG Player found in detection range
DEBUG Player found in detection range
DEBUG Player found in detection range
DEBUG Player found in detection range
DEBUG Player found in detection range
DEBUG Player found in detection range
DEBUG Player found in detection range
DEBUG Player found in detection range
DEBUG Player found in detection range
DEBUG Player found in detection range
DEBUG Player found in detection range
DEBUG Player found in detection range
DEBUG Player found in detection range
DEBUG Player found in detection range
DEBUG Player found in detection range
DEBUG Player found in detection range
DEBUG Player found in detection range
DEBUG Player found in detection range
DEBUG Player found in detection range
DEBUG Player found in detection range
DEBUG Player found in detection range
DEBUG Player found in detection range
DEBUG Player found in detection range
DEBUG Player found in detection range
DEBUG Player found in detection range
DEBUG Player found in detection range
DEBUG Player found in detection range
DEBUG Player found in detection range
DEBUG Player found in detection range
DEBUG Player found in detection range
DEBUG Player found in detection range
DEBUG Player found in detection range
DEBUG Player found in detection range
DEBUG Player found in detection range
DEBUG Player found in detection range
DEBUG Player found in detection range
DEBUG Player found in detection range
DEBUG Player found in detection range
DEBUG Player found in detection range
DEBUG Player found in detection range
DEBUG Player found in detection range
DEBUG Player found in detection range
DEBUG Player found in detection range
DEBUG Player found in detection range
DEBUG Player found in detection range
DEBUG Player found in detection range
DEBUG Player found in detection range
DEBUG Player found in detection range
DEBUG Player found in detection range
DEBUG Player found in detection range
DEBUG Player found in detection range
DEBUG Player found in detection range
DEBUG Player found in detection range
DEBUG Player found in detection range
DEBUG Player found in detection range
DEBUG Player found in detection range
DEBUG Player found in detection range
DEBUG Player found in detection range
DEBUG Player found in detection range
DEBUG Player found in detection range
DEBUG Player found in detection range
DEBUG Player found in detection range
DEBUG Player found in detection range
DEBUG Player found in detection range
DEBUG Player found in detection range
DEBUG Player found in detection range
DEBUG Player found in detection range
DEBUG Player found in detection range
DEBUG Player found in detection range
DEBUG Player found in detection range
DEBUG Player found in detection range
DEBUG Player found in detection range
DEBUG Player found in detection range
DEBUG Player found in detection range
DEBUG Player found in detection range
DEBUG Player found in detection range
DEBUG Player found in detection range
DEBUG Player found in detection range
DEBUG Player found in detection range
DEBUG Player found in detection range
DEBUG Player found in detection range
DEBUG Player found in detection range
DEBUG Player found in detection range
DEBUG Player found in detection range
DEBUG Player found in detection range
DEBUG Player found in detection range
DEBUG Player found in detection range
DEBUG Player found in detection range
DEBUG Player found in detection range
DEBUG Player found in detection range
DEBUG Player found in detection range
DEBUG Player found in detection range
DEBUG Player found in detection range
DEBUG Player found in detection range
DEBUG Player found in detection range
DEBUG Player found in detection range
DEBUG Player found in detection range
DEBUG Player found in detection range
DEBUG Player found in detection range
DEBUG Player found in detection range
DEBUG Player found in detection range
DEBUG Player found in detection range
DEBUG Player found in detection range
DEBUG Player found in detection range
DEBUG Player found in detection range
DEBUG Player found in detection range
DEBUG Player found in detection range
DEBUG Player found in detection range
DEBUG Player found in detection range
DEBUG Player found in detection range
DEBUG Player found in detection range
DEBUG Player found in detection range
DEBUG Player found in detection range
DEBUG Player found in detection range
DEBUG Player found in detection range
DEBUG Player found in detection range
DEBUG Player found in detection range
DEBUG Player found in detection range
DEBUG Player found in detection range
DEBUG Player found in detection range
DEBUG Player found in detection range
DEBUG Player found in detection range
DEBUG Player found in detection range
DEBUG Player found in detection range
DEBUG Player found in detection range
DEBUG Player found in detection range
DEBUG Player found in detection range
DEBUG Player found in detection range
DEBUG Player found in detection range
DEBUG Player found in detection range
DEBUG Player found in detection range
DEBUG Player found in detection range
DEBUG Player found in detection range
DEBUG Player found in detection range
DEBUG Player found in detection range
DEBUG Player found in detection range
DEBUG Player found in detection range
DEBUG Player found in detection range
DEBUG Player found in detection range
DEBUG Player found in detection range
DEBUG Player found in detection range
DEBUG Player found in detection range
DEBUG Player found in detection range
DEBUG Player found in detection range
DEBUG Player found in detection range
DEBUG Player found in detection range
DEBUG Player found in detection range
DEBUG Player found in detection range
DEBUG Player found in detection range
DEBUG Player found in detection range
DEBUG Player found in detection range
DEBUG Player found in detection range
DEBUG Player found in detection range
DEBUG Player found in detection range
DEBUG Player found in detection range
DEBUG Player found in detection range
DEBUG Player found in detection range
DEBUG Player found in detection range
DEBUG Player found in detection range
DEBUG Player found in detection range
DEBUG Player found in detection range
DEBUG Player found in detection range
DEBUG Player found in detection range
DEBUG Player found in detection range
DEBUG Player found in detection range
DEBUG Player found in detection range
DEBUG Player found in detection range
DEBUG Player found in detection range
DEBUG Player found in detection range
DEBUG Player found in detection range
DEBUG Player found in detection range
DEBUG Player found in detection range
DEBUG Player found in detection range
DEBUG Player found in detection range
DEBUG Player found in detection range
DEBUG Player found in detection range
DEBUG Player found in detection range
DEBUG Player found in detection range
DEBUG Player found in detection range
DEBUG Player found in detection range
DEBUG Player found in detection range
DEBUG Player found in detection range
DEBUG Player found in detection range
DEBUG Player found in detection range
DEBUG Player found in detection range
DEBUG Player found in detection range
DEBUG Player found in detection range
DEBUG Player found in detection range
DEBUG Player found in detection range
DEBUG Player found in detection range
DEBUG Player found in detection range
DEBUG Player found in detection range
DEBUG Player found in detection range
DEBUG Player found in detection range
DEBUG Player found in detection range
DEBUG Player found in detection range
DEBUG Player found in detection range
DEBUG Player found in detection range
DEBUG Player found in detection range
DEBUG Player found in detection range
DEBUG Player found in detection range
DEBUG Player found in detection range
DEBUG Player found in detection range
DEBUG Player found in detection range
DEBUG Player found in detection range
DEBUG Player found in detection range
DEBUG Player found in detection range
DEBUG Player found in detection range
DEBUG Player found in detection range
DEBUG Player found in detection range
DEBUG Player found in detection range
DEBUG Player found in detection range
DEBUG Player found in detection range
DEBUG Player found in detection range
DEBUG Player found in detection range
DEBUG Player found in detection range
DEBUG Player found in detection range
DEBUG Player found in detection range
DEBUG Player found in detection range
DEBUG Player found in detection range
DEBUG Player found in detection range
DEBUG Player found in detection range
DEBUG Player found in detection range
DEBUG Player found in detection range
DEBUG Player found in detection range
DEBUG Player found in detection range
DEBUG Player found in detection range
DEBUG Player found in detection range
DEBUG Player found in detection range
DEBUG Player found in detection range
DEBUG Player found in detection range
DEBUG Player found in detection range
DEBUG Player found in detection range
DEBUG Player found in detection range
DEBUG Player found in detection range
DEBUG Player found in detection range
DEBUG Player found in detection range
DEBUG Player found in detection range
DEBUG Player found in detection range
DEBUG Player found in detection range
DEBUG Player found in detection range
DEBUG Player found in detection range
DEBUG Player found in detection range
DEBUG Player found in detection range
DEBUG Player found in detection range
DEBUG Player found in detection range
DEBUG Player found in detection range
DEBUG Player found in detection range
DEBUG Player found in detection range
DEBUG Player found in detection range
DEBUG Player found in detection range
DEBUG Player found in detection range
DEBUG Player found in detection range
DEBUG Player found in detection range
DEBUG Player found in detection range
DEBUG Player found in detection range
DEBUG Player found in detection range
DEBUG Player found in detection range
DEBUG Player found in detection range
DEBUG Player found in detection range
DEBUG Player found in detection range
DEBUG Player found in detection range
DEBUG Player found in detection range
DEBUG Player found in detection range
DEBUG Player found in detection range
DEBUG Player found in detection range
DEBUG Player found in detection range
DEBUG Player found in detection range
DEBUG Player found in detection range
DEBUG Player found in detection range
DEBUG Player found in detection range
DEBUG Player found in detection range
DEBUG Player found in detection range
DEBUG Player found in detection range
DEBUG Player found in detection range
DEBUG Player found in detection range
DEBUG Player found in detection range
DEBUG Player found in detection range
DEBUG Player found in detection range
DEBUG Player found in detection range
DEBUG Player found in detection range
DEBUG Player found in detection range
DEBUG Player found in detection range
DEBUG Player found in detection range
DEBUG Player found in detection range
DEBUG Player found in detection range
DEBUG Player found in detection range
DEBUG Player found in detection range
DEBUG Player found in detection range
DEBUG Player found in detection range
DEBUG Player found in detection range
DEBUG Player found in detection range
DEBUG Player found in detection range
DEBUG Player found in detection range
DEBUG Player found in detection range
DEBUG Player found in detection range
DEBUG Player found in detection range
DEBUG Player found in detection range
DEBUG Player found in detection range
DEBUG Player found in detection range
DEBUG Player found in detection range
DEBUG Player found in detection range
DEBUG Player found in detection range
DEBUG Player found in detection range
DEBUG Player found in detection range
DEBUG Player found in detection range
DEBUG Player found in detection range
DEBUG Player found in detection range
DEBUG Player found in detection range
DEBUG Player found in detection range
DEBUG Player found in detection range
DEBUG Player found in detection range
DEBUG Player found in detection range
DEBUG Player found in detection range
DEBUG Player found in detection range
DEBUG Player found in detection range
DEBUG Player found in detection range
DEBUG Player found in detection range
DEBUG Player found in detection range
DEBUG Player found in detection range
DEBUG Player found in detection range
DEBUG Player found in detection range
DEBUG Player found in detection range
DEBUG Player found in detection range
DEBUG Player found in detection range
DEBUG Player found in detection range
DEBUG Player found in detection range
DEBUG Player found in detection range
DEBUG Player found in detection range
DEBUG Player found in detection range
DEBUG Player found in detection range
DEBUG Player found in detection range
DEBUG Player found in detection range
DEBUG Player found in detection range
DEBUG Player found in detection range
DEBUG Player found in detection range
DEBUG Player found in detection range
DEBUG Player found in detection range
DEBUG Player found in detection range
DEBUG Player found in detection range
DEBUG Player found in detection range
DEBUG Player found in detection range
DEBUG Player found in detection range
DEBUG Player found in detection range
DEBUG Player found in detection range
DEBUG Player found in detection range
DEBUG Player found in detection range
DEBUG Player found in detection range
DEBUG Player found in detection range
DEBUG Player found in detection range
DEBUG Player found in detection range
DEBUG Player found in detection range
DEBUG Player found in detection range
DEBUG Player found in detection range
DEBUG Player found in detection range
DEBUG Player found in detection range
DEBUG Player found in detection range
DEBUG Player found in detection range
DEBUG Player found in detection range
DEBUG Player found in detection range
DEBUG Player found in detection range
DEBUG Player found in detection range
DEBUG Player found in detection range
DEBUG Player found in detection range
DEBUG Player found in detection range
DEBUG Player found in detection range
DEBUG Player found in detection range
DEBUG Player found in detection range
DEBUG Player found in detection range
DEBUG Player found in detection range
DEBUG Player found in detection range
DEBUG Player found in detection range
DEBUG Player found in detection range
DEBUG Player found in detection range
DEBUG Player found in detection range
DEBUG Player found in detection range
DEBUG Player found in detection range
DEBUG Player found in detection range
DEBUG Player found in detection range
DEBUG Player found in detection range
DEBUG Player found in detection range
DEBUG Player found in detection range
DEBUG Player found in detection range
DEBUG Player found in detection range
DEBUG Player found in detection range
DEBUG Player found in detection range
DEBUG Player found in detection range
DEBUG Player found in detection range
DEBUG Player found in detection range
DEBUG Player found in detection range
DEBUG Player found in detection range
DEBUG Player found in detection range
DEBUG Player found in detection range
DEBUG Player found in detection range
DEBUG Player found in detection range
DEBUG Player found in detection range
DEBUG Player found in detection range
DEBUG Player found in detection range
DEBUG Player found in detection range
DEBUG Player found in detection range
DEBUG Player found in detection range
DEBUG Player found in detection range
DEBUG Player found in detection range
DEBUG Player found in detection range
DEBUG Player found in detection range
DEBUG Player found in detection range
DEBUG Player found in detection range
DEBUG Player found in detection range
DEBUG Player found in detection range
DEBUG Player found in detection range
DEBUG Player found in detection range
DEBUG Player found in detection range
DEBUG Player found in detection range
DEBUG Player found in detection range
INFO SoundManager found, attempting to play hit sound
INFO PlaySound called for: hit
INFO Sound found in map, attempting to play
INFO Play command sent to sound component
INFO Player took 10.000000 damage. Health: 500.000000
INFO Enemy attacked player for 10.000000 damage
DEBUG Player found in detection range
DEBUG Attack on cooldown: 0.998658
DEBUG Player found in detection range
DEBUG Attack on cooldown: 0.997923
DEBUG Player found in detection range
DEBUG Attack on cooldown: 0.997207
DEBUG Player found in detection range
DEBUG Attack on cooldown: 0.996389
DEBUG Player found in detection range
DEBUG Attack on cooldown: 0.995611
DEBUG Player found in detection range
DEBUG Attack on cooldown: 0.994634
DEBUG Player found in detection range
DEBUG Attack on cooldown: 0.993813
DEBUG Player found in detection range
DEBUG Attack on cooldown: 0.992849
DEBUG Player found in detection range
DEBUG Attack on cooldown: 0.991996
DEBUG Player found in detection range
DEBUG Attack on cooldown: 0.989772
DEBUG Player found in detection range
DEBUG Attack on cooldown: 0.989000
DEBUG Player found in detection range
DEBUG Attack on cooldown: 0.988243
DEBUG Player found in detection range
DEBUG Attack on cooldown: 0.987389
DEBUG Player found in detection range
DEBUG Attack on cooldown: 0.986467
DEBUG Player found in detection range
DEBUG Attack on cooldown: 0.985539
DEBUG Player found in detection range
DEBUG Attack on cooldown: 0.984619
DEBUG Player found in detection range
DEBUG Attack on cooldown: 0.983759
DEBUG Player found in detection range
DEBUG Attack on cooldown: 0.982957
DEBUG Player found in detection range
DEBUG Attack on cooldown: 0.982188
DEBUG Player found in detection range
DEBUG Attack on cooldown: 0.981290
DEBUG Player found in detection range
DEBUG Attack on cooldown: 0.980395
DEBUG Player found in detection range
DEBUG Attack on cooldown: 0.979400
DEBUG Player found in detection range
DEBUG Attack on cooldown: 0.978625
DEBUG Player found in detection range
DEBUG Attack on cooldown: 0.977743
DEBUG Player found in detection range
DEBUG Attack on cooldown: 0.976863
DEBUG Player found in detection range
DEBUG Attack on cooldown: 0.975945
DEBUG Player found in detection range
DEBUG Attack on cooldown: 0.973317
DEBUG Player found in detection range
DEBUG Attack on cooldown: 0.971912
DEBUG Player found in detection range
DEBUG Attack on cooldown: 0.971081
DEBUG Player found in detection range
DEBUG Attack on cooldown: 0.970309
DEBUG Player found in detection range
DEBUG Attack on cooldown: 0.969532
DEBUG Player found in detection range
DEBUG Attack on cooldown: 0.968752
DEBUG Player found in detection range
DEBUG Attack on cooldown: 0.968011
DEBUG Player found in detection range
DEBUG Attack on cooldown: 0.967267
DEBUG Player found in detection range
DEBUG Attack on cooldown: 0.966398
DEBUG Player found in detection range
DEBUG Attack on cooldown: 0.965587
DEBUG Player found in detection range
DEBUG Attack on cooldown: 0.964868
DEBUG Player found in detection range
DEBUG Attack on cooldown: 0.964117
DEBUG Player found in detection range
DEBUG Attack on cooldown: 0.963366
DEBUG Player found in detection range
DEBUG Attack on cooldown: 0.962638
DEBUG Player found in detection range
DEBUG Attack on cooldown: 0.961796
DEBUG Player found in detection range
DEBUG Attack on cooldown: 0.961029
DEBUG Player found in detection range
DEBUG Attack on cooldown: 0.960088
DEBUG Player found in detection range
DEBUG Attack on cooldown: 0.957842
DEBUG Player found in detection range
DEBUG Attack on cooldown: 0.956965
DEBUG Player found in detection range
DEBUG Attack on cooldown: 0.956205
DEBUG Player found in detection range
DEBUG Attack on cooldown: 0.955410
DEBUG Player found in detection range
DEBUG Attack on cooldown: 0.954583
DEBUG Player found in detection range
DEBUG Attack on cooldown: 0.953789
DEBUG Player found in detection range
DEBUG Attack on cooldown: 0.952942
DEBUG Player found in detection range
DEBUG Attack on cooldown: 0.952152
DEBUG Player found in detection range
DEBUG Attack on cooldown: 0.951167
DEBUG Player found in detection range
DEBUG Attack on cooldown: 0.950226
DEBUG Player found in detection range
DEBUG Attack on cooldown: 0.949338
DEBUG Player found in detection range
DEBUG Attack on cooldown: 0.948546
DEBUG Player found in detection range
DEBUG Attack on cooldown: 0.947784
DEBUG Player found in detection range
DEBUG Attack on cooldown: 0.946927
DEBUG Player found in detection range
DEBUG Attack on cooldown: 0.946131
DEBUG Player found in detection range
DEBUG Attack on cooldown: 0.945353
DEBUG Player found in detection range
DEBUG Attack on cooldown: 0.942843
DEBUG Player found in detection range
DEBUG Attack on cooldown: 0.942034
DEBUG Player found in detection range
DEBUG Attack on cooldown: 0.941181
DEBUG Player found in detection range
DEBUG Attack on cooldown: 0.940405
DEBUG Player found in detection range
DEBUG Attack on cooldown: 0.939611
DEBUG Player found in detection range
DEBUG Attack on cooldown: 0.938693
DEBUG Player found in detection range
DEBUG Attack on cooldown: 0.937854
DEBUG Player found in detection range
DEBUG Attack on cooldown: 0.937067
DEBUG Player found in detection range
DEBUG Attack on cooldown: 0.936314
DEBUG Player found in detection range
DEBUG Attack on cooldown: 0.935570
DEBUG Player found in detection range
DEBUG Attack on cooldown: 0.934808
DEBUG Player found in detection range
DEBUG Attack on cooldown: 0.934041
DEBUG Player found in detection range
DEBUG Attack on cooldown: 0.933265
DEBUG Player found in detection range
DEBUG Attack on cooldown: 0.932479
DEBUG Player found in detection range
DEBUG Attack on cooldown: 0.931494
DEBUG Player found in detection range
DEBUG Attack on cooldown: 0.930669
DEBUG Player found in detection range
DEBUG Attack on cooldown: 0.929833
DEBUG Player found in detection range
DEBUG Attack on cooldown: 0.929078
DEBUG Player found in detection range
DEBUG Attack on cooldown: 0.927210
DEBUG Player found in detection range
DEBUG Attack on cooldown: 0.926318
DEBUG Player found in detection range
DEBUG Attack on cooldown: 0.925460
DEBUG Player found in detection range
DEBUG Attack on cooldown: 0.924578
DEBUG Player found in detection range
DEBUG Player found in detection range
DEBUG Player found in detection range
DEBUG Player found in detection range
DEBUG Player found in detection range
DEBUG Player found in detection range
DEBUG Player found in detection range
DEBUG Player found in detection range
DEBUG Player found in detection range
DEBUG Player found in detection range
DEBUG Player found in detection range
DEBUG Player found in detection range
DEBUG Player found in detection range
DEBUG Player found in detection range
DEBUG Player found in detection range
DEBUG Player found in detection range
DEBUG Player found in detection range
DEBUG Player found in detection range
DEBUG Player found in detection range
DEBUG Player found in detection range
DEBUG Player found in detection range
DEBUG Player found in detection range
DEBUG Player found in detection range
DEBUG Player found in detection range
DEBUG Player found in detection range
DEBUG Player found in detection range
DEBUG Player found in detection range
DEBUG Player found in detection range
DEBUG Player found in detection range
DEBUG Player found in detection range
DEBUG Player found in detection range
DEBUG Player found in detection range
DEBUG Player found in detection range
DEBUG Player found in detection range
DEBUG Player found in detection range
DEBUG Player found in detection range
DEBUG Player found in detection range
DEBUG Player found in detection range
DEBUG Player found in detection range
DEBUG Player found in detection range
DEBUG Player found in detection range
DEBUG Player found in detection range
DEBUG Player found in detection range
DEBUG Attack on cooldown: 0.894444
DEBUG Player found in detection range
DEBUG Attack on cooldown: 0.893633
DEBUG Player found in detection range
DEBUG Attack on cooldown: 0.892920
DEBUG Player found in detection range
DEBUG Attack on cooldown: 0.892201
DEBUG Player found in detection range
DEBUG Attack on cooldown: 0.891410
DEBUG Player found in detection range
DEBUG Attack on cooldown: 0.890597
DEBUG Player found in detection range
DEBUG Attack on cooldown: 0.889653
DEBUG Player found in detection range
DEBUG Attack on cooldown: 0.888879
DEBUG Player found in detection range
DEBUG Attack on cooldown: 0.888122
DEBUG Player found in detection range
DEBUG Attack on cooldown: 0.887412
DEBUG Player found in detection range
DEBUG Attack on cooldown: 0.886658
DEBUG Player found in detection range
DEBUG Attack on cooldown: 0.885908
DEBUG Player found in detection range
DEBUG Attack on cooldown: 0.885190
DEBUG Player found in detection range
DEBUG Attack on cooldown: 0.884508
DEBUG Player found in detection range
DEBUG Attack on cooldown: 0.883779
DEBUG Player found in detection range
DEBUG Attack on cooldown: 0.883004
DEBUG Player found in detection range
DEBUG Attack on cooldown: 0.880195
DEBUG Player found in detection range
DEBUG Attack on cooldown: 0.879169
DEBUG Player found in detection range
DEBUG Attack on cooldown: 0.878285
DEBUG Player found in detection range
DEBUG Attack on cooldown: 0.877395
DEBUG Player found in detection range
DEBUG Attack on cooldown: 0.876398
DEBUG Player found in detection range
DEBUG Attack on cooldown: 0.875438
DEBUG Player found in detection range
DEBUG Attack on cooldown: 0.874593
DEBUG Player found in detection range
DEBUG Attack on cooldown: 0.873783
DEBUG Player found in detection range
DEBUG Attack on cooldown: 0.873061
DEBUG Player found in detection range
DEBUG Attack on cooldown: 0.872313
DEBUG Player found in detection range
DEBUG Attack on cooldown: 0.871511
DEBUG Player found in detection range
DEBUG Attack on cooldown: 0.870615
DEBUG Player found in detection range
DEBUG Attack on cooldown: 0.869873
DEBUG Player found in detection range
DEBUG Attack on cooldown: 0.868998
DEBUG Player found in detection range
DEBUG Attack on cooldown: 0.868004
DEBUG Player found in detection range
DEBUG Attack on cooldown: 0.867110
DEBUG Player found in detection range
DEBUG Attack on cooldown: 0.866226
DEBUG Player found in detection range
DEBUG Attack on cooldown: 0.865438
DEBUG Player found in detection range
DEBUG Attack on cooldown: 0.863583
DEBUG Player found in detection range
DEBUG Attack on cooldown: 0.862813
DEBUG Player found in detection range
DEBUG Attack on cooldown: 0.862061
DEBUG Player found in detection range
DEBUG Attack on cooldown: 0.861265
DEBUG Player found in detection range
DEBUG Attack on cooldown: 0.860454
DEBUG Player found in detection range
DEBUG Attack on cooldown: 0.859720
DEBUG Player found in detection range
DEBUG Attack on cooldown: 0.858990
DEBUG Player found in detection range
DEBUG Attack on cooldown: 0.858252
DEBUG Player found in detection range
DEBUG Attack on cooldown: 0.857500
DEBUG Player found in detection range
DEBUG Attack on cooldown: 0.856731
DEBUG Player found in detection range
DEBUG Attack on cooldown: 0.855968
DEBUG Player found in detection range
DEBUG Attack on cooldown: 0.855195
DEBUG Player found in detection range
DEBUG Attack on cooldown: 0.854446
DEBUG Player found in detection range
DEBUG Attack on cooldown: 0.853698
DEBUG Player found in detection range
DEBUG Attack on cooldown: 0.852969
DEBUG Player found in detection range
DEBUG Attack on cooldown: 0.852195
DEBUG Player found in detection range
DEBUG Attack on cooldown: 0.851444
DEBUG Player found in detection range
DEBUG Attack on cooldown: 0.850675
DEBUG Player found in detection range
DEBUG Attack on cooldown: 0.848238
DEBUG Player found in detection range
DEBUG Attack on cooldown: 0.847296
DEBUG Player found in detection range
DEBUG Attack on cooldown: 0.846396
DEBUG Player found in detection range
DEBUG Attack on cooldown: 0.845606
DEBUG Player found in detection range
DEBUG Attack on cooldown: 0.844808
DEBUG Player found in detection range
DEBUG Attack on cooldown: 0.844046
DEBUG Player found in detection range
DEBUG Attack on cooldown: 0.843308
DEBUG Player found in detection range
DEBUG Attack on cooldown: 0.842573
DEBUG Player found in detection range
DEBUG Attack on cooldown: 0.841764
DEBUG Player found in detection range
DEBUG Attack on cooldown: 0.840980
DEBUG Player found in detection range
DEBUG Attack on cooldown: 0.840201
DEBUG Player found in detection range
DEBUG Attack on cooldown: 0.839449
DEBUG Player found in detection range
DEBUG Attack on cooldown: 0.838713
DEBUG Player found in detection range
DEBUG Attack on cooldown: 0.837969
DEBUG Player found in detection range
DEBUG Attack on cooldown: 0.837247
DEBUG Player found in detection range
DEBUG Attack on cooldown: 0.836496
DEBUG Player found in detection range
DEBUG Attack on cooldown: 0.835766
DEBUG Player found in detection range
DEBUG Attack on cooldown: 0.835012
DEBUG Player found in detection range
DEBUG Attack on cooldown: 0.834257
DEBUG Player found in detection range
DEBUG Attack on cooldown: 0.832368
DEBUG Player found in detection range
DEBUG Attack on cooldown: 0.831560
DEBUG Player found in detection range
DEBUG Attack on cooldown: 0.830769
DEBUG Player found in detection range
DEBUG Attack on cooldown: 0.830018
DEBUG Player found in detection range
DEBUG Attack on cooldown: 0.829276
DEBUG Player found in detection range
DEBUG Attack on cooldown: 0.828495
DEBUG Player found in detection range
DEBUG Attack on cooldown: 0.827637
DEBUG Player found in detection range
DEBUG Attack on cooldown: 0.826700
DEBUG Player found in detection range
DEBUG Attack on cooldown: 0.825883
DEBUG Player found in detection range
DEBUG Attack on cooldown: 0.825159
DEBUG Player found in detection range
DEBUG Attack on cooldown: 0.824445
DEBUG Player found in detection range
DEBUG Attack on cooldown: 0.823749
DEBUG Player found in detection range
DEBUG Attack on cooldown: 0.823001
DEBUG Player found in detection range
DEBUG Attack on cooldown: 0.822259
DEBUG Player found in detection range
DEBUG Attack on cooldown: 0.821494
DEBUG Player found in detection range
DEBUG Attack on cooldown: 0.820637
DEBUG Player found in detection range
DEBUG Attack on cooldown: 0.819664
DEBUG Player found in detection range
DEBUG Attack on cooldown: 0.818927
DEBUG Player found in detection range
DEBUG Attack on cooldown: 0.818142
DEBUG Player found in detection range
DEBUG Attack on cooldown: 0.815946
DEBUG Player found in detection range
DEBUG Attack on cooldown: 0.814984
DEBUG Player found in detection range
DEBUG Attack on cooldown: 0.813972
DEBUG Player found in detection range
DEBUG Attack on cooldown: 0.812880
DEBUG Player found in detection range
DEBUG Attack on cooldown: 0.811920
DEBUG Player found in detection range
DEBUG Attack on cooldown: 0.810678
DEBUG Player found in detection range
DEBUG Attack on cooldown: 0.809398
DEBUG Player found in detection range
DEBUG Attack on cooldown: 0.808413
DEBUG Player found in detection range
DEBUG Attack on cooldown: 0.807220
DEBUG Player found in detection range
DEBUG Attack on cooldown: 0.806372
DEBUG Player found in detection range
DEBUG Attack on cooldown: 0.805533
DEBUG Player found in detection range
DEBUG Attack on cooldown: 0.804692
DEBUG Player found in detection range
DEBUG Attack on cooldown: 0.803842
DEBUG Player found in detection range
DEBUG Attack on cooldown: 0.801703
DEBUG Player found in detection range
DEBUG Attack on cooldown: 0.800906
DEBUG Player found in detection range
DEBUG Attack on cooldown: 0.799872
DEBUG Player found in detection range
DEBUG Attack on cooldown: 0.799030
DEBUG Player found in detection range
DEBUG Attack on cooldown: 0.798028
INFO Enemy taking damage, playing hit sound
INFO PlaySound called for: Kill
ERROR Sound not found in map: Kill
INFO Available sounds: kill, 
INFO Enemy took 20.000000 damage. Health: 10.000000
INFO PlaySound called for: hit
INFO Sound found in map, attempting to play
INFO Play command sent to sound component
DEBUG Player found in detection range
DEBUG Attack on cooldown: 0.796764
DEBUG Player found in detection range
DEBUG Attack on cooldown: 0.794580
DEBUG Player found in detection range
DEBUG Attack on cooldown: 0.793777
DEBUG Player found in detection range
DEBUG Attack on cooldown: 0.792810
DEBUG Player found in detection range
DEBUG Attack on cooldown: 0.791983
DEBUG Player found in detection range
DEBUG Attack on cooldown: 0.791160
DEBUG Player found in detection range
DEBUG Attack on cooldown: 0.790391
DEBUG Player found in detection range
DEBUG Attack on cooldown: 0.789663
DEBUG Player found in detection range
DEBUG Attack on cooldown: 0.788931
DEBUG Player found in detection range
DEBUG Attack on cooldown: 0.788005
DEBUG Player found in detection range
DEBUG Attack on cooldown: 0.787065
DEBUG Player found in detection range
DEBUG Attack on cooldown: 0.783742
DEBUG Player found in detection range
DEBUG Attack on cooldown: 0.782186
DEBUG Player found in detection range
DEBUG Attack on cooldown: 0.780476
DEBUG Player found in detection range
DEBUG Attack on cooldown: 0.779053
DEBUG Player found in detection range
DEBUG Attack on cooldown: 0.777732
DEBUG Player found in detection range
DEBUG Attack on cooldown: 0.776560
DEBUG Player found in detection range
DEBUG Attack on cooldown: 0.775388
DEBUG Player found in detection range
DEBUG Attack on cooldown: 0.774125
DEBUG Player found in detection range
DEBUG Attack on cooldown: 0.773251
DEBUG Player found in detection range
DEBUG Attack on cooldown: 0.772262
DEBUG Player found in detection range
DEBUG Attack on cooldown: 0.769685
DEBUG Player found in detection range
DEBUG Attack on cooldown: 0.768552
DEBUG Player found in detection range
DEBUG Attack on cooldown: 0.767555
DEBUG Player found in detection range
DEBUG Attack on cooldown: 0.766410
DEBUG Player found in detection range
DEBUG Attack on cooldown: 0.765509
DEBUG Player found in detection range
DEBUG Attack on cooldown: 0.764336
DEBUG Player found in detection range
DEBUG Attack on cooldown: 0.763405
DEBUG Player found in detection range
DEBUG Attack on cooldown: 0.762561
DEBUG Player found in detection range
DEBUG Attack on cooldown: 0.761477
DEBUG Player found in detection range
DEBUG Attack on cooldown: 0.760459
DEBUG Player found in detection range
DEBUG Attack on cooldown: 0.759519
DEBUG Player found in detection range
DEBUG Attack on cooldown: 0.758534
DEBUG Player found in detection range
DEBUG Attack on cooldown: 0.757552
DEBUG Player found in detection range
DEBUG Attack on cooldown: 0.756478
DEBUG Player found in detection range
DEBUG Attack on cooldown: 0.753338
DEBUG Player found in detection range
DEBUG Attack on cooldown: 0.752386
DEBUG Player found in detection range
DEBUG Attack on cooldown: 0.751268
DEBUG Player found in detection range
DEBUG Attack on cooldown: 0.750369
DEBUG Player found in detection range
DEBUG Attack on cooldown: 0.749500
DEBUG Player found in detection range
DEBUG Attack on cooldown: 0.748632
DEBUG Player found in detection range
DEBUG Attack on cooldown: 0.747580
DEBUG Player found in detection range
DEBUG Attack on cooldown: 0.746488
DEBUG Player found in detection range
DEBUG Attack on cooldown: 0.745380
DEBUG Player found in detection range
DEBUG Attack on cooldown: 0.744340
DEBUG Player found in detection range
DEBUG Attack on cooldown: 0.743339
DEBUG Player found in detection range
DEBUG Attack on cooldown: 0.742430
DEBUG Player found in detection range
DEBUG Attack on cooldown: 0.740936
DEBUG Player found in detection range
DEBUG Attack on cooldown: 0.739377
DEBUG Player found in detection range
DEBUG Attack on cooldown: 0.736995
DEBUG Player found in detection range
DEBUG Attack on cooldown: 0.735745
DEBUG Player found in detection range
DEBUG Attack on cooldown: 0.734719
DEBUG Player found in detection range
DEBUG Attack on cooldown: 0.733752
DEBUG Player found in detection range
DEBUG Attack on cooldown: 0.732618
DEBUG Player found in detection range
DEBUG Attack on cooldown: 0.731040
DEBUG Player found in detection range
DEBUG Attack on cooldown: 0.729893
DEBUG Player found in detection range
DEBUG Attack on cooldown: 0.728979
DEBUG Player found in detection range
DEBUG Attack on cooldown: 0.728074
DEBUG Player found in detection range
DEBUG Attack on cooldown: 0.726984
DEBUG Player found in detection range
DEBUG Attack on cooldown: 0.726000
DEBUG Player found in detection range
DEBUG Attack on cooldown: 0.725136
DEBUG Player found in detection range
DEBUG Attack on cooldown: 0.724187
DEBUG Player found in detection range
DEBUG Attack on cooldown: 0.721774
DEBUG Player found in detection range
DEBUG Attack on cooldown: 0.720609
DEBUG Player found in detection range
DEBUG Attack on cooldown: 0.719677
DEBUG Player found in detection range
DEBUG Attack on cooldown: 0.718721
DEBUG Player found in detection range
DEBUG Attack on cooldown: 0.717599
DEBUG Player found in detection range
DEBUG Attack on cooldown: 0.716636
DEBUG Player found in detection range
DEBUG Attack on cooldown: 0.715618
DEBUG Player found in detection range
DEBUG Attack on cooldown: 0.714610
DEBUG Player found in detection range
DEBUG Attack on cooldown: 0.713520
DEBUG Player found in detection range
DEBUG Attack on cooldown: 0.712295
DEBUG Player found in detection range
DEBUG Attack on cooldown: 0.711108
DEBUG Player found in detection range
DEBUG Attack on cooldown: 0.710122
DEBUG Player found in detection range
DEBUG Attack on cooldown: 0.709152
DEBUG Player found in detection range
DEBUG Attack on cooldown: 0.705840
DEBUG Player found in detection range
DEBUG Attack on cooldown: 0.704514
DEBUG Player found in detection range
DEBUG Attack on cooldown: 0.703680
DEBUG Player found in detection range
DEBUG Attack on cooldown: 0.702416
DEBUG Player found in detection range
DEBUG Attack on cooldown: 0.701235
DEBUG Player found in detection range
DEBUG Attack on cooldown: 0.700092
DEBUG Player found in detection range
DEBUG Attack on cooldown: 0.698998
DEBUG Player found in detection range
DEBUG Attack on cooldown: 0.697916
DEBUG Player found in detection range
DEBUG Attack on cooldown: 0.696943
DEBUG Player found in detection range
DEBUG Attack on cooldown: 0.695757
DEBUG Player found in detection range
DEBUG Attack on cooldown: 0.694861
DEBUG Player found in detection range
DEBUG Attack on cooldown: 0.693936
DEBUG Player found in detection range
DEBUG Attack on cooldown: 0.691142
DEBUG Player found in detection range
DEBUG Attack on cooldown: 0.690047
DEBUG Player found in detection range
DEBUG Attack on cooldown: 0.689128
DEBUG Player found in detection range
DEBUG Attack on cooldown: 0.688156
DEBUG Player found in detection range
DEBUG Attack on cooldown: 0.687092
DEBUG Player found in detection range
DEBUG Attack on cooldown: 0.686119
DEBUG Player found in detection range
DEBUG Attack on cooldown: 0.685319
DEBUG Player found in detection range
DEBUG Attack on cooldown: 0.684556
DEBUG Player found in detection range
DEBUG Attack on cooldown: 0.683775
DEBUG Player found in detection range
DEBUG Attack on cooldown: 0.683040
DEBUG Player found in detection range
DEBUG Attack on cooldown: 0.681951
DEBUG Player found in detection range
DEBUG Attack on cooldown: 0.681016
DEBUG Player found in detection range
DEBUG Attack on cooldown: 0.680199
DEBUG Player found in detection range
DEBUG Attack on cooldown: 0.679464
DEBUG Player found in detection range
DEBUG Attack on cooldown: 0.678662
DEBUG Player found in detection range
DEBUG Attack on cooldown: 0.675466
DEBUG Player found in detection range
DEBUG Attack on cooldown: 0.673521
DEBUG Player found in detection range
DEBUG Attack on cooldown: 0.672394
DEBUG Player found in detection range
DEBUG Attack on cooldown: 0.671421
DEBUG Player found in detection range
DEBUG Attack on cooldown: 0.670613
DEBUG Player found in detection range
DEBUG Attack on cooldown: 0.669594
DEBUG Player found in detection range
DEBUG Attack on cooldown: 0.668431
DEBUG Player found in detection range
DEBUG Attack on cooldown: 0.667324
DEBUG Player found in detection range
DEBUG Attack on cooldown: 0.666477
DEBUG Player found in detection range
DEBUG Attack on cooldown: 0.665450
DEBUG Player found in detection range
DEBUG Attack on cooldown: 0.664614
DEBUG Player found in detection range
DEBUG Attack on cooldown: 0.663726
DEBUG Player found in detection range
DEBUG Attack on cooldown: 0.662771
DEBUG Player found in detection range
DEBUG Attack on cooldown: 0.661883
DEBUG Player found in detection range
DEBUG Attack on cooldown: 0.659851
DEBUG Player found in detection range
DEBUG Attack on cooldown: 0.659072
DEBUG Player found in detection range
DEBUG Attack on cooldown: 0.658330
DEBUG Player found in detection range
DEBUG Attack on cooldown: 0.657465
DEBUG Player found in detection range
DEBUG Attack on cooldown: 0.656671
DEBUG Player found in detection range
DEBUG Attack on cooldown: 0.655894
DEBUG Player found in detection range
DEBUG Attack on cooldown: 0.655148
DEBUG Player found in detection range
DEBUG Attack on cooldown: 0.654182
DEBUG Player found in detection range
DEBUG Attack on cooldown: 0.653318
DEBUG Player found in detection range
DEBUG Attack on cooldown: 0.652463
DEBUG Player found in detection range
DEBUG Attack on cooldown: 0.651728
DEBUG Player found in detection range
DEBUG Attack on cooldown: 0.650907
DEBUG Player found in detection range
DEBUG Attack on cooldown: 0.650093
DEBUG Player found in detection range
DEBUG Attack on cooldown: 0.649370
DEBUG Player found in detection range
DEBUG Attack on cooldown: 0.648655
DEBUG Player found in detection range
DEBUG Attack on cooldown: 0.647820
DEBUG Player found in detection range
DEBUG Attack on cooldown: 0.646795
DEBUG Player found in detection range
DEBUG Attack on cooldown: 0.645929
DEBUG Player found in detection range
DEBUG Attack on cooldown: 0.643646
DEBUG Player found in detection range
DEBUG Attack on cooldown: 0.642622
DEBUG Player found in detection range
DEBUG Attack on cooldown: 0.641885
DEBUG Player found in detection range
DEBUG Attack on cooldown: 0.641128
DEBUG Player found in detection range
DEBUG Attack on cooldown: 0.640208
DEBUG Player found in detection range
DEBUG Attack on cooldown: 0.639429
DEBUG Player found in detection range
DEBUG Attack on cooldown: 0.638629
DEBUG Player found in detection range
DEBUG Attack on cooldown: 0.637701
DEBUG Player found in detection range
DEBUG Attack on cooldown: 0.636760
DEBUG Player found in detection range
DEBUG Attack on cooldown: 0.635908
DEBUG Player found in detection range
DEBUG Attack on cooldown: 0.635158
DEBUG Player found in detection range
DEBUG Attack on cooldown: 0.634445
DEBUG Player found in detection range
DEBUG Attack on cooldown: 0.633718
DEBUG Player found in detection range
DEBUG Attack on cooldown: 0.632850
DEBUG Player found in detection range
DEBUG Attack on cooldown: 0.631947
DEBUG Player found in detection range
DEBUG Attack on cooldown: 0.631193
DEBUG Player found in detection range
DEBUG Attack on cooldown: 0.628840
DEBUG Player found in detection range
DEBUG Attack on cooldown: 0.628101
DEBUG Player found in detection range
DEBUG Attack on cooldown: 0.627393
DEBUG Player found in detection range
DEBUG Attack on cooldown: 0.626470
DEBUG Player found in detection range
DEBUG Attack on cooldown: 0.625657
DEBUG Player found in detection range
DEBUG Attack on cooldown: 0.624858
DEBUG Player found in detection range
DEBUG Attack on cooldown: 0.623939
DEBUG Player found in detection range
DEBUG Attack on cooldown: 0.623106
DEBUG Player found in detection range
DEBUG Attack on cooldown: 0.622114
DEBUG Player found in detection range
DEBUG Attack on cooldown: 0.621266
DEBUG Player found in detection range
DEBUG Attack on cooldown: 0.620497
DEBUG Player found in detection range
DEBUG Attack on cooldown: 0.619815
DEBUG Player found in detection range
DEBUG Attack on cooldown: 0.619054
DEBUG Player found in detection range
DEBUG Attack on cooldown: 0.618077
DEBUG Player found in detection range
DEBUG Attack on cooldown: 0.617112
DEBUG Player found in detection range
DEBUG Attack on cooldown: 0.616322
DEBUG Player found in detection range
DEBUG Attack on cooldown: 0.615502
DEBUG Player found in detection range
DEBUG Attack on cooldown: 0.612996
DEBUG Player found in detection range
DEBUG Attack on cooldown: 0.611590
DEBUG Player found in detection range
DEBUG Attack on cooldown: 0.610596
DEBUG Player found in detection range
DEBUG Attack on cooldown: 0.609574
DEBUG Player found in detection range
DEBUG Attack on cooldown: 0.608584
DEBUG Player found in detection range
DEBUG Attack on cooldown: 0.607531
DEBUG Player found in detection range
DEBUG Attack on cooldown: 0.606581
DEBUG Player found in detection range
DEBUG Attack on cooldown: 0.605547
DEBUG Player found in detection range
DEBUG Attack on cooldown: 0.604274
DEBUG Player found in detection range
DEBUG Attack on cooldown: 0.603411
DEBUG Player found in detection range
DEBUG Attack on cooldown: 0.602582
DEBUG Player found in detection range
DEBUG Attack on cooldown: 0.601724
DEBUG Player found in detection range
DEBUG Attack on cooldown: 0.600770
DEBUG Player found in detection range
DEBUG Attack on cooldown: 0.600020
DEBUG Player found in detection range
DEBUG Attack on cooldown: 0.599281
DEBUG Player found in detection range
DEBUG Attack on cooldown: 0.597175
DEBUG Player found in detection range
DEBUG Attack on cooldown: 0.596373
DEBUG Player found in detection range
DEBUG Attack on cooldown: 0.595637
DEBUG Player found in detection range
DEBUG Attack on cooldown: 0.594851
DEBUG Player found in detection range
DEBUG Attack on cooldown: 0.594120
DEBUG Player found in detection range
DEBUG Attack on cooldown: 0.593387
DEBUG Player found in detection range
DEBUG Attack on cooldown: 0.592689
DEBUG Player found in detection range
DEBUG Attack on cooldown: 0.591703
DEBUG Player found in detection range
DEBUG Attack on cooldown: 0.590922
DEBUG Player found in detection range
DEBUG Attack on cooldown: 0.590025
DEBUG Player found in detection range
DEBUG Attack on cooldown: 0.589172
DEBUG Player found in detection range
DEBUG Attack on cooldown: 0.588350
DEBUG Player found in detection range
DEBUG Attack on cooldown: 0.587626
DEBUG Player found in detection range
DEBUG Attack on cooldown: 0.586820
DEBUG Player found in detection range
DEBUG Attack on cooldown: 0.586071
DEBUG Player found in detection range
DEBUG Attack on cooldown: 0.585341
DEBUG Player found in detection range
DEBUG Attack on cooldown: 0.584491
DEBUG Player found in detection range
DEBUG Attack on cooldown: 0.581905
DEBUG Player found in detection range
DEBUG Attack on cooldown: 0.581033
DEBUG Player found in detection range
DEBUG Attack on cooldown: 0.580311
DEBUG Player found in detection range
DEBUG Attack on cooldown: 0.579541
DEBUG Player found in detection range
DEBUG Attack on cooldown: 0.578813
DEBUG Player found in detection range
DEBUG Attack on cooldown: 0.578084
DEBUG Player found in detection range
DEBUG Attack on cooldown: 0.577196
DEBUG Player found in detection range
DEBUG Attack on cooldown: 0.576266
DEBUG Player found in detection range
DEBUG Attack on cooldown: 0.575472
DEBUG Player found in detection range
DEBUG Attack on cooldown: 0.574542
DEBUG Player found in detection range
DEBUG Attack on cooldown: 0.573731
DEBUG Player found in detection range
DEBUG Attack on cooldown: 0.572983
DEBUG Player found in detection range
DEBUG Attack on cooldown: 0.572262
DEBUG Player found in detection range
DEBUG Attack on cooldown: 0.571558
DEBUG Player found in detection range
DEBUG Attack on cooldown: 0.570748
DEBUG Player found in detection range
DEBUG Attack on cooldown: 0.569980
DEBUG Player found in detection range
DEBUG Attack on cooldown: 0.567433
DEBUG Player found in detection range
DEBUG Attack on cooldown: 0.566603
DEBUG Player found in detection range
DEBUG Attack on cooldown: 0.565846
DEBUG Player found in detection range
DEBUG Attack on cooldown: 0.565125
DEBUG Player found in detection range
DEBUG Attack on cooldown: 0.564399
DEBUG Player found in detection range
DEBUG Attack on cooldown: 0.563583
DEBUG Player found in detection range
DEBUG Attack on cooldown: 0.562773
DEBUG Player found in detection range
DEBUG Attack on cooldown: 0.561996
DEBUG Player found in detection range
DEBUG Attack on cooldown: 0.561144
DEBUG Player found in detection range
DEBUG Attack on cooldown: 0.560383
DEBUG Player found in detection range
DEBUG Attack on cooldown: 0.559650
DEBUG Player found in detection range
DEBUG Attack on cooldown: 0.558933
DEBUG Player found in detection range
DEBUG Attack on cooldown: 0.558218
DEBUG Player found in detection range
DEBUG Attack on cooldown: 0.557484
DEBUG Player found in detection range
DEBUG Attack on cooldown: 0.556515
DEBUG Player found in detection range
DEBUG Attack on cooldown: 0.555531
DEBUG Player found in detection range
DEBUG Attack on cooldown: 0.554779
DEBUG Player found in detection range
DEBUG Attack on cooldown: 0.553868
DEBUG Player found in detection range
DEBUG Attack on cooldown: 0.552184
DEBUG Player found in detection range
DEBUG Attack on cooldown: 0.551463
DEBUG Player found in detection range
DEBUG Attack on cooldown: 0.550739
DEBUG Player found in detection range
DEBUG Attack on cooldown: 0.549865
DEBUG Player found in detection range
DEBUG Attack on cooldown: 0.549126
DEBUG Player found in detection range
DEBUG Attack on cooldown: 0.548146
DEBUG Player found in detection range
DEBUG Attack on cooldown: 0.547260
DEBUG Player found in detection range
DEBUG Attack on cooldown: 0.546445
DEBUG Player found in detection range
DEBUG Attack on cooldown: 0.545689
DEBUG Player found in detection range
DEBUG Attack on cooldown: 0.544978
DEBUG Player found in detection range
DEBUG Attack on cooldown: 0.544279
DEBUG Player found in detection range
DEBUG Attack on cooldown: 0.543549
DEBUG Player found in detection range
DEBUG Attack on cooldown: 0.542636
DEBUG Player found in detection range
DEBUG Attack on cooldown: 0.541820
DEBUG Player found in detection range
DEBUG Attack on cooldown: 0.540819
DEBUG Player found in detection range
DEBUG Attack on cooldown: 0.539912
DEBUG Player found in detection range
DEBUG Attack on cooldown: 0.539111
DEBUG Player found in detection range
DEBUG Attack on cooldown: 0.538370
DEBUG Player found in detection range
DEBUG Attack on cooldown: 0.536578
DEBUG Player found in detection range
DEBUG Attack on cooldown: 0.535727
DEBUG Player found in detection range
DEBUG Attack on cooldown: 0.534852
DEBUG Player found in detection range
DEBUG Attack on cooldown: 0.534009
DEBUG Player found in detection range
DEBUG Attack on cooldown: 0.533179
DEBUG Player found in detection range
DEBUG Attack on cooldown: 0.532309
DEBUG Player found in detection range
DEBUG Attack on cooldown: 0.531527
DEBUG Player found in detection range
DEBUG Attack on cooldown: 0.530785
DEBUG Player found in detection range
DEBUG Attack on cooldown: 0.530100
DEBUG Player found in detection range
DEBUG Attack on cooldown: 0.529180
DEBUG Player found in detection range
DEBUG Attack on cooldown: 0.528402
DEBUG Player found in detection range
DEBUG Attack on cooldown: 0.527658
DEBUG Player found in detection range
DEBUG Attack on cooldown: 0.526809
DEBUG Player found in detection range
DEBUG Attack on cooldown: 0.525631
DEBUG Player found in detection range
DEBUG Attack on cooldown: 0.524875
DEBUG Player found in detection range
DEBUG Attack on cooldown: 0.524135
DEBUG Player found in detection range
DEBUG Attack on cooldown: 0.523391
DEBUG Player found in detection range
DEBUG Attack on cooldown: 0.521022
DEBUG Player found in detection range
DEBUG Attack on cooldown: 0.520134
DEBUG Player found in detection range
DEBUG Attack on cooldown: 0.519398
DEBUG Player found in detection range
DEBUG Attack on cooldown: 0.518571
DEBUG Player found in detection range
DEBUG Attack on cooldown: 0.517814
DEBUG Player found in detection range
DEBUG Attack on cooldown: 0.517094
DEBUG Player found in detection range
DEBUG Attack on cooldown: 0.516330
DEBUG Player found in detection range
DEBUG Attack on cooldown: 0.515417
DEBUG Player found in detection range
DEBUG Attack on cooldown: 0.514630
DEBUG Player found in detection range
DEBUG Attack on cooldown: 0.513817
DEBUG Player found in detection range
DEBUG Attack on cooldown: 0.513011
DEBUG Player found in detection range
DEBUG Attack on cooldown: 0.512213
DEBUG Player found in detection range
DEBUG Attack on cooldown: 0.511351
DEBUG Player found in detection range
DEBUG Attack on cooldown: 0.510531
DEBUG Player found in detection range
DEBUG Attack on cooldown: 0.509811
DEBUG Player found in detection range
DEBUG Attack on cooldown: 0.509103
DEBUG Player found in detection range
DEBUG Attack on cooldown: 0.508269
DEBUG Player found in detection range
DEBUG Attack on cooldown: 0.507384
DEBUG Player found in detection range
DEBUG Attack on cooldown: 0.504648
DEBUG Player found in detection range
DEBUG Attack on cooldown: 0.503744
DEBUG Player found in detection range
DEBUG Attack on cooldown: 0.503001
DEBUG Player found in detection range
DEBUG Attack on cooldown: 0.502289
DEBUG Player found in detection range
DEBUG Attack on cooldown: 0.501332
DEBUG Player found in detection range
DEBUG Attack on cooldown: 0.500343
DEBUG Player found in detection range
DEBUG Attack on cooldown: 0.499382
DEBUG Player found in detection range
DEBUG Attack on cooldown: 0.498568
DEBUG Player found in detection range
DEBUG Attack on cooldown: 0.497679
DEBUG Player found in detection range
DEBUG Attack on cooldown: 0.496915
DEBUG Player found in detection range
DEBUG Attack on cooldown: 0.496111
DEBUG Player found in detection range
DEBUG Attack on cooldown: 0.495400
DEBUG Player found in detection range
DEBUG Attack on cooldown: 0.494359
DEBUG Player found in detection range
DEBUG Attack on cooldown: 0.493577
DEBUG Player found in detection range
DEBUG Attack on cooldown: 0.492788
DEBUG Player found in detection range
DEBUG Attack on cooldown: 0.492017
DEBUG Player found in detection range
DEBUG Attack on cooldown: 0.489850
DEBUG Player found in detection range
DEBUG Attack on cooldown: 0.489084
DEBUG Player found in detection range
DEBUG Attack on cooldown: 0.488315
DEBUG Player found in detection range
DEBUG Attack on cooldown: 0.487387
DEBUG Player found in detection range
DEBUG Attack on cooldown: 0.486426
DEBUG Player found in detection range
DEBUG Attack on cooldown: 0.485557
DEBUG Player found in detection range
DEBUG Attack on cooldown: 0.484740
DEBUG Player found in detection range
DEBUG Attack on cooldown: 0.483837
DEBUG Player found in detection range
DEBUG Attack on cooldown: 0.483024
DEBUG Player found in detection range
DEBUG Attack on cooldown: 0.482302
DEBUG Player found in detection range
DEBUG Attack on cooldown: 0.481554
DEBUG Player found in detection range
DEBUG Attack on cooldown: 0.480540
DEBUG Player found in detection range
DEBUG Attack on cooldown: 0.479577
DEBUG Player found in detection range
DEBUG Attack on cooldown: 0.478663
DEBUG Player found in detection range
DEBUG Attack on cooldown: 0.477850
DEBUG Player found in detection range
DEBUG Attack on cooldown: 0.477019
DEBUG Player found in detection range
DEBUG Attack on cooldown: 0.476283
DEBUG Player found in detection range
DEBUG Attack on cooldown: 0.474172
DEBUG Player found in detection range
DEBUG Attack on cooldown: 0.473356
DEBUG Player found in detection range
DEBUG Attack on cooldown: 0.472575
DEBUG Player found in detection range
DEBUG Attack on cooldown: 0.471814
DEBUG Player found in detection range
DEBUG Attack on cooldown: 0.470980
DEBUG Player found in detection range
DEBUG Attack on cooldown: 0.470303
DEBUG Player found in detection range
DEBUG Attack on cooldown: 0.469598
DEBUG Player found in detection range
DEBUG Attack on cooldown: 0.468888
DEBUG Player found in detection range
DEBUG Attack on cooldown: 0.468194
DEBUG Player found in detection range
DEBUG Attack on cooldown: 0.467459
DEBUG Player found in detection range
DEBUG Attack on cooldown: 0.466432
DEBUG Player found in detection range
DEBUG Attack on cooldown: 0.465523
DEBUG Player found in detection range
DEBUG Attack on cooldown: 0.464630
DEBUG Player found in detection range
DEBUG Attack on cooldown: 0.463737
DEBUG Player found in detection range
DEBUG Attack on cooldown: 0.462560
DEBUG Player found in detection range
DEBUG Attack on cooldown: 0.461799
DEBUG Player found in detection range
DEBUG Attack on cooldown: 0.460947
DEBUG Player found in detection range
DEBUG Attack on cooldown: 0.460197
DEBUG Player found in detection range
DEBUG Attack on cooldown: 0.458416
DEBUG Player found in detection range
DEBUG Attack on cooldown: 0.457602
DEBUG Player found in detection range
DEBUG Attack on cooldown: 0.456794
DEBUG Player found in detection range
DEBUG Attack on cooldown: 0.456036
DEBUG Player found in detection range
DEBUG Attack on cooldown: 0.455296
DEBUG Player found in detection range
DEBUG Attack on cooldown: 0.454530
DEBUG Player found in detection range
DEBUG Attack on cooldown: 0.453765
DEBUG Player found in detection range
DEBUG Attack on cooldown: 0.452935
DEBUG Player found in detection range
DEBUG Attack on cooldown: 0.452207
DEBUG Player found in detection range
DEBUG Attack on cooldown: 0.451448
DEBUG Player found in detection range
DEBUG Attack on cooldown: 0.450676
DEBUG Player found in detection range
DEBUG Attack on cooldown: 0.449842
DEBUG Player found in detection range
DEBUG Attack on cooldown: 0.449086
DEBUG Player found in detection range
DEBUG Attack on cooldown: 0.448306
DEBUG Player found in detection range
DEBUG Attack on cooldown: 0.447572
DEBUG Player found in detection range
DEBUG Attack on cooldown: 0.446779
DEBUG Player found in detection range
DEBUG Attack on cooldown: 0.445942
DEBUG Player found in detection range
DEBUG Attack on cooldown: 0.445111
DEBUG Player found in detection range
DEBUG Attack on cooldown: 0.442919
DEBUG Player found in detection range
DEBUG Attack on cooldown: 0.442136
DEBUG Player found in detection range
DEBUG Attack on cooldown: 0.441385
DEBUG Player found in detection range
DEBUG Attack on cooldown: 0.440635
DEBUG Player found in detection range
DEBUG Attack on cooldown: 0.439771
DEBUG Player found in detection range
DEBUG Attack on cooldown: 0.438774
DEBUG Player found in detection range
DEBUG Attack on cooldown: 0.437984
DEBUG Player found in detection range
DEBUG Attack on cooldown: 0.437182
DEBUG Player found in detection range
DEBUG Attack on cooldown: 0.436332
DEBUG Player found in detection range
DEBUG Attack on cooldown: 0.435489
DEBUG Player found in detection range
DEBUG Attack on cooldown: 0.434580
DEBUG Player found in detection range
DEBUG Attack on cooldown: 0.433809
DEBUG Player found in detection range
DEBUG Attack on cooldown: 0.433118
DEBUG Player found in detection range
DEBUG Attack on cooldown: 0.432366
DEBUG Player found in detection range
DEBUG Attack on cooldown: 0.431519
DEBUG Player found in detection range
DEBUG Attack on cooldown: 0.430555
DEBUG Player found in detection range
DEBUG Attack on cooldown: 0.428056
DEBUG Player found in detection range
DEBUG Attack on cooldown: 0.427277
DEBUG Player found in detection range
DEBUG Attack on cooldown: 0.426501
DEBUG Player found in detection range
DEBUG Attack on cooldown: 0.425786
DEBUG Player found in detection range
DEBUG Attack on cooldown: 0.424873
DEBUG Player found in detection range
DEBUG Attack on cooldown: 0.424072
DEBUG Player found in detection range
DEBUG Attack on cooldown: 0.423214
DEBUG Player found in detection range
DEBUG Attack on cooldown: 0.422376
DEBUG Player found in detection range
DEBUG Attack on cooldown: 0.421582
DEBUG Player found in detection range
DEBUG Attack on cooldown: 0.420802
DEBUG Player found in detection range
DEBUG Attack on cooldown: 0.420088
DEBUG Player found in detection range
DEBUG Attack on cooldown: 0.419343
DEBUG Player found in detection range
DEBUG Attack on cooldown: 0.418604
DEBUG Player found in detection range
DEBUG Attack on cooldown: 0.417796
DEBUG Player found in detection range
DEBUG Attack on cooldown: 0.416943
DEBUG Player found in detection range
DEBUG Attack on cooldown: 0.416002
DEBUG Player found in detection range
DEBUG Attack on cooldown: 0.415086
DEBUG Player found in detection range
DEBUG Attack on cooldown: 0.414382
DEBUG Player found in detection range
DEBUG Attack on cooldown: 0.412247
DEBUG Player found in detection range
DEBUG Attack on cooldown: 0.411351
DEBUG Player found in detection range
DEBUG Attack on cooldown: 0.410457
DEBUG Player found in detection range
DEBUG Attack on cooldown: 0.409701
DEBUG Player found in detection range
DEBUG Attack on cooldown: 0.408981
DEBUG Player found in detection range
DEBUG Attack on cooldown: 0.408109
DEBUG Player found in detection range
DEBUG Attack on cooldown: 0.407423
DEBUG Player found in detection range
DEBUG Attack on cooldown: 0.406531
DEBUG Player found in detection range
DEBUG Attack on cooldown: 0.405795
DEBUG Player found in detection range
DEBUG Attack on cooldown: 0.404946
DEBUG Player found in detection range
DEBUG Attack on cooldown: 0.403953
DEBUG Player found in detection range
DEBUG Attack on cooldown: 0.403118
DEBUG Player found in detection range
DEBUG Attack on cooldown: 0.402320
DEBUG Player found in detection range
DEBUG Attack on cooldown: 0.401521
DEBUG Player found in detection range
DEBUG Attack on cooldown: 0.400756
DEBUG Player found in detection range
DEBUG Attack on cooldown: 0.400033
DEBUG Player found in detection range
DEBUG Attack on cooldown: 0.399283
DEBUG Player found in detection range
DEBUG Attack on cooldown: 0.396279
DEBUG Player found in detection range
DEBUG Attack on cooldown: 0.395167
DEBUG Player found in detection range
DEBUG Attack on cooldown: 0.393981
DEBUG Player found in detection range
DEBUG Attack on cooldown: 0.392716
DEBUG Player found in detection range
DEBUG Attack on cooldown: 0.391731
DEBUG Player found in detection range
DEBUG Attack on cooldown: 0.390649
DEBUG Player found in detection range
DEBUG Attack on cooldown: 0.389620
DEBUG Player found in detection range
DEBUG Attack on cooldown: 0.388410
DEBUG Player found in detection range
DEBUG Attack on cooldown: 0.387259
DEBUG Player found in detection range
DEBUG Attack on cooldown: 0.386429
DEBUG Player found in detection range
DEBUG Attack on cooldown: 0.385664
DEBUG Player found in detection range
DEBUG Attack on cooldown: 0.384935
DEBUG Player found in detection range
DEBUG Attack on cooldown: 0.384172
DEBUG Player found in detection range
DEBUG Attack on cooldown: 0.382909
DEBUG Player found in detection range
DEBUG Attack on cooldown: 0.380685
DEBUG Player found in detection range
DEBUG Attack on cooldown: 0.379894
DEBUG Player found in detection range
DEBUG Attack on cooldown: 0.379148
DEBUG Player found in detection range
DEBUG Attack on cooldown: 0.378418
DEBUG Player found in detection range
DEBUG Attack on cooldown: 0.377695
DEBUG Player found in detection range
DEBUG Attack on cooldown: 0.376946
DEBUG Player found in detection range
DEBUG Attack on cooldown: 0.376046
DEBUG Player found in detection range
DEBUG Attack on cooldown: 0.375273
DEBUG Player found in detection range
DEBUG Attack on cooldown: 0.374536
DEBUG Player found in detection range
DEBUG Attack on cooldown: 0.373664
DEBUG Player found in detection range
DEBUG Attack on cooldown: 0.372844
DEBUG Player found in detection range
DEBUG Attack on cooldown: 0.372077
DEBUG Player found in detection range
DEBUG Attack on cooldown: 0.371365
DEBUG Player found in detection range
DEBUG Attack on cooldown: 0.370610
DEBUG Player found in detection range
DEBUG Attack on cooldown: 0.369881
DEBUG Player found in detection range
DEBUG Attack on cooldown: 0.369032
DEBUG Player found in detection range
DEBUG Attack on cooldown: 0.368098
DEBUG Player found in detection range
DEBUG Attack on cooldown: 0.367199
DEBUG Player found in detection range
DEBUG Attack on cooldown: 0.365183
DEBUG Player found in detection range
DEBUG Attack on cooldown: 0.364422
DEBUG Player found in detection range
DEBUG Attack on cooldown: 0.363637
DEBUG Player found in detection range
DEBUG Attack on cooldown: 0.362911
DEBUG Player found in detection range
DEBUG Attack on cooldown: 0.362159
DEBUG Player found in detection range
DEBUG Attack on cooldown: 0.361235
DEBUG Player found in detection range
DEBUG Attack on cooldown: 0.360225
DEBUG Player found in detection range
DEBUG Attack on cooldown: 0.359207
DEBUG Player found in detection range
DEBUG Attack on cooldown: 0.358463
DEBUG Player found in detection range
DEBUG Attack on cooldown: 0.357738
DEBUG Player found in detection range
DEBUG Attack on cooldown: 0.356998
DEBUG Player found in detection range
DEBUG Attack on cooldown: 0.356272
DEBUG Player found in detection range
DEBUG Attack on cooldown: 0.355129
DEBUG Player found in detection range
DEBUG Attack on cooldown: 0.354251
DEBUG Player found in detection range
DEBUG Attack on cooldown: 0.353431
DEBUG Player found in detection range
DEBUG Attack on cooldown: 0.352637
DEBUG Player found in detection range
DEBUG Attack on cooldown: 0.351808
DEBUG Player found in detection range
DEBUG Attack on cooldown: 0.350188
DEBUG Player found in detection range
DEBUG Attack on cooldown: 0.349447
DEBUG Player found in detection range
DEBUG Attack on cooldown: 0.348487
DEBUG Player found in detection range
DEBUG Attack on cooldown: 0.347681
DEBUG Player found in detection range
DEBUG Attack on cooldown: 0.346914
DEBUG Player found in detection range
DEBUG Attack on cooldown: 0.346103
DEBUG Player found in detection range
DEBUG Attack on cooldown: 0.345287
DEBUG Player found in detection range
DEBUG Attack on cooldown: 0.344540
DEBUG Player found in detection range
DEBUG Attack on cooldown: 0.343778
DEBUG Player found in detection range
DEBUG Attack on cooldown: 0.343045
DEBUG Player found in detection range
DEBUG Attack on cooldown: 0.341831
DEBUG Player found in detection range
DEBUG Attack on cooldown: 0.340486
DEBUG Player found in detection range
DEBUG Attack on cooldown: 0.339674
DEBUG Player found in detection range
DEBUG Attack on cooldown: 0.338860
DEBUG Player found in detection range
DEBUG Attack on cooldown: 0.338138
DEBUG Player found in detection range
DEBUG Attack on cooldown: 0.337413
DEBUG Player found in detection range
DEBUG Attack on cooldown: 0.336517
DEBUG Player found in detection range
DEBUG Attack on cooldown: 0.335710
DEBUG Player found in detection range
DEBUG Attack on cooldown: 0.333724
DEBUG Player found in detection range
DEBUG Attack on cooldown: 0.332852
DEBUG Player found in detection range
DEBUG Attack on cooldown: 0.332044
DEBUG Player found in detection range
DEBUG Attack on cooldown: 0.331243
DEBUG Player found in detection range
DEBUG Attack on cooldown: 0.330485
DEBUG Player found in detection range
DEBUG Attack on cooldown: 0.329773
DEBUG Player found in detection range
DEBUG Attack on cooldown: 0.329062
DEBUG Player found in detection range
DEBUG Attack on cooldown: 0.328330
DEBUG Player found in detection range
DEBUG Attack on cooldown: 0.327494
DEBUG Player found in detection range
DEBUG Attack on cooldown: 0.326660
DEBUG Player found in detection range
DEBUG Attack on cooldown: 0.325851
DEBUG Player found in detection range
DEBUG Attack on cooldown: 0.325007
DEBUG Player found in detection range
DEBUG Attack on cooldown: 0.323884
DEBUG Player found in detection range
DEBUG Attack on cooldown: 0.323125
DEBUG Player found in detection range
DEBUG Attack on cooldown: 0.322368
DEBUG Player found in detection range
DEBUG Attack on cooldown: 0.321601
DEBUG Player found in detection range
DEBUG Attack on cooldown: 0.320700
DEBUG Player found in detection range
DEBUG Attack on cooldown: 0.318230
DEBUG Player found in detection range
DEBUG Attack on cooldown: 0.317405
DEBUG Player found in detection range
DEBUG Attack on cooldown: 0.316624
DEBUG Player found in detection range
DEBUG Attack on cooldown: 0.315809
DEBUG Player found in detection range
DEBUG Attack on cooldown: 0.315108
DEBUG Player found in detection range
DEBUG Attack on cooldown: 0.314332
DEBUG Player found in detection range
DEBUG Attack on cooldown: 0.313540
DEBUG Player found in detection range
DEBUG Attack on cooldown: 0.312732
DEBUG Player found in detection range
DEBUG Attack on cooldown: 0.311924
DEBUG Player found in detection range
DEBUG Attack on cooldown: 0.311121
DEBUG Player found in detection range
DEBUG Attack on cooldown: 0.310381
DEBUG Player found in detection range
DEBUG Attack on cooldown: 0.309620
DEBUG Player found in detection range
DEBUG Attack on cooldown: 0.308871
DEBUG Player found in detection range
DEBUG Attack on cooldown: 0.308134
DEBUG Player found in detection range
DEBUG Attack on cooldown: 0.307424
DEBUG Player found in detection range
DEBUG Attack on cooldown: 0.306574
DEBUG Player found in detection range
DEBUG Attack on cooldown: 0.305773
DEBUG Player found in detection range
DEBUG Attack on cooldown: 0.304742
DEBUG Player found in detection range
DEBUG Attack on cooldown: 0.302805
DEBUG Player found in detection range
DEBUG Attack on cooldown: 0.301936
DEBUG Player found in detection range
DEBUG Attack on cooldown: 0.301163
DEBUG Player found in detection range
DEBUG Attack on cooldown: 0.300432
DEBUG Player found in detection range
DEBUG Attack on cooldown: 0.299545
DEBUG Player found in detection range
DEBUG Attack on cooldown: 0.298722
DEBUG Player found in detection range
DEBUG Attack on cooldown: 0.297962
DEBUG Player found in detection range
DEBUG Attack on cooldown: 0.297071
DEBUG Player found in detection range
DEBUG Attack on cooldown: 0.296332
DEBUG Player found in detection range
DEBUG Attack on cooldown: 0.295604
DEBUG Player found in detection range
DEBUG Attack on cooldown: 0.294916
DEBUG Player found in detection range
DEBUG Attack on cooldown: 0.294164
DEBUG Player found in detection range
DEBUG Attack on cooldown: 0.293382
DEBUG Player found in detection range
DEBUG Attack on cooldown: 0.292519
DEBUG Player found in detection range
DEBUG Attack on cooldown: 0.291662
DEBUG Player found in detection range
DEBUG Attack on cooldown: 0.290760
DEBUG Player found in detection range
DEBUG Attack on cooldown: 0.289818
DEBUG Player found in detection range
DEBUG Attack on cooldown: 0.288876
DEBUG Player found in detection range
DEBUG Attack on cooldown: 0.286839
DEBUG Player found in detection range
DEBUG Attack on cooldown: 0.285860
DEBUG Player found in detection range
DEBUG Attack on cooldown: 0.284972
DEBUG Player found in detection range
DEBUG Attack on cooldown: 0.284090
DEBUG Player found in detection range
DEBUG Attack on cooldown: 0.283304
DEBUG Player found in detection range
DEBUG Attack on cooldown: 0.282369
DEBUG Player found in detection range
DEBUG Attack on cooldown: 0.281568
DEBUG Player found in detection range
DEBUG Attack on cooldown: 0.280800
DEBUG Player found in detection range
DEBUG Attack on cooldown: 0.280076
DEBUG Player found in detection range
DEBUG Attack on cooldown: 0.279143
DEBUG Player found in detection range
DEBUG Attack on cooldown: 0.278352
DEBUG Player found in detection range
DEBUG Attack on cooldown: 0.277583
DEBUG Player found in detection range
DEBUG Attack on cooldown: 0.276735
DEBUG Player found in detection range
DEBUG Attack on cooldown: 0.275871
DEBUG Player found in detection range
DEBUG Attack on cooldown: 0.275179
DEBUG Player found in detection range
DEBUG Attack on cooldown: 0.274438
DEBUG Player found in detection range
DEBUG Attack on cooldown: 0.273698
DEBUG Player found in detection range
DEBUG Attack on cooldown: 0.271692
DEBUG Player found in detection range
DEBUG Attack on cooldown: 0.270913
DEBUG Player found in detection range
DEBUG Attack on cooldown: 0.269956
DEBUG Player found in detection range
DEBUG Attack on cooldown: 0.269125
DEBUG Player found in detection range
DEBUG Attack on cooldown: 0.268365
DEBUG Player found in detection range
DEBUG Attack on cooldown: 0.267602
DEBUG Player found in detection range
DEBUG Attack on cooldown: 0.266847
DEBUG Player found in detection range
DEBUG Attack on cooldown: 0.265942
DEBUG Player found in detection range
DEBUG Attack on cooldown: 0.264945
DEBUG Player found in detection range
DEBUG Attack on cooldown: 0.263997
DEBUG Player found in detection range
DEBUG Attack on cooldown: 0.263212
DEBUG Player found in detection range
DEBUG Attack on cooldown: 0.262270
DEBUG Player found in detection range
DEBUG Attack on cooldown: 0.261470
DEBUG Player found in detection range
DEBUG Attack on cooldown: 0.260708
DEBUG Player found in detection range
DEBUG Attack on cooldown: 0.259971
DEBUG Player found in detection range
DEBUG Attack on cooldown: 0.259218
DEBUG Player found in detection range
DEBUG Attack on cooldown: 0.258298
DEBUG Player found in detection range
DEBUG Attack on cooldown: 0.256022
DEBUG Player found in detection range
DEBUG Attack on cooldown: 0.255111
DEBUG Player found in detection range
DEBUG Attack on cooldown: 0.254316
DEBUG Player found in detection range
DEBUG Attack on cooldown: 0.253560
DEBUG Player found in detection range
DEBUG Attack on cooldown: 0.252858
DEBUG Player found in detection range
DEBUG Attack on cooldown: 0.252083
DEBUG Player found in detection range
DEBUG Attack on cooldown: 0.251195
DEBUG Player found in detection range
DEBUG Attack on cooldown: 0.250271
DEBUG Player found in detection range
DEBUG Attack on cooldown: 0.249288
DEBUG Player found in detection range
DEBUG Attack on cooldown: 0.248440
DEBUG Player found in detection range
DEBUG Attack on cooldown: 0.247716
DEBUG Player found in detection range
DEBUG Attack on cooldown: 0.246983
DEBUG Player found in detection range
DEBUG Attack on cooldown: 0.246225
DEBUG Player found in detection range
DEBUG Attack on cooldown: 0.245478
DEBUG Player found in detection range
DEBUG Attack on cooldown: 0.244554
DEBUG Player found in detection range
DEBUG Attack on cooldown: 0.243694
DEBUG Player found in detection range
DEBUG Attack on cooldown: 0.242895
DEBUG Player found in detection range
DEBUG Attack on cooldown: 0.242031
DEBUG Player found in detection range
DEBUG Attack on cooldown: 0.240039
DEBUG Player found in detection range
DEBUG Attack on cooldown: 0.239302
DEBUG Player found in detection range
DEBUG Attack on cooldown: 0.238438
DEBUG Player found in detection range
DEBUG Attack on cooldown: 0.237580
DEBUG Player found in detection range
DEBUG Attack on cooldown: 0.236713
DEBUG Player found in detection range
DEBUG Attack on cooldown: 0.235794
DEBUG Player found in detection range
DEBUG Attack on cooldown: 0.234778
DEBUG Player found in detection range
DEBUG Attack on cooldown: 0.233889
DEBUG Player found in detection range
DEBUG Attack on cooldown: 0.233143
DEBUG Player found in detection range
DEBUG Attack on cooldown: 0.232410
DEBUG Player found in detection range
DEBUG Attack on cooldown: 0.231645
DEBUG Player found in detection range
DEBUG Attack on cooldown: 0.230907
DEBUG Player found in detection range
DEBUG Attack on cooldown: 0.230067
DEBUG Player found in detection range
DEBUG Attack on cooldown: 0.229238
DEBUG Player found in detection range
DEBUG Attack on cooldown: 0.228281
DEBUG Player found in detection range
DEBUG Attack on cooldown: 0.227298
DEBUG Player found in detection range
DEBUG Attack on cooldown: 0.226520
DEBUG Player found in detection range
DEBUG Attack on cooldown: 0.225732
DEBUG Player found in detection range
DEBUG Attack on cooldown: 0.223618
DEBUG Player found in detection range
DEBUG Attack on cooldown: 0.222514
DEBUG Player found in detection range
DEBUG Attack on cooldown: 0.221626
DEBUG Player found in detection range
DEBUG Attack on cooldown: 0.220775
DEBUG Player found in detection range
DEBUG Attack on cooldown: 0.219877
DEBUG Player found in detection range
DEBUG Attack on cooldown: 0.218968
DEBUG Player found in detection range
DEBUG Attack on cooldown: 0.218195
DEBUG Player found in detection range
DEBUG Attack on cooldown: 0.217258
DEBUG Player found in detection range
DEBUG Attack on cooldown: 0.216449
DEBUG Player found in detection range
DEBUG Attack on cooldown: 0.215649
DEBUG Player found in detection range
DEBUG Attack on cooldown: 0.214888
DEBUG Player found in detection range
DEBUG Attack on cooldown: 0.214050
DEBUG Player found in detection range
DEBUG Attack on cooldown: 0.213266
DEBUG Player found in detection range
DEBUG Attack on cooldown: 0.212549
DEBUG Player found in detection range
DEBUG Attack on cooldown: 0.211799
DEBUG Player found in detection range
DEBUG Attack on cooldown: 0.211041
DEBUG Player found in detection range
DEBUG Attack on cooldown: 0.210292
DEBUG Player found in detection range
DEBUG Attack on cooldown: 0.208393
DEBUG Player found in detection range
DEBUG Attack on cooldown: 0.207353
DEBUG Player found in detection range
DEBUG Attack on cooldown: 0.206484
DEBUG Player found in detection range
DEBUG Attack on cooldown: 0.205699
DEBUG Player found in detection range
DEBUG Attack on cooldown: 0.204991
DEBUG Player found in detection range
DEBUG Attack on cooldown: 0.204284
DEBUG Player found in detection range
DEBUG Attack on cooldown: 0.203519
DEBUG Player found in detection range
DEBUG Attack on cooldown: 0.202651
DEBUG Player found in detection range
DEBUG Attack on cooldown: 0.201942
DEBUG Player found in detection range
DEBUG Attack on cooldown: 0.201063
DEBUG Player found in detection range
DEBUG Attack on cooldown: 0.200093
DEBUG Player found in detection range
DEBUG Attack on cooldown: 0.199364
DEBUG Player found in detection range
DEBUG Attack on cooldown: 0.198642
DEBUG Player found in detection range
DEBUG Attack on cooldown: 0.197561
DEBUG Player found in detection range
DEBUG Attack on cooldown: 0.195891
DEBUG Player found in detection range
DEBUG Attack on cooldown: 0.192871
DEBUG Player found in detection range
DEBUG Attack on cooldown: 0.191771
DEBUG Player found in detection range
DEBUG Attack on cooldown: 0.190864
DEBUG Player found in detection range
DEBUG Attack on cooldown: 0.189935
DEBUG Player found in detection range
DEBUG Attack on cooldown: 0.188650
DEBUG Player found in detection range
DEBUG Attack on cooldown: 0.187413
DEBUG Player found in detection range
DEBUG Attack on cooldown: 0.186303
DEBUG Player found in detection range
DEBUG Attack on cooldown: 0.185211
DEBUG Player found in detection range
DEBUG Attack on cooldown: 0.184476
DEBUG Player found in detection range
DEBUG Attack on cooldown: 0.183747
DEBUG Player found in detection range
DEBUG Attack on cooldown: 0.182981
DEBUG Player found in detection range
DEBUG Attack on cooldown: 0.181881
DEBUG Player found in detection range
DEBUG Attack on cooldown: 0.180921
DEBUG Player found in detection range
DEBUG Attack on cooldown: 0.178567
DEBUG Player found in detection range
DEBUG Attack on cooldown: 0.177796
DEBUG Player found in detection range
DEBUG Attack on cooldown: 0.176997
DEBUG Player found in detection range
DEBUG Attack on cooldown: 0.176258
DEBUG Player found in detection range
DEBUG Attack on cooldown: 0.175514
DEBUG Player found in detection range
DEBUG Attack on cooldown: 0.174708
DEBUG Player found in detection range
DEBUG Attack on cooldown: 0.173748
DEBUG Player found in detection range
DEBUG Attack on cooldown: 0.172987
DEBUG Player found in detection range
DEBUG Attack on cooldown: 0.172118
DEBUG Player found in detection range
DEBUG Attack on cooldown: 0.171372
DEBUG Player found in detection range
DEBUG Attack on cooldown: 0.170670
DEBUG Player found in detection range
DEBUG Attack on cooldown: 0.169936
DEBUG Player found in detection range
DEBUG Attack on cooldown: 0.168985
DEBUG Player found in detection range
DEBUG Attack on cooldown: 0.167984
DEBUG Player found in detection range
DEBUG Attack on cooldown: 0.167196
DEBUG Player found in detection range
DEBUG Attack on cooldown: 0.166258
DEBUG Player found in detection range
DEBUG Attack on cooldown: 0.165347
DEBUG Player found in detection range
DEBUG Attack on cooldown: 0.163244
DEBUG Player found in detection range
DEBUG Attack on cooldown: 0.162511
DEBUG Player found in detection range
DEBUG Attack on cooldown: 0.161712
DEBUG Player found in detection range
DEBUG Attack on cooldown: 0.160869
DEBUG Player found in detection range
DEBUG Attack on cooldown: 0.159916
DEBUG Player found in detection range
DEBUG Attack on cooldown: 0.159157
DEBUG Player found in detection range
DEBUG Attack on cooldown: 0.158051
DEBUG Player found in detection range
DEBUG Attack on cooldown: 0.157191
DEBUG Player found in detection range
DEBUG Attack on cooldown: 0.156427
DEBUG Player found in detection range
DEBUG Attack on cooldown: 0.155636
DEBUG Player found in detection range
DEBUG Attack on cooldown: 0.154890
DEBUG Player found in detection range
DEBUG Attack on cooldown: 0.153808
DEBUG Player found in detection range
DEBUG Attack on cooldown: 0.153014
DEBUG Player found in detection range
DEBUG Attack on cooldown: 0.152274
DEBUG Player found in detection range
DEBUG Attack on cooldown: 0.151443
DEBUG Player found in detection range
DEBUG Attack on cooldown: 0.150548
DEBUG Player found in detection range
DEBUG Attack on cooldown: 0.149765
DEBUG Player found in detection range
DEBUG Attack on cooldown: 0.149029
DEBUG Player found in detection range
DEBUG Attack on cooldown: 0.148264
DEBUG Player found in detection range
DEBUG Attack on cooldown: 0.146090
DEBUG Player found in detection range
DEBUG Attack on cooldown: 0.145273
DEBUG Player found in detection range
DEBUG Attack on cooldown: 0.144388
DEBUG Player found in detection range
DEBUG Attack on cooldown: 0.143625
DEBUG Player found in detection range
DEBUG Attack on cooldown: 0.142878
DEBUG Player found in detection range
DEBUG Attack on cooldown: 0.142148
DEBUG Player found in detection range
DEBUG Attack on cooldown: 0.141176
DEBUG Player found in detection range
DEBUG Attack on cooldown: 0.140327
DEBUG Player found in detection range
DEBUG Attack on cooldown: 0.139527
DEBUG Player found in detection range
DEBUG Attack on cooldown: 0.138770
DEBUG Player found in detection range
DEBUG Attack on cooldown: 0.138020
DEBUG Player found in detection range
DEBUG Attack on cooldown: 0.137210
DEBUG Player found in detection range
DEBUG Attack on cooldown: 0.136446
DEBUG Player found in detection range
DEBUG Attack on cooldown: 0.135653
DEBUG Player found in detection range
DEBUG Attack on cooldown: 0.134886
DEBUG Player found in detection range
DEBUG Attack on cooldown: 0.134107
DEBUG Player found in detection range
DEBUG Attack on cooldown: 0.133147
DEBUG Player found in detection range
DEBUG Attack on cooldown: 0.130545
DEBUG Player found in detection range
DEBUG Attack on cooldown: 0.129698
DEBUG Player found in detection range
DEBUG Attack on cooldown: 0.128935
DEBUG Player found in detection range
DEBUG Attack on cooldown: 0.128187
DEBUG Player found in detection range
DEBUG Attack on cooldown: 0.127412
DEBUG Player found in detection range
DEBUG Attack on cooldown: 0.126425
DEBUG Player found in detection range
DEBUG Attack on cooldown: 0.125655
DEBUG Player found in detection range
DEBUG Attack on cooldown: 0.124876
DEBUG Player found in detection range
DEBUG Attack on cooldown: 0.124121
DEBUG Player found in detection range
DEBUG Attack on cooldown: 0.123375
DEBUG Player found in detection range
DEBUG Attack on cooldown: 0.122619
DEBUG Player found in detection range
DEBUG Attack on cooldown: 0.121897
DEBUG Player found in detection range
DEBUG Attack on cooldown: 0.121155
DEBUG Player found in detection range
DEBUG Attack on cooldown: 0.120342
DEBUG Player found in detection range
DEBUG Attack on cooldown: 0.119452
DEBUG Player found in detection range
DEBUG Attack on cooldown: 0.118661
DEBUG Player found in detection range
DEBUG Attack on cooldown: 0.117860
DEBUG Player found in detection range
DEBUG Attack on cooldown: 0.117014
DEBUG Player found in detection range
DEBUG Attack on cooldown: 0.116189
DEBUG Player found in detection range
DEBUG Attack on cooldown: 0.113740
DEBUG Player found in detection range
DEBUG Attack on cooldown: 0.112943
DEBUG Player found in detection range
DEBUG Attack on cooldown: 0.112132
DEBUG Player found in detection range
DEBUG Attack on cooldown: 0.111269
DEBUG Player found in detection range
DEBUG Attack on cooldown: 0.110506
DEBUG Player found in detection range
DEBUG Attack on cooldown: 0.109719
DEBUG Player found in detection range
DEBUG Attack on cooldown: 0.108930
DEBUG Player found in detection range
DEBUG Attack on cooldown: 0.108186
DEBUG Player found in detection range
DEBUG Attack on cooldown: 0.107306
DEBUG Player found in detection range
DEBUG Attack on cooldown: 0.106420
DEBUG Player found in detection range
DEBUG Attack on cooldown: 0.105395
DEBUG Player found in detection range
DEBUG Attack on cooldown: 0.104623
DEBUG Player found in detection range
DEBUG Attack on cooldown: 0.103828
DEBUG Player found in detection range
DEBUG Attack on cooldown: 0.102880
DEBUG Player found in detection range
DEBUG Attack on cooldown: 0.102117
DEBUG Player found in detection range
DEBUG Attack on cooldown: 0.101347
DEBUG Player found in detection range
DEBUG Attack on cooldown: 0.100602
DEBUG Player found in detection range
DEBUG Attack on cooldown: 0.099871
DEBUG Player found in detection range
DEBUG Attack on cooldown: 0.097199
DEBUG Player found in detection range
DEBUG Attack on cooldown: 0.096349
DEBUG Player found in detection range
DEBUG Attack on cooldown: 0.095539
DEBUG Player found in detection range
DEBUG Attack on cooldown: 0.094721
DEBUG Player found in detection range
DEBUG Attack on cooldown: 0.093961
DEBUG Player found in detection range
DEBUG Attack on cooldown: 0.093201
DEBUG Player found in detection range
DEBUG Attack on cooldown: 0.092460
DEBUG Player found in detection range
DEBUG Attack on cooldown: 0.091493
DEBUG Player found in detection range
DEBUG Attack on cooldown: 0.090650
DEBUG Player found in detection range
DEBUG Attack on cooldown: 0.089837
DEBUG Player found in detection range
DEBUG Attack on cooldown: 0.089037
DEBUG Player found in detection range
DEBUG Attack on cooldown: 0.088222
DEBUG Player found in detection range
DEBUG Attack on cooldown: 0.087482
DEBUG Player found in detection range
DEBUG Attack on cooldown: 0.086690
DEBUG Player found in detection range
DEBUG Attack on cooldown: 0.085912
DEBUG Player found in detection range
DEBUG Attack on cooldown: 0.085163
DEBUG Player found in detection range
DEBUG Attack on cooldown: 0.084398
DEBUG Player found in detection range
DEBUG Attack on cooldown: 0.083403
DEBUG Player found in detection range
DEBUG Attack on cooldown: 0.080869
DEBUG Player found in detection range
DEBUG Attack on cooldown: 0.079917
DEBUG Player found in detection range
DEBUG Attack on cooldown: 0.079073
DEBUG Player found in detection range
DEBUG Attack on cooldown: 0.078254
DEBUG Player found in detection range
DEBUG Attack on cooldown: 0.077469
DEBUG Player found in detection range
DEBUG Attack on cooldown: 0.076718
DEBUG Player found in detection range
DEBUG Attack on cooldown: 0.075767
DEBUG Player found in detection range
DEBUG Attack on cooldown: 0.074957
DEBUG Player found in detection range
DEBUG Attack on cooldown: 0.074236
DEBUG Player found in detection range
DEBUG Attack on cooldown: 0.073520
DEBUG Player found in detection range
DEBUG Attack on cooldown: 0.072800
DEBUG Player found in detection range
DEBUG Attack on cooldown: 0.072081
DEBUG Player found in detection range
DEBUG Attack on cooldown: 0.071378
DEBUG Player found in detection range
DEBUG Attack on cooldown: 0.070387
DEBUG Player found in detection range
DEBUG Attack on cooldown: 0.069468
DEBUG Player found in detection range
DEBUG Attack on cooldown: 0.068559
DEBUG Player found in detection range
DEBUG Attack on cooldown: 0.066618
DEBUG Player found in detection range
DEBUG Attack on cooldown: 0.065899
DEBUG Player found in detection range
DEBUG Attack on cooldown: 0.065141
DEBUG Player found in detection range
DEBUG Attack on cooldown: 0.064404
DEBUG Player found in detection range
DEBUG Attack on cooldown: 0.063632
DEBUG Player found in detection range
DEBUG Attack on cooldown: 0.062746
DEBUG Player found in detection range
DEBUG Attack on cooldown: 0.061979
DEBUG Player found in detection range
DEBUG Attack on cooldown: 0.061111
DEBUG Player found in detection range
DEBUG Attack on cooldown: 0.060301
DEBUG Player found in detection range
DEBUG Attack on cooldown: 0.059470
DEBUG Player found in detection range
DEBUG Attack on cooldown: 0.058746
DEBUG Player found in detection range
DEBUG Attack on cooldown: 0.057960
DEBUG Player found in detection range
DEBUG Attack on cooldown: 0.057029
DEBUG Player found in detection range
DEBUG Attack on cooldown: 0.056256
DEBUG Player found in detection range
DEBUG Attack on cooldown: 0.055384
DEBUG Player found in detection range
DEBUG Attack on cooldown: 0.054534
DEBUG Player found in detection range
DEBUG Attack on cooldown: 0.053676
DEBUG Player found in detection range
DEBUG Attack on cooldown: 0.052863
DEBUG Player found in detection range
DEBUG Attack on cooldown: 0.051111
DEBUG Player found in detection range
DEBUG Attack on cooldown: 0.050275
DEBUG Player found in detection range
DEBUG Attack on cooldown: 0.049394
DEBUG Player found in detection range
DEBUG Attack on cooldown: 0.048475
DEBUG Player found in detection range
DEBUG Attack on cooldown: 0.047631
DEBUG Player found in detection range
DEBUG Attack on cooldown: 0.046662
DEBUG Player found in detection range
DEBUG Attack on cooldown: 0.045697
DEBUG Player found in detection range
DEBUG Attack on cooldown: 0.044908
DEBUG Player found in detection range
DEBUG Attack on cooldown: 0.044046
DEBUG Player found in detection range
DEBUG Attack on cooldown: 0.043170
DEBUG Player found in detection range
DEBUG Attack on cooldown: 0.042266
DEBUG Player found in detection range
DEBUG Attack on cooldown: 0.041513
DEBUG Player found in detection range
DEBUG Attack on cooldown: 0.040570
DEBUG Player found in detection range
DEBUG Attack on cooldown: 0.039623
DEBUG Player found in detection range
DEBUG Attack on cooldown: 0.038863
DEBUG Player found in detection range
DEBUG Attack on cooldown: 0.038118
DEBUG Player found in detection range
DEBUG Attack on cooldown: 0.037398
DEBUG Player found in detection range
DEBUG Attack on cooldown: 0.035031
DEBUG Player found in detection range
DEBUG Attack on cooldown: 0.034118
DEBUG Player found in detection range
DEBUG Attack on cooldown: 0.033276
DEBUG Player found in detection range
DEBUG Attack on cooldown: 0.032507
DEBUG Player found in detection range
DEBUG Attack on cooldown: 0.031808
DEBUG Player found in detection range
DEBUG Attack on cooldown: 0.031094
DEBUG Player found in detection range
DEBUG Attack on cooldown: 0.030282
DEBUG Player found in detection range
DEBUG Attack on cooldown: 0.029554
DEBUG Player found in detection range
DEBUG Attack on cooldown: 0.028817
DEBUG Player found in detection range
DEBUG Attack on cooldown: 0.028058
DEBUG Player found in detection range
DEBUG Attack on cooldown: 0.027312
DEBUG Player found in detection range
DEBUG Attack on cooldown: 0.026330
DEBUG Player found in detection range
DEBUG Attack on cooldown: 0.025529
DEBUG Player found in detection range
DEBUG Attack on cooldown: 0.024754
DEBUG Player found in detection range
DEBUG Attack on cooldown: 0.023842
DEBUG Player found in detection range
DEBUG Attack on cooldown: 0.023095
DEBUG Player found in detection range
DEBUG Attack on cooldown: 0.022236
DEBUG Player found in detection range
DEBUG Attack on cooldown: 0.021435
DEBUG Player found in detection range
DEBUG Attack on cooldown: 0.019367
DEBUG Player found in detection range
DEBUG Attack on cooldown: 0.018596
DEBUG Player found in detection range
DEBUG Attack on cooldown: 0.017848
DEBUG Player found in detection range
DEBUG Attack on cooldown: 0.017116
DEBUG Player found in detection range
DEBUG Attack on cooldown: 0.016412
DEBUG Player found in detection range
DEBUG Attack on cooldown: 0.015660
DEBUG Player found in detection range
DEBUG Attack on cooldown: 0.014813
DEBUG Player found in detection range
DEBUG Attack on cooldown: 0.013960
DEBUG Player found in detection range
DEBUG Attack on cooldown: 0.012687
DEBUG Player found in detection range
DEBUG Attack on cooldown: 0.011789
DEBUG Player found in detection range
DEBUG Attack on cooldown: 0.011037
DEBUG Player found in detection range
DEBUG Attack on cooldown: 0.010302
DEBUG Player found in detection range
DEBUG Attack on cooldown: 0.009550
DEBUG Player found in detection range
DEBUG Attack on cooldown: 0.008819
DEBUG Player found in detection range
DEBUG Attack on cooldown: 0.008084
DEBUG Player found in detection range
DEBUG Attack on cooldown: 0.007237
DEBUG Player found in detection range
DEBUG Attack on cooldown: 0.006447
DEBUG Player found in detection range
DEBUG Attack on cooldown: 0.005680
DEBUG Player found in detection range
DEBUG Attack on cooldown: 0.003436
DEBUG Player found in detection range
DEBUG Attack on cooldown: 0.002696
DEBUG Player found in detection range
DEBUG Attack on cooldown: 0.001940
DEBUG Player found in detection range
DEBUG Attack on cooldown: 0.001109
DEBUG Player found in detection range
DEBUG Attack on cooldown: 0.000320
DEBUG Player found in detection range
INFO SoundManager found, attempting to play hit sound
INFO PlaySound called for: hit
INFO Sound found in map, attempting to play
INFO Play command sent to sound component
INFO Player took 10.000000 damage. Health: 490.000000
INFO Enemy attacked player for 10.000000 damage
DEBUG Player found in detection range
DEBUG Attack on cooldown: 0.998292
DEBUG Player found in detection range
DEBUG Attack on cooldown: 0.997456
DEBUG Player found in detection range
DEBUG Attack on cooldown: 0.996516
DEBUG Player found in detection range
DEBUG Attack on cooldown: 0.995703
DEBUG Player found in detection range
DEBUG Attack on cooldown: 0.994859
DEBUG Player found in detection range
DEBUG Attack on cooldown: 0.994115
DEBUG Player found in detection range
DEBUG Attack on cooldown: 0.993310
DEBUG Player found in detection range
DEBUG Attack on cooldown: 0.992363
DEBUG Player found in detection range
DEBUG Attack on cooldown: 0.991534
DEBUG Player found in detection range
DEBUG Attack on cooldown: 0.990755
DEBUG Player found in detection range
DEBUG Attack on cooldown: 0.990028
DEBUG Player found in detection range
DEBUG Attack on cooldown: 0.987493
DEBUG Player found in detection range
DEBUG Attack on cooldown: 0.986568
DEBUG Player found in detection range
DEBUG Attack on cooldown: 0.985648
DEBUG Player found in detection range
DEBUG Attack on cooldown: 0.984745
DEBUG Player found in detection range
DEBUG Attack on cooldown: 0.983884
DEBUG Player found in detection range
DEBUG Attack on cooldown: 0.982681
DEBUG Player found in detection range
DEBUG Attack on cooldown: 0.981742
DEBUG Player found in detection range
DEBUG Attack on cooldown: 0.980667
DEBUG Player found in detection range
DEBUG Attack on cooldown: 0.979642
DEBUG Player found in detection range
DEBUG Attack on cooldown: 0.978627
DEBUG Player found in detection range
DEBUG Attack on cooldown: 0.977546
DEBUG Player found in detection range
DEBUG Attack on cooldown: 0.976583
DEBUG Player found in detection range
DEBUG Attack on cooldown: 0.975657
DEBUG Player found in detection range
DEBUG Attack on cooldown: 0.974866
DEBUG Player found in detection range
DEBUG Attack on cooldown: 0.971715
DEBUG Player found in detection range
DEBUG Attack on cooldown: 0.970870
DEBUG Player found in detection range
DEBUG Attack on cooldown: 0.970117
DEBUG Player found in detection range
DEBUG Attack on cooldown: 0.969233
DEBUG Player found in detection range
DEBUG Attack on cooldown: 0.968498
DEBUG Player found in detection range
DEBUG Attack on cooldown: 0.967726
DEBUG Player found in detection range
DEBUG Attack on cooldown: 0.966829
DEBUG Player found in detection range
DEBUG Attack on cooldown: 0.966042
DEBUG Player found in detection range
DEBUG Attack on cooldown: 0.965151
DEBUG Player found in detection range
DEBUG Attack on cooldown: 0.964316
DEBUG Player found in detection range
DEBUG Attack on cooldown: 0.963548
DEBUG Player found in detection range
DEBUG Attack on cooldown: 0.962811
DEBUG Player found in detection range
DEBUG Attack on cooldown: 0.962066
DEBUG Player found in detection range
DEBUG Attack on cooldown: 0.961327
DEBUG Player found in detection range
DEBUG Attack on cooldown: 0.960599
DEBUG Player found in detection range
DEBUG Attack on cooldown: 0.959761
DEBUG Player found in detection range
DEBUG Attack on cooldown: 0.958899
DEBUG Player found in detection range
DEBUG Attack on cooldown: 0.956437
DEBUG Player found in detection range
DEBUG Attack on cooldown: 0.955656
DEBUG Player found in detection range
DEBUG Attack on cooldown: 0.954864
DEBUG Player found in detection range
DEBUG Attack on cooldown: 0.954123
DEBUG Player found in detection range
DEBUG Attack on cooldown: 0.953257
DEBUG Player found in detection range
DEBUG Attack on cooldown: 0.952463
DEBUG Player found in detection range
DEBUG Attack on cooldown: 0.951652
DEBUG Player found in detection range
DEBUG Attack on cooldown: 0.950685
DEBUG Player found in detection range
DEBUG Attack on cooldown: 0.949915
DEBUG Player found in detection range
DEBUG Attack on cooldown: 0.949221
DEBUG Player found in detection range
DEBUG Attack on cooldown: 0.948505
DEBUG Player found in detection range
DEBUG Attack on cooldown: 0.947788
DEBUG Player found in detection range
DEBUG Attack on cooldown: 0.947036
DEBUG Player found in detection range
DEBUG Attack on cooldown: 0.946106
DEBUG Player found in detection range
DEBUG Attack on cooldown: 0.945331
DEBUG Player found in detection range
DEBUG Attack on cooldown: 0.944535
DEBUG Player found in detection range
DEBUG Attack on cooldown: 0.943690
DEBUG Player found in detection range
DEBUG Attack on cooldown: 0.941412
DEBUG Player found in detection range
DEBUG Attack on cooldown: 0.940655
DEBUG Player found in detection range
DEBUG Attack on cooldown: 0.939892
DEBUG Player found in detection range
DEBUG Attack on cooldown: 0.939126
DEBUG Player found in detection range
DEBUG Attack on cooldown: 0.938187
DEBUG Player found in detection range
DEBUG Attack on cooldown: 0.937361
DEBUG Player found in detection range
DEBUG Attack on cooldown: 0.936614
DEBUG Player found in detection range
DEBUG Attack on cooldown: 0.935796
DEBUG Player found in detection range
DEBUG Attack on cooldown: 0.935001
DEBUG Player found in detection range
DEBUG Attack on cooldown: 0.934237
DEBUG Player found in detection range
DEBUG Attack on cooldown: 0.933559
DEBUG Player found in detection range
DEBUG Attack on cooldown: 0.932799
DEBUG Player found in detection range
DEBUG Attack on cooldown: 0.931978
DEBUG Player found in detection range
DEBUG Attack on cooldown: 0.931140
DEBUG Player found in detection range
DEBUG Attack on cooldown: 0.930361
DEBUG Player found in detection range
DEBUG Attack on cooldown: 0.929541
DEBUG Player found in detection range
DEBUG Attack on cooldown: 0.928799
DEBUG Player found in detection range
DEBUG Attack on cooldown: 0.928098
DEBUG Player found in detection range
DEBUG Attack on cooldown: 0.926073
DEBUG Player found in detection range
DEBUG Attack on cooldown: 0.925144
DEBUG Player found in detection range
DEBUG Attack on cooldown: 0.924319
DEBUG Player found in detection range
DEBUG Attack on cooldown: 0.923575
DEBUG Player found in detection range
DEBUG Attack on cooldown: 0.922745
DEBUG Player found in detection range
DEBUG Attack on cooldown: 0.921991
DEBUG Player found in detection range
DEBUG Attack on cooldown: 0.921266
DEBUG Player found in detection range
DEBUG Attack on cooldown: 0.920521
DEBUG Player found in detection range
DEBUG Attack on cooldown: 0.919782
DEBUG Player found in detection range
DEBUG Attack on cooldown: 0.919015
DEBUG Player found in detection range
DEBUG Attack on cooldown: 0.918215
DEBUG Player found in detection range
DEBUG Attack on cooldown: 0.917246
DEBUG Player found in detection range
DEBUG Attack on cooldown: 0.916489
DEBUG Player found in detection range
DEBUG Attack on cooldown: 0.915677
DEBUG Player found in detection range
DEBUG Attack on cooldown: 0.914793
DEBUG Player found in detection range
DEBUG Attack on cooldown: 0.914030
DEBUG Player found in detection range
DEBUG Attack on cooldown: 0.913317
DEBUG Player found in detection range
DEBUG Attack on cooldown: 0.912568
DEBUG Player found in detection range
DEBUG Attack on cooldown: 0.910454
DEBUG Player found in detection range
DEBUG Attack on cooldown: 0.909674
DEBUG Player found in detection range
DEBUG Attack on cooldown: 0.908706
DEBUG Player found in detection range
DEBUG Attack on cooldown: 0.907864
DEBUG Player found in detection range
DEBUG Attack on cooldown: 0.907147
DEBUG Player found in detection range
DEBUG Attack on cooldown: 0.906425
DEBUG Player found in detection range
DEBUG Attack on cooldown: 0.905724
DEBUG Player found in detection range
DEBUG Attack on cooldown: 0.905019
DEBUG Player found in detection range
DEBUG Attack on cooldown: 0.904174
DEBUG Player found in detection range
DEBUG Attack on cooldown: 0.903192
DEBUG Player found in detection range
DEBUG Attack on cooldown: 0.902340
DEBUG Player found in detection range
DEBUG Attack on cooldown: 0.901164
DEBUG Player found in detection range
DEBUG Attack on cooldown: 0.900423
DEBUG Player found in detection range
DEBUG Attack on cooldown: 0.899698
DEBUG Player found in detection range
DEBUG Attack on cooldown: 0.898976
DEBUG Player found in detection range
DEBUG Attack on cooldown: 0.898252
DEBUG Player found in detection range
DEBUG Attack on cooldown: 0.897339
DEBUG Player found in detection range
DEBUG Attack on cooldown: 0.895217
DEBUG Player found in detection range
DEBUG Attack on cooldown: 0.894354
DEBUG Player found in detection range
DEBUG Attack on cooldown: 0.893593
DEBUG Player found in detection range
DEBUG Attack on cooldown: 0.892837
DEBUG Player found in detection range
DEBUG Attack on cooldown: 0.892118
DEBUG Player found in detection range
DEBUG Attack on cooldown: 0.891195
DEBUG Player found in detection range
DEBUG Attack on cooldown: 0.890392
DEBUG Player found in detection range
DEBUG Attack on cooldown: 0.889551
DEBUG Player found in detection range
DEBUG Attack on cooldown: 0.888607
DEBUG Player found in detection range
DEBUG Attack on cooldown: 0.887772
DEBUG Player found in detection range
DEBUG Attack on cooldown: 0.887039
DEBUG Player found in detection range
DEBUG Attack on cooldown: 0.886306
DEBUG Player found in detection range
DEBUG Attack on cooldown: 0.885579
DEBUG Player found in detection range
DEBUG Attack on cooldown: 0.884867
DEBUG Player found in detection range
DEBUG Attack on cooldown: 0.884144
DEBUG Player found in detection range
DEBUG Attack on cooldown: 0.883348
DEBUG Player found in detection range
DEBUG Attack on cooldown: 0.882471
DEBUG Player found in detection range
DEBUG Attack on cooldown: 0.881474
DEBUG Player found in detection range
DEBUG Attack on cooldown: 0.879297
DEBUG Player found in detection range
DEBUG Attack on cooldown: 0.878400
DEBUG Player found in detection range
DEBUG Attack on cooldown: 0.877648
DEBUG Player found in detection range
DEBUG Attack on cooldown: 0.876625
DEBUG Player found in detection range
DEBUG Attack on cooldown: 0.875797
DEBUG Player found in detection range
DEBUG Attack on cooldown: 0.875037
DEBUG Player found in detection range
DEBUG Attack on cooldown: 0.874235
DEBUG Player found in detection range
DEBUG Attack on cooldown: 0.873438
DEBUG Player found in detection range
DEBUG Attack on cooldown: 0.872448
DEBUG Player found in detection range
DEBUG Attack on cooldown: 0.871549
DEBUG Player found in detection range
DEBUG Attack on cooldown: 0.870666
DEBUG Player found in detection range
DEBUG Attack on cooldown: 0.869680
DEBUG Player found in detection range
DEBUG Attack on cooldown: 0.868799
DEBUG Player found in detection range
DEBUG Attack on cooldown: 0.868050
DEBUG Player found in detection range
DEBUG Attack on cooldown: 0.867217
DEBUG Player found in detection range
DEBUG Attack on cooldown: 0.866328
DEBUG Player found in detection range
DEBUG Attack on cooldown: 0.864375
DEBUG Player found in detection range
DEBUG Attack on cooldown: 0.863439
DEBUG Player found in detection range
DEBUG Attack on cooldown: 0.862521
DEBUG Player found in detection range
DEBUG Attack on cooldown: 0.861570
DEBUG Player found in detection range
DEBUG Attack on cooldown: 0.860641
DEBUG Player found in detection range
DEBUG Attack on cooldown: 0.859613
DEBUG Player found in detection range
DEBUG Attack on cooldown: 0.858880
DEBUG Player found in detection range
DEBUG Attack on cooldown: 0.858181
DEBUG Player found in detection range
DEBUG Attack on cooldown: 0.857326
DEBUG Player found in detection range
DEBUG Attack on cooldown: 0.856477
DEBUG Player found in detection range
DEBUG Attack on cooldown: 0.855501
DEBUG Player found in detection range
DEBUG Attack on cooldown: 0.854618
DEBUG Player found in detection range
DEBUG Attack on cooldown: 0.853692
DEBUG Player found in detection range
DEBUG Attack on cooldown: 0.852949
DEBUG Player found in detection range
DEBUG Attack on cooldown: 0.852101
DEBUG Player found in detection range
DEBUG Attack on cooldown: 0.851295
DEBUG Player found in detection range
DEBUG Attack on cooldown: 0.849482
DEBUG Player found in detection range
DEBUG Attack on cooldown: 0.848654
DEBUG Player found in detection range
DEBUG Attack on cooldown: 0.847770
DEBUG Player found in detection range
DEBUG Attack on cooldown: 0.846917
DEBUG Player found in detection range
DEBUG Attack on cooldown: 0.846114
DEBUG Player found in detection range
DEBUG Attack on cooldown: 0.845343
DEBUG Player found in detection range
DEBUG Attack on cooldown: 0.844576
DEBUG Player found in detection range
DEBUG Attack on cooldown: 0.843808
DEBUG Player found in detection range
DEBUG Attack on cooldown: 0.843044
DEBUG Player found in detection range
DEBUG Attack on cooldown: 0.842174
DEBUG Player found in detection range
DEBUG Attack on cooldown: 0.841325
DEBUG Player found in detection range
DEBUG Attack on cooldown: 0.840534
DEBUG Player found in detection range
DEBUG Attack on cooldown: 0.839776
DEBUG Player found in detection range
DEBUG Attack on cooldown: 0.838876
DEBUG Player found in detection range
DEBUG Attack on cooldown: 0.838139
DEBUG Player found in detection range
DEBUG Attack on cooldown: 0.837362
DEBUG Player found in detection range
DEBUG Attack on cooldown: 0.836608
DEBUG Player found in detection range
DEBUG Attack on cooldown: 0.835837
DEBUG Player found in detection range
DEBUG Attack on cooldown: 0.833843
DEBUG Player found in detection range
DEBUG Attack on cooldown: 0.833018
DEBUG Player found in detection range
DEBUG Attack on cooldown: 0.832072
DEBUG Player found in detection range
DEBUG Attack on cooldown: 0.831323
DEBUG Player found in detection range
DEBUG Attack on cooldown: 0.830565
DEBUG Player found in detection range
DEBUG Attack on cooldown: 0.829809
DEBUG Player found in detection range
DEBUG Attack on cooldown: 0.829074
DEBUG Player found in detection range
DEBUG Attack on cooldown: 0.828144
DEBUG Player found in detection range
DEBUG Attack on cooldown: 0.827339
DEBUG Player found in detection range
DEBUG Attack on cooldown: 0.826428
DEBUG Player found in detection range
DEBUG Attack on cooldown: 0.825595
DEBUG Player found in detection range
DEBUG Attack on cooldown: 0.824812
DEBUG Player found in detection range
DEBUG Attack on cooldown: 0.824040
DEBUG Player found in detection range
DEBUG Attack on cooldown: 0.823188
DEBUG Player found in detection range
DEBUG Attack on cooldown: 0.822406
DEBUG Player found in detection range
DEBUG Attack on cooldown: 0.821672
DEBUG Player found in detection range
DEBUG Attack on cooldown: 0.820797
DEBUG Player found in detection range
DEBUG Attack on cooldown: 0.818517
DEBUG Player found in detection range
DEBUG Attack on cooldown: 0.817688
DEBUG Player found in detection range
DEBUG Attack on cooldown: 0.816894
DEBUG Player found in detection range
DEBUG Attack on cooldown: 0.816168
DEBUG Player found in detection range
DEBUG Attack on cooldown: 0.815425
DEBUG Player found in detection range
DEBUG Attack on cooldown: 0.814675
DEBUG Player found in detection range
DEBUG Attack on cooldown: 0.813934
DEBUG Player found in detection range
DEBUG Attack on cooldown: 0.813129
DEBUG Player found in detection range
DEBUG Attack on cooldown: 0.812390
DEBUG Player found in detection range
DEBUG Attack on cooldown: 0.811542
DEBUG Player found in detection range
DEBUG Attack on cooldown: 0.810790
DEBUG Player found in detection range
DEBUG Attack on cooldown: 0.810082
DEBUG Player found in detection range
DEBUG Attack on cooldown: 0.809376
DEBUG Player found in detection range
DEBUG Attack on cooldown: 0.808654
DEBUG Player found in detection range
DEBUG Attack on cooldown: 0.807893
DEBUG Player found in detection range
DEBUG Attack on cooldown: 0.806850
DEBUG Player found in detection range
DEBUG Attack on cooldown: 0.806010
DEBUG Player found in detection range
DEBUG Attack on cooldown: 0.805239
DEBUG Player found in detection range
DEBUG Attack on cooldown: 0.802856
DEBUG Player found in detection range
DEBUG Attack on cooldown: 0.802085
DEBUG Player found in detection range
DEBUG Attack on cooldown: 0.801304
DEBUG Player found in detection range
DEBUG Attack on cooldown: 0.800294
DEBUG Player found in detection range
DEBUG Attack on cooldown: 0.799394
DEBUG Player found in detection range
DEBUG Attack on cooldown: 0.798658
DEBUG Player found in detection range
DEBUG Attack on cooldown: 0.797783
DEBUG Player found in detection range
DEBUG Attack on cooldown: 0.796973
DEBUG Player found in detection range
DEBUG Attack on cooldown: 0.796249
DEBUG Player found in detection range
DEBUG Attack on cooldown: 0.795499
DEBUG Player found in detection range
DEBUG Attack on cooldown: 0.794761
DEBUG Player found in detection range
DEBUG Attack on cooldown: 0.794004
DEBUG Player found in detection range
DEBUG Attack on cooldown: 0.793209
DEBUG Player found in detection range
DEBUG Attack on cooldown: 0.792414
DEBUG Player found in detection range
DEBUG Attack on cooldown: 0.791601
DEBUG Player found in detection range
DEBUG Attack on cooldown: 0.790739
DEBUG Player found in detection range
DEBUG Attack on cooldown: 0.789683
DEBUG Player found in detection range
DEBUG Attack on cooldown: 0.788657
DEBUG Player found in detection range
DEBUG Attack on cooldown: 0.786954
DEBUG Player found in detection range
DEBUG Attack on cooldown: 0.786115
DEBUG Player found in detection range
DEBUG Attack on cooldown: 0.785128
DEBUG Player found in detection range
DEBUG Attack on cooldown: 0.784169
DEBUG Player found in detection range
DEBUG Attack on cooldown: 0.783258
DEBUG Player found in detection range
DEBUG Attack on cooldown: 0.782507
DEBUG Player found in detection range
DEBUG Attack on cooldown: 0.781715
DEBUG Player found in detection range
DEBUG Attack on cooldown: 0.780969
DEBUG Player found in detection range
DEBUG Attack on cooldown: 0.780201
DEBUG Player found in detection range
DEBUG Attack on cooldown: 0.779464
DEBUG Player found in detection range
DEBUG Attack on cooldown: 0.778709
DEBUG Player found in detection range
DEBUG Attack on cooldown: 0.777924
DEBUG Player found in detection range
DEBUG Attack on cooldown: 0.777131
DEBUG Player found in detection range
DEBUG Attack on cooldown: 0.776346
DEBUG Player found in detection range
DEBUG Attack on cooldown: 0.775549
DEBUG Player found in detection range
DEBUG Attack on cooldown: 0.774606
DEBUG Player found in detection range
DEBUG Attack on cooldown: 0.773837
DEBUG Player found in detection range
DEBUG Attack on cooldown: 0.771420
DEBUG Player found in detection range
DEBUG Attack on cooldown: 0.770429
DEBUG Player found in detection range
DEBUG Attack on cooldown: 0.769457
DEBUG Player found in detection range
DEBUG Attack on cooldown: 0.768511
DEBUG Player found in detection range
DEBUG Attack on cooldown: 0.767769
DEBUG Player found in detection range
DEBUG Attack on cooldown: 0.766621
DEBUG Player found in detection range
DEBUG Attack on cooldown: 0.765200
DEBUG Player found in detection range
DEBUG Attack on cooldown: 0.764152
DEBUG Player found in detection range
DEBUG Attack on cooldown: 0.763061
DEBUG Player found in detection range
DEBUG Attack on cooldown: 0.762251
DEBUG Player found in detection range
DEBUG Attack on cooldown: 0.761499
DEBUG Player found in detection range
DEBUG Attack on cooldown: 0.760792
DEBUG Player found in detection range
DEBUG Attack on cooldown: 0.760073
DEBUG Player found in detection range
DEBUG Attack on cooldown: 0.759293
DEBUG Player found in detection range
DEBUG Attack on cooldown: 0.756537
DEBUG Player found in detection range
DEBUG Attack on cooldown: 0.755651
DEBUG Player found in detection range
DEBUG Attack on cooldown: 0.754924
DEBUG Player found in detection range
DEBUG Attack on cooldown: 0.754194
DEBUG Player found in detection range
DEBUG Attack on cooldown: 0.753468
DEBUG Player found in detection range
DEBUG Attack on cooldown: 0.752770
DEBUG Player found in detection range
DEBUG Attack on cooldown: 0.751988
DEBUG Player found in detection range
DEBUG Attack on cooldown: 0.751217
DEBUG Player found in detection range
DEBUG Attack on cooldown: 0.750486
DEBUG Player found in detection range
DEBUG Attack on cooldown: 0.749744
DEBUG Player found in detection range
DEBUG Attack on cooldown: 0.748973
DEBUG Player found in detection range
DEBUG Attack on cooldown: 0.748249
DEBUG Player found in detection range
DEBUG Attack on cooldown: 0.747498
DEBUG Player found in detection range
DEBUG Attack on cooldown: 0.746651
DEBUG Player found in detection range
DEBUG Attack on cooldown: 0.745896
DEBUG Player found in detection range
DEBUG Attack on cooldown: 0.745183
DEBUG Player found in detection range
DEBUG Attack on cooldown: 0.744273
DEBUG Player found in detection range
DEBUG Attack on cooldown: 0.743452
DEBUG Player found in detection range
DEBUG Attack on cooldown: 0.741623
DEBUG Player found in detection range
DEBUG Attack on cooldown: 0.740772
DEBUG Player found in detection range
DEBUG Attack on cooldown: 0.739987
DEBUG Player found in detection range
DEBUG Attack on cooldown: 0.739250
DEBUG Player found in detection range
DEBUG Attack on cooldown: 0.738519
DEBUG Player found in detection range
DEBUG Attack on cooldown: 0.737723
DEBUG Player found in detection range
DEBUG Attack on cooldown: 0.736914
DEBUG Player found in detection range
DEBUG Attack on cooldown: 0.736165
DEBUG Player found in detection range
DEBUG Attack on cooldown: 0.735445
DEBUG Player found in detection range
DEBUG Attack on cooldown: 0.734689
DEBUG Player found in detection range
DEBUG Attack on cooldown: 0.733949
DEBUG Player found in detection range
DEBUG Attack on cooldown: 0.733209
DEBUG Player found in detection range
DEBUG Attack on cooldown: 0.732454
DEBUG Player found in detection range
DEBUG Attack on cooldown: 0.731748
DEBUG Player found in detection range
DEBUG Attack on cooldown: 0.730711
DEBUG Player found in detection range
DEBUG Attack on cooldown: 0.729874
DEBUG Player found in detection range
DEBUG Attack on cooldown: 0.729133
DEBUG Player found in detection range
DEBUG Attack on cooldown: 0.728379
DEBUG Player found in detection range
DEBUG Attack on cooldown: 0.726404
DEBUG Player found in detection range
DEBUG Attack on cooldown: 0.725522
DEBUG Player found in detection range
DEBUG Attack on cooldown: 0.724762
DEBUG Player found in detection range
DEBUG Attack on cooldown: 0.723898
DEBUG Player found in detection range
DEBUG Attack on cooldown: 0.723080
DEBUG Player found in detection range
DEBUG Attack on cooldown: 0.722323
DEBUG Player found in detection range
DEBUG Attack on cooldown: 0.721442
DEBUG Player found in detection range
DEBUG Attack on cooldown: 0.720628
DEBUG Player found in detection range
DEBUG Attack on cooldown: 0.719912
DEBUG Player found in detection range
DEBUG Attack on cooldown: 0.719091
DEBUG Player found in detection range
DEBUG Attack on cooldown: 0.718336
DEBUG Player found in detection range
DEBUG Attack on cooldown: 0.717543
DEBUG Player found in detection range
DEBUG Attack on cooldown: 0.716630
DEBUG Player found in detection range
DEBUG Attack on cooldown: 0.715710
DEBUG Player found in detection range
DEBUG Attack on cooldown: 0.714836
DEBUG Player found in detection range
DEBUG Attack on cooldown: 0.713947
DEBUG Player found in detection range
DEBUG Attack on cooldown: 0.713068
DEBUG Player found in detection range
DEBUG Attack on cooldown: 0.710890
DEBUG Player found in detection range
DEBUG Attack on cooldown: 0.709988
DEBUG Player found in detection range
DEBUG Attack on cooldown: 0.709068
DEBUG Player found in detection range
DEBUG Attack on cooldown: 0.708315
DEBUG Player found in detection range
DEBUG Attack on cooldown: 0.707400
DEBUG Player found in detection range
DEBUG Attack on cooldown: 0.706653
DEBUG Player found in detection range
DEBUG Attack on cooldown: 0.705867
DEBUG Player found in detection range
DEBUG Attack on cooldown: 0.705007
DEBUG Player found in detection range
DEBUG Attack on cooldown: 0.704258
DEBUG Player found in detection range
DEBUG Attack on cooldown: 0.703493
DEBUG Player found in detection range
DEBUG Attack on cooldown: 0.702708
DEBUG Player found in detection range
DEBUG Attack on cooldown: 0.701747
DEBUG Player found in detection range
DEBUG Attack on cooldown: 0.700815
DEBUG Player found in detection range
DEBUG Attack on cooldown: 0.699955
DEBUG Player found in detection range
DEBUG Attack on cooldown: 0.699237
DEBUG Player found in detection range
DEBUG Attack on cooldown: 0.698489
DEBUG Player found in detection range
DEBUG Attack on cooldown: 0.697779
DEBUG Player found in detection range
DEBUG Attack on cooldown: 0.697055
DEBUG Player found in detection range
DEBUG Attack on cooldown: 0.696250
DEBUG Player found in detection range
DEBUG Attack on cooldown: 0.694332
DEBUG Player found in detection range
DEBUG Attack on cooldown: 0.693493
DEBUG Player found in detection range
DEBUG Attack on cooldown: 0.692604
DEBUG Player found in detection range
DEBUG Attack on cooldown: 0.691860
DEBUG Player found in detection range
DEBUG Attack on cooldown: 0.691140
DEBUG Player found in detection range
DEBUG Attack on cooldown: 0.690362
DEBUG Player found in detection range
DEBUG Attack on cooldown: 0.689648
DEBUG Player found in detection range
DEBUG Attack on cooldown: 0.688900
DEBUG Player found in detection range
DEBUG Attack on cooldown: 0.688131
DEBUG Player found in detection range
DEBUG Attack on cooldown: 0.687370
DEBUG Player found in detection range
DEBUG Attack on cooldown: 0.686615
DEBUG Player found in detection range
DEBUG Attack on cooldown: 0.685892
DEBUG Player found in detection range
DEBUG Attack on cooldown: 0.685109
DEBUG Player found in detection range
DEBUG Attack on cooldown: 0.684372
DEBUG Player found in detection range
DEBUG Attack on cooldown: 0.683682
DEBUG Player found in detection range
DEBUG Attack on cooldown: 0.682955
DEBUG Player found in detection range
DEBUG Attack on cooldown: 0.682086
DEBUG Player found in detection range
DEBUG Attack on cooldown: 0.681255
DEBUG Player found in detection range
DEBUG Attack on cooldown: 0.680407
DEBUG Player found in detection range
DEBUG Attack on cooldown: 0.678385
DEBUG Player found in detection range
DEBUG Attack on cooldown: 0.677264
DEBUG Player found in detection range
DEBUG Attack on cooldown: 0.676537
DEBUG Player found in detection range
DEBUG Attack on cooldown: 0.675804
DEBUG Player found in detection range
DEBUG Attack on cooldown: 0.675105
DEBUG Player found in detection range
DEBUG Attack on cooldown: 0.674307
DEBUG Player found in detection range
DEBUG Attack on cooldown: 0.673614
DEBUG Player found in detection range
DEBUG Attack on cooldown: 0.672891
DEBUG Player found in detection range
DEBUG Attack on cooldown: 0.672191
DEBUG Player found in detection range
DEBUG Attack on cooldown: 0.671410
DEBUG Player found in detection range
DEBUG Attack on cooldown: 0.670701
DEBUG Player found in detection range
DEBUG Attack on cooldown: 0.669978
DEBUG Player found in detection range
DEBUG Attack on cooldown: 0.669228
DEBUG Player found in detection range
DEBUG Attack on cooldown: 0.668429
DEBUG Player found in detection range
DEBUG Attack on cooldown: 0.667554
DEBUG Player found in detection range
DEBUG Attack on cooldown: 0.666630
DEBUG Player found in detection range
DEBUG Attack on cooldown: 0.665846
DEBUG Player found in detection range
DEBUG Attack on cooldown: 0.664988
DEBUG Player found in detection range
DEBUG Attack on cooldown: 0.662534
DEBUG Player found in detection range
DEBUG Attack on cooldown: 0.661530
DEBUG Player found in detection range
DEBUG Attack on cooldown: 0.660779
DEBUG Player found in detection range
DEBUG Attack on cooldown: 0.660028
DEBUG Player found in detection range
DEBUG Attack on cooldown: 0.659160
DEBUG Player found in detection range
DEBUG Attack on cooldown: 0.658420
DEBUG Player found in detection range
DEBUG Attack on cooldown: 0.657696
DEBUG Player found in detection range
DEBUG Attack on cooldown: 0.656950
DEBUG Player found in detection range
DEBUG Attack on cooldown: 0.656234
DEBUG Player found in detection range
DEBUG Attack on cooldown: 0.655488
DEBUG Player found in detection range
DEBUG Attack on cooldown: 0.654640
DEBUG Player found in detection range
DEBUG Attack on cooldown: 0.653859
DEBUG Player found in detection range
DEBUG Attack on cooldown: 0.653085
DEBUG Player found in detection range
DEBUG Attack on cooldown: 0.652377
DEBUG Player found in detection range
DEBUG Attack on cooldown: 0.651634
DEBUG Player found in detection range
DEBUG Attack on cooldown: 0.650903
DEBUG Player found in detection range
DEBUG Attack on cooldown: 0.650101
DEBUG Player found in detection range
DEBUG Attack on cooldown: 0.648923
DEBUG Player found in detection range
DEBUG Attack on cooldown: 0.646531
DEBUG Player found in detection range
DEBUG Attack on cooldown: 0.645753
DEBUG Player found in detection range
DEBUG Attack on cooldown: 0.645022
DEBUG Player found in detection range
DEBUG Attack on cooldown: 0.644261
DEBUG Player found in detection range
DEBUG Attack on cooldown: 0.643559
DEBUG Player found in detection range
DEBUG Attack on cooldown: 0.642829
DEBUG Player found in detection range
DEBUG Attack on cooldown: 0.641919
DEBUG Player found in detection range
DEBUG Attack on cooldown: 0.641143
DEBUG Player found in detection range
DEBUG Attack on cooldown: 0.640266
DEBUG Player found in detection range
DEBUG Attack on cooldown: 0.639334
DEBUG Player found in detection range
DEBUG Attack on cooldown: 0.638579
DEBUG Player found in detection range
DEBUG Attack on cooldown: 0.637674
DEBUG Player found in detection range
DEBUG Attack on cooldown: 0.636916
DEBUG Player found in detection range
DEBUG Attack on cooldown: 0.636189
DEBUG Player found in detection range
DEBUG Attack on cooldown: 0.635458
DEBUG Player found in detection range
DEBUG Attack on cooldown: 0.634651
DEBUG Player found in detection range
DEBUG Attack on cooldown: 0.632314
DEBUG Player found in detection range
DEBUG Attack on cooldown: 0.631364
DEBUG Player found in detection range
DEBUG Attack on cooldown: 0.630301
DEBUG Player found in detection range
DEBUG Attack on cooldown: 0.629578
DEBUG Player found in detection range
DEBUG Attack on cooldown: 0.628866
DEBUG Player found in detection range
DEBUG Attack on cooldown: 0.628006
DEBUG Player found in detection range
DEBUG Attack on cooldown: 0.627248
DEBUG Player found in detection range
DEBUG Attack on cooldown: 0.626351
DEBUG Player found in detection range
DEBUG Attack on cooldown: 0.625552
DEBUG Player found in detection range
DEBUG Attack on cooldown: 0.624802
DEBUG Player found in detection range
DEBUG Attack on cooldown: 0.624062
DEBUG Player found in detection range
DEBUG Attack on cooldown: 0.623330
DEBUG Player found in detection range
DEBUG Attack on cooldown: 0.622596
DEBUG Player found in detection range
DEBUG Attack on cooldown: 0.621842
DEBUG Player found in detection range
DEBUG Attack on cooldown: 0.621067
DEBUG Player found in detection range
DEBUG Attack on cooldown: 0.620289
DEBUG Player found in detection range
DEBUG Attack on cooldown: 0.619339
DEBUG Player found in detection range
DEBUG Attack on cooldown: 0.618451
DEBUG Player found in detection range
DEBUG Attack on cooldown: 0.616582
DEBUG Player found in detection range
DEBUG Attack on cooldown: 0.615863
DEBUG Player found in detection range
DEBUG Attack on cooldown: 0.615118
DEBUG Player found in detection range
DEBUG Attack on cooldown: 0.614126
DEBUG Player found in detection range
DEBUG Attack on cooldown: 0.613373
DEBUG Player found in detection range
DEBUG Attack on cooldown: 0.612502
DEBUG Player found in detection range
DEBUG Attack on cooldown: 0.611724
DEBUG Player found in detection range
DEBUG Attack on cooldown: 0.610938
DEBUG Player found in detection range
DEBUG Attack on cooldown: 0.610221
DEBUG Player found in detection range
DEBUG Attack on cooldown: 0.609472
DEBUG Player found in detection range
DEBUG Attack on cooldown: 0.608716
DEBUG Player found in detection range
DEBUG Attack on cooldown: 0.607979
DEBUG Player found in detection range
DEBUG Attack on cooldown: 0.607229
DEBUG Player found in detection range
DEBUG Attack on cooldown: 0.606465
DEBUG Player found in detection range
DEBUG Attack on cooldown: 0.605600
DEBUG Player found in detection range
DEBUG Attack on cooldown: 0.604712
DEBUG Player found in detection range
DEBUG Attack on cooldown: 0.603927
DEBUG Player found in detection range
DEBUG Attack on cooldown: 0.603178
DEBUG Player found in detection range
DEBUG Attack on cooldown: 0.601269
DEBUG Player found in detection range
DEBUG Attack on cooldown: 0.600504
DEBUG Player found in detection range
DEBUG Attack on cooldown: 0.599775
DEBUG Player found in detection range
DEBUG Attack on cooldown: 0.598950
DEBUG Player found in detection range
DEBUG Attack on cooldown: 0.598016
DEBUG Player found in detection range
DEBUG Attack on cooldown: 0.597019
DEBUG Player found in detection range
DEBUG Attack on cooldown: 0.596152
DEBUG Player found in detection range
DEBUG Attack on cooldown: 0.595239
DEBUG Player found in detection range
DEBUG Attack on cooldown: 0.594462
DEBUG Player found in detection range
DEBUG Attack on cooldown: 0.593689
DEBUG Player found in detection range
DEBUG Attack on cooldown: 0.592932
DEBUG Player found in detection range
DEBUG Attack on cooldown: 0.592054
DEBUG Player found in detection range
DEBUG Attack on cooldown: 0.591247
DEBUG Player found in detection range
DEBUG Attack on cooldown: 0.590347
DEBUG Player found in detection range
DEBUG Attack on cooldown: 0.589557
DEBUG Player found in detection range
DEBUG Attack on cooldown: 0.588844
DEBUG Player found in detection range
DEBUG Attack on cooldown: 0.588070
DEBUG Player found in detection range
DEBUG Attack on cooldown: 0.587186
DEBUG Player found in detection range
DEBUG Attack on cooldown: 0.585255
DEBUG Player found in detection range
DEBUG Attack on cooldown: 0.584313
DEBUG Player found in detection range
DEBUG Attack on cooldown: 0.583491
DEBUG Player found in detection range
DEBUG Attack on cooldown: 0.582752
DEBUG Player found in detection range
DEBUG Attack on cooldown: 0.581948
DEBUG Player found in detection range
DEBUG Attack on cooldown: 0.581181
DEBUG Player found in detection range
DEBUG Attack on cooldown: 0.580460
DEBUG Player found in detection range
DEBUG Attack on cooldown: 0.579732
DEBUG Player found in detection range
DEBUG Attack on cooldown: 0.579012
DEBUG Player found in detection range
DEBUG Attack on cooldown: 0.578274
DEBUG Player found in detection range
DEBUG Attack on cooldown: 0.577557
DEBUG Player found in detection range
DEBUG Attack on cooldown: 0.576782
DEBUG Player found in detection range
DEBUG Attack on cooldown: 0.576008
DEBUG Player found in detection range
DEBUG Attack on cooldown: 0.575272
DEBUG Player found in detection range
DEBUG Attack on cooldown: 0.574530
DEBUG Player found in detection range
DEBUG Attack on cooldown: 0.573819
DEBUG Player found in detection range
DEBUG Attack on cooldown: 0.572920
DEBUG Player found in detection range
DEBUG Attack on cooldown: 0.572144
DEBUG Player found in detection range
DEBUG Attack on cooldown: 0.571373
DEBUG Player found in detection range
DEBUG Attack on cooldown: 0.569222
DEBUG Player found in detection range
DEBUG Attack on cooldown: 0.568254
DEBUG Player found in detection range
DEBUG Attack on cooldown: 0.567114
DEBUG Player found in detection range
DEBUG Attack on cooldown: 0.565693
DEBUG Player found in detection range
DEBUG Attack on cooldown: 0.564092
DEBUG Player found in detection range
DEBUG Attack on cooldown: 0.563054
DEBUG Player found in detection range
DEBUG Attack on cooldown: 0.562094
DEBUG Player found in detection range
DEBUG Attack on cooldown: 0.561009
DEBUG Player found in detection range
DEBUG Attack on cooldown: 0.560232
DEBUG Player found in detection range
DEBUG Attack on cooldown: 0.559483
DEBUG Player found in detection range
DEBUG Attack on cooldown: 0.558780
DEBUG Player found in detection range
DEBUG Attack on cooldown: 0.558045
DEBUG Player found in detection range
DEBUG Attack on cooldown: 0.557129
DEBUG Player found in detection range
DEBUG Attack on cooldown: 0.556375
DEBUG Player found in detection range
DEBUG Attack on cooldown: 0.554164
DEBUG Player found in detection range
DEBUG Attack on cooldown: 0.553371
DEBUG Player found in detection range
DEBUG Attack on cooldown: 0.552616
DEBUG Player found in detection range
DEBUG Attack on cooldown: 0.551855
DEBUG Player found in detection range
DEBUG Attack on cooldown: 0.551095
DEBUG Player found in detection range
DEBUG Attack on cooldown: 0.550098
DEBUG Player found in detection range
DEBUG Attack on cooldown: 0.549271
DEBUG Player found in detection range
DEBUG Attack on cooldown: 0.548495
DEBUG Player found in detection range
DEBUG Attack on cooldown: 0.547790
DEBUG Player found in detection range
DEBUG Attack on cooldown: 0.547025
DEBUG Player found in detection range
DEBUG Attack on cooldown: 0.546280
DEBUG Player found in detection range
DEBUG Attack on cooldown: 0.545556
DEBUG Player found in detection range
DEBUG Attack on cooldown: 0.544622
DEBUG Player found in detection range
DEBUG Attack on cooldown: 0.543909
DEBUG Player found in detection range
DEBUG Attack on cooldown: 0.543117
DEBUG Player found in detection range
DEBUG Attack on cooldown: 0.542362
DEBUG Player found in detection range
DEBUG Attack on cooldown: 0.541635
DEBUG Player found in detection range
DEBUG Attack on cooldown: 0.540538
DEBUG Player found in detection range
DEBUG Attack on cooldown: 0.538665
DEBUG Player found in detection range
DEBUG Attack on cooldown: 0.537867
DEBUG Player found in detection range
DEBUG Attack on cooldown: 0.537141
DEBUG Player found in detection range
DEBUG Attack on cooldown: 0.536216
DEBUG Player found in detection range
DEBUG Attack on cooldown: 0.535412
DEBUG Player found in detection range
DEBUG Attack on cooldown: 0.534434
DEBUG Player found in detection range
DEBUG Attack on cooldown: 0.533701
DEBUG Player found in detection range
DEBUG Attack on cooldown: 0.532980
DEBUG Player found in detection range
DEBUG Attack on cooldown: 0.532274
DEBUG Player found in detection range
DEBUG Attack on cooldown: 0.531504
DEBUG Player found in detection range
DEBUG Attack on cooldown: 0.530765
DEBUG Player found in detection range
DEBUG Attack on cooldown: 0.530030
DEBUG Player found in detection range
DEBUG Attack on cooldown: 0.529125
DEBUG Player found in detection range
DEBUG Attack on cooldown: 0.528230
DEBUG Player found in detection range
DEBUG Attack on cooldown: 0.527313
DEBUG Player found in detection range
DEBUG Attack on cooldown: 0.526522
DEBUG Player found in detection range
DEBUG Attack on cooldown: 0.525777
DEBUG Player found in detection range
DEBUG Attack on cooldown: 0.523627
DEBUG Player found in detection range
DEBUG Attack on cooldown: 0.522929
DEBUG Player found in detection range
DEBUG Attack on cooldown: 0.522059
DEBUG Player found in detection range
DEBUG Attack on cooldown: 0.521255
DEBUG Player found in detection range
DEBUG Attack on cooldown: 0.520519
DEBUG Player found in detection range
DEBUG Attack on cooldown: 0.519751
DEBUG Player found in detection range
DEBUG Attack on cooldown: 0.518799
DEBUG Player found in detection range
DEBUG Attack on cooldown: 0.518050
DEBUG Player found in detection range
DEBUG Attack on cooldown: 0.517332
DEBUG Player found in detection range
DEBUG Attack on cooldown: 0.516550
DEBUG Player found in detection range
DEBUG Attack on cooldown: 0.515664
DEBUG Player found in detection range
DEBUG Attack on cooldown: 0.514768
DEBUG Player found in detection range
DEBUG Attack on cooldown: 0.514019
DEBUG Player found in detection range
DEBUG Attack on cooldown: 0.513294
DEBUG Player found in detection range
DEBUG Attack on cooldown: 0.512575
DEBUG Player found in detection range
DEBUG Attack on cooldown: 0.511477
DEBUG Player found in detection range
DEBUG Attack on cooldown: 0.510783
DEBUG Player found in detection range
DEBUG Attack on cooldown: 0.510038
DEBUG Player found in detection range
DEBUG Attack on cooldown: 0.507885
DEBUG Player found in detection range
DEBUG Attack on cooldown: 0.507092
DEBUG Player found in detection range
DEBUG Attack on cooldown: 0.506207
DEBUG Player found in detection range
DEBUG Attack on cooldown: 0.505163
DEBUG Player found in detection range
DEBUG Attack on cooldown: 0.504314
DEBUG Player found in detection range
DEBUG Attack on cooldown: 0.503220
DEBUG Player found in detection range
DEBUG Attack on cooldown: 0.502344
DEBUG Player found in detection range
DEBUG Attack on cooldown: 0.501127
DEBUG Player found in detection range
DEBUG Attack on cooldown: 0.500251
DEBUG Player found in detection range
DEBUG Attack on cooldown: 0.499146
DEBUG Player found in detection range
DEBUG Attack on cooldown: 0.498357
DEBUG Player found in detection range
DEBUG Attack on cooldown: 0.497220
DEBUG Player found in detection range
DEBUG Attack on cooldown: 0.496441
DEBUG Player found in detection range
DEBUG Attack on cooldown: 0.495256
DEBUG Player found in detection range
DEBUG Attack on cooldown: 0.494360
DEBUG Player found in detection range
DEBUG Attack on cooldown: 0.492455
DEBUG Player found in detection range
DEBUG Attack on cooldown: 0.491201
DEBUG Player found in detection range
DEBUG Attack on cooldown: 0.490329
DEBUG Player found in detection range
DEBUG Attack on cooldown: 0.489259
DEBUG Player found in detection range
DEBUG Attack on cooldown: 0.488383
DEBUG Player found in detection range
DEBUG Attack on cooldown: 0.487075
DEBUG Player found in detection range
DEBUG Attack on cooldown: 0.486104
DEBUG Player found in detection range
DEBUG Attack on cooldown: 0.484983
DEBUG Player found in detection range
DEBUG Attack on cooldown: 0.484137
DEBUG Player found in detection range
DEBUG Attack on cooldown: 0.483075
DEBUG Player found in detection range
DEBUG Attack on cooldown: 0.482263
DEBUG Player found in detection range
DEBUG Attack on cooldown: 0.481025
DEBUG Player found in detection range
DEBUG Attack on cooldown: 0.480177
DEBUG Player found in detection range
DEBUG Attack on cooldown: 0.479020
DEBUG Player found in detection range
DEBUG Attack on cooldown: 0.477068
DEBUG Player found in detection range
DEBUG Attack on cooldown: 0.475502
DEBUG Player found in detection range
DEBUG Attack on cooldown: 0.474731
DEBUG Player found in detection range
DEBUG Attack on cooldown: 0.473610
DEBUG Player found in detection range
DEBUG Attack on cooldown: 0.472718
DEBUG Player found in detection range
DEBUG Attack on cooldown: 0.471678
DEBUG Player found in detection range
DEBUG Attack on cooldown: 0.470823
DEBUG Player found in detection range
DEBUG Attack on cooldown: 0.469758
DEBUG Player found in detection range
DEBUG Attack on cooldown: 0.469037
DEBUG Player found in detection range
DEBUG Attack on cooldown: 0.468258
DEBUG Player found in detection range
DEBUG Attack on cooldown: 0.467203
DEBUG Player found in detection range
DEBUG Attack on cooldown: 0.466350
DEBUG Player found in detection range
DEBUG Attack on cooldown: 0.465230
DEBUG Player found in detection range
DEBUG Attack on cooldown: 0.464419
DEBUG Player found in detection range
DEBUG Attack on cooldown: 0.461611
DEBUG Player found in detection range
DEBUG Attack on cooldown: 0.460138
DEBUG Player found in detection range
DEBUG Attack on cooldown: 0.458806
DEBUG Player found in detection range
DEBUG Attack on cooldown: 0.457548
DEBUG Player found in detection range
DEBUG Attack on cooldown: 0.456549
DEBUG Player found in detection range
DEBUG Attack on cooldown: 0.455328
DEBUG Player found in detection range
DEBUG Attack on cooldown: 0.454389
DEBUG Player found in detection range
DEBUG Attack on cooldown: 0.453196
DEBUG Player found in detection range
DEBUG Attack on cooldown: 0.452372
DEBUG Player found in detection range
DEBUG Attack on cooldown: 0.451241
DEBUG Player found in detection range
DEBUG Attack on cooldown: 0.450394
DEBUG Player found in detection range
DEBUG Attack on cooldown: 0.449342
DEBUG Player found in detection range
DEBUG Attack on cooldown: 0.448599
DEBUG Player found in detection range
DEBUG Attack on cooldown: 0.445827
DEBUG Player found in detection range
DEBUG Attack on cooldown: 0.443651
DEBUG Player found in detection range
DEBUG Attack on cooldown: 0.442835
DEBUG Player found in detection range
DEBUG Attack on cooldown: 0.441981
DEBUG Player found in detection range
DEBUG Attack on cooldown: 0.440880
DEBUG Player found in detection range
DEBUG Attack on cooldown: 0.440096
DEBUG Player found in detection range
DEBUG Attack on cooldown: 0.438577
DEBUG Player found in detection range
DEBUG Attack on cooldown: 0.437289
DEBUG Player found in detection range
DEBUG Attack on cooldown: 0.436479
DEBUG Player found in detection range
DEBUG Attack on cooldown: 0.435378
DEBUG Player found in detection range
DEBUG Attack on cooldown: 0.434598
DEBUG Player found in detection range
DEBUG Attack on cooldown: 0.433506
DEBUG Player found in detection range
DEBUG Attack on cooldown: 0.432487
DEBUG Player found in detection range
DEBUG Attack on cooldown: 0.430847
DEBUG Player found in detection range
DEBUG Attack on cooldown: 0.429752
DEBUG Player found in detection range
DEBUG Attack on cooldown: 0.429013
DEBUG Player found in detection range
DEBUG Attack on cooldown: 0.428153
DEBUG Player found in detection range
DEBUG Attack on cooldown: 0.427033
DEBUG Player found in detection range
DEBUG Attack on cooldown: 0.426176
DEBUG Player found in detection range
DEBUG Attack on cooldown: 0.424922
DEBUG Player found in detection range
DEBUG Attack on cooldown: 0.423982
DEBUG Player found in detection range
DEBUG Attack on cooldown: 0.422581
DEBUG Player found in detection range
DEBUG Attack on cooldown: 0.421310
DEBUG Player found in detection range
DEBUG Attack on cooldown: 0.420533
DEBUG Player found in detection range
DEBUG Attack on cooldown: 0.419437
DEBUG Player found in detection range
DEBUG Attack on cooldown: 0.418470
DEBUG Player found in detection range
DEBUG Attack on cooldown: 0.417059
DEBUG Player found in detection range
DEBUG Attack on cooldown: 0.415502
DEBUG Player found in detection range
DEBUG Attack on cooldown: 0.414378
DEBUG Player found in detection range
DEBUG Attack on cooldown: 0.413278
DEBUG Player found in detection range
DEBUG Attack on cooldown: 0.412427
DEBUG Player found in detection range
DEBUG Attack on cooldown: 0.411099
DEBUG Player found in detection range
DEBUG Attack on cooldown: 0.410181
DEBUG Player found in detection range
DEBUG Attack on cooldown: 0.409048
DEBUG Player found in detection range
DEBUG Attack on cooldown: 0.408126
DEBUG Player found in detection range
DEBUG Attack on cooldown: 0.406853
DEBUG Player found in detection range
DEBUG Attack on cooldown: 0.405760
DEBUG Player found in detection range
DEBUG Attack on cooldown: 0.405023
DEBUG Player found in detection range
DEBUG Attack on cooldown: 0.404044
DEBUG Player found in detection range
DEBUG Attack on cooldown: 0.402838
DEBUG Player found in detection range
DEBUG Attack on cooldown: 0.401899
DEBUG Player found in detection range
DEBUG Attack on cooldown: 0.400256
DEBUG Player found in detection range
DEBUG Attack on cooldown: 0.399182
DEBUG Player found in detection range
DEBUG Attack on cooldown: 0.398396
DEBUG Player found in detection range
DEBUG Attack on cooldown: 0.397166
DEBUG Player found in detection range
DEBUG Attack on cooldown: 0.396231
DEBUG Player found in detection range
DEBUG Attack on cooldown: 0.395032
DEBUG Player found in detection range
DEBUG Attack on cooldown: 0.394136
DEBUG Player found in detection range
DEBUG Attack on cooldown: 0.393025
DEBUG Player found in detection range
DEBUG Attack on cooldown: 0.392230
DEBUG Player found in detection range
DEBUG Attack on cooldown: 0.391118
DEBUG Player found in detection range
DEBUG Attack on cooldown: 0.390035
DEBUG Player found in detection range
DEBUG Attack on cooldown: 0.388810
DEBUG Player found in detection range
DEBUG Attack on cooldown: 0.387628
DEBUG Player found in detection range
DEBUG Attack on cooldown: 0.386835
DEBUG Player found in detection range
DEBUG Attack on cooldown: 0.384686
DEBUG Player found in detection range
DEBUG Attack on cooldown: 0.383345
DEBUG Player found in detection range
DEBUG Attack on cooldown: 0.382528
DEBUG Player found in detection range
DEBUG Attack on cooldown: 0.381389
DEBUG Player found in detection range
DEBUG Attack on cooldown: 0.380520
DEBUG Player found in detection range
DEBUG Attack on cooldown: 0.379462
DEBUG Player found in detection range
DEBUG Attack on cooldown: 0.378697
DEBUG Player found in detection range
DEBUG Attack on cooldown: 0.377650
DEBUG Player found in detection range
DEBUG Attack on cooldown: 0.376795
DEBUG Player found in detection range
DEBUG Attack on cooldown: 0.375683
DEBUG Player found in detection range
DEBUG Attack on cooldown: 0.374894
DEBUG Player found in detection range
DEBUG Attack on cooldown: 0.373997
DEBUG Player found in detection range
DEBUG Attack on cooldown: 0.372883
DEBUG Player found in detection range
DEBUG Attack on cooldown: 0.371753
DEBUG Player found in detection range
DEBUG Attack on cooldown: 0.371006
DEBUG Player found in detection range
DEBUG Attack on cooldown: 0.368829
DEBUG Player found in detection range
DEBUG Attack on cooldown: 0.367632
DEBUG Player found in detection range
DEBUG Attack on cooldown: 0.366891
DEBUG Player found in detection range
DEBUG Attack on cooldown: 0.366116
DEBUG Player found in detection range
DEBUG Attack on cooldown: 0.365012
DEBUG Player found in detection range
DEBUG Attack on cooldown: 0.364184
DEBUG Player found in detection range
DEBUG Attack on cooldown: 0.362950
DEBUG Player found in detection range
DEBUG Attack on cooldown: 0.361946
DEBUG Player found in detection range
DEBUG Attack on cooldown: 0.360797
DEBUG Player found in detection range
DEBUG Attack on cooldown: 0.359725
DEBUG Player found in detection range
DEBUG Attack on cooldown: 0.358989
DEBUG Player found in detection range
DEBUG Attack on cooldown: 0.358152
DEBUG Player found in detection range
DEBUG Attack on cooldown: 0.356878
DEBUG Player found in detection range
DEBUG Attack on cooldown: 0.355900
DEBUG Player found in detection range
DEBUG Attack on cooldown: 0.352715
DEBUG Player found in detection range
DEBUG Attack on cooldown: 0.351013
DEBUG Player found in detection range
DEBUG Attack on cooldown: 0.349910
DEBUG Player found in detection range
DEBUG Attack on cooldown: 0.348252
DEBUG Player found in detection range
DEBUG Attack on cooldown: 0.346633
DEBUG Player found in detection range
DEBUG Attack on cooldown: 0.345197
DEBUG Player found in detection range
DEBUG Attack on cooldown: 0.344126
DEBUG Player found in detection range
DEBUG Attack on cooldown: 0.342975
DEBUG Player found in detection range
DEBUG Attack on cooldown: 0.341973
DEBUG Player found in detection range
DEBUG Attack on cooldown: 0.340623
DEBUG Player found in detection range
DEBUG Attack on cooldown: 0.338324
DEBUG Player found in detection range
DEBUG Attack on cooldown: 0.337057
DEBUG Player found in detection range
DEBUG Attack on cooldown: 0.336191
DEBUG Player found in detection range
DEBUG Attack on cooldown: 0.334805
DEBUG Player found in detection range
DEBUG Attack on cooldown: 0.333461
DEBUG Player found in detection range
DEBUG Attack on cooldown: 0.332634
DEBUG Player found in detection range
DEBUG Attack on cooldown: 0.331460
DEBUG Player found in detection range
DEBUG Attack on cooldown: 0.330709
DEBUG Player found in detection range
DEBUG Attack on cooldown: 0.329585
DEBUG Player found in detection range
DEBUG Attack on cooldown: 0.328800
DEBUG Player found in detection range
DEBUG Attack on cooldown: 0.328044
DEBUG Player found in detection range
DEBUG Attack on cooldown: 0.326760
DEBUG Player found in detection range
DEBUG Attack on cooldown: 0.325654
DEBUG Player found in detection range
DEBUG Attack on cooldown: 0.324872
DEBUG Player found in detection range
DEBUG Attack on cooldown: 0.322390
DEBUG Player found in detection range
DEBUG Attack on cooldown: 0.321110
DEBUG Player found in detection range
DEBUG Attack on cooldown: 0.320204
DEBUG Player found in detection range
DEBUG Attack on cooldown: 0.318968
DEBUG Player found in detection range
DEBUG Attack on cooldown: 0.318070
DEBUG Player found in detection range
DEBUG Attack on cooldown: 0.316783
DEBUG Player found in detection range
DEBUG Attack on cooldown: 0.315673
DEBUG Player found in detection range
DEBUG Attack on cooldown: 0.314947
DEBUG Player found in detection range
DEBUG Attack on cooldown: 0.314096
DEBUG Player found in detection range
DEBUG Attack on cooldown: 0.312946
DEBUG Player found in detection range
DEBUG Attack on cooldown: 0.311968
DEBUG Player found in detection range
DEBUG Attack on cooldown: 0.310784
DEBUG Player found in detection range
DEBUG Attack on cooldown: 0.309253
DEBUG Player found in detection range
DEBUG Attack on cooldown: 0.307082
DEBUG Player found in detection range
DEBUG Attack on cooldown: 0.305451
DEBUG Player found in detection range
DEBUG Attack on cooldown: 0.304741
DEBUG Player found in detection range
DEBUG Attack on cooldown: 0.303631
DEBUG Player found in detection range
DEBUG Attack on cooldown: 0.302890
DEBUG Player found in detection range
DEBUG Attack on cooldown: 0.302153
DEBUG Player found in detection range
DEBUG Attack on cooldown: 0.301022
DEBUG Player found in detection range
DEBUG Attack on cooldown: 0.300133
DEBUG Player found in detection range
DEBUG Attack on cooldown: 0.298839
DEBUG Player found in detection range
DEBUG Attack on cooldown: 0.298056
DEBUG Player found in detection range
DEBUG Attack on cooldown: 0.296794
DEBUG Player found in detection range
DEBUG Attack on cooldown: 0.295665
DEBUG Player found in detection range
DEBUG Attack on cooldown: 0.294800
DEBUG Player found in detection range
DEBUG Attack on cooldown: 0.293701
DEBUG Player found in detection range
DEBUG Attack on cooldown: 0.291557
DEBUG Player found in detection range
DEBUG Attack on cooldown: 0.290180
DEBUG Player found in detection range
DEBUG Attack on cooldown: 0.289027
DEBUG Player found in detection range
DEBUG Attack on cooldown: 0.288228
DEBUG Player found in detection range
DEBUG Attack on cooldown: 0.287095
DEBUG Player found in detection range
DEBUG Attack on cooldown: 0.286145
DEBUG Player found in detection range
DEBUG Attack on cooldown: 0.284827
DEBUG Player found in detection range
DEBUG Attack on cooldown: 0.283540
DEBUG Player found in detection range
DEBUG Attack on cooldown: 0.282674
DEBUG Player found in detection range
DEBUG Attack on cooldown: 0.281391
DEBUG Player found in detection range
DEBUG Attack on cooldown: 0.280639
DEBUG Player found in detection range
DEBUG Attack on cooldown: 0.279583
DEBUG Player found in detection range
DEBUG Attack on cooldown: 0.278655
DEBUG Player found in detection range
DEBUG Attack on cooldown: 0.276252
DEBUG Player found in detection range
DEBUG Attack on cooldown: 0.275101
DEBUG Player found in detection range
DEBUG Attack on cooldown: 0.274239
DEBUG Player found in detection range
DEBUG Attack on cooldown: 0.273122
DEBUG Player found in detection range
DEBUG Attack on cooldown: 0.272196
DEBUG Player found in detection range
DEBUG Attack on cooldown: 0.270908
DEBUG Player found in detection range
DEBUG Attack on cooldown: 0.270032
DEBUG Player found in detection range
DEBUG Attack on cooldown: 0.268749
DEBUG Player found in detection range
DEBUG Attack on cooldown: 0.267535
DEBUG Player found in detection range
DEBUG Attack on cooldown: 0.266755
DEBUG Player found in detection range
DEBUG Attack on cooldown: 0.265514
DEBUG Player found in detection range
DEBUG Attack on cooldown: 0.264679
DEBUG Player found in detection range
DEBUG Attack on cooldown: 0.263547
DEBUG Player found in detection range
DEBUG Attack on cooldown: 0.262816
DEBUG Player found in detection range
DEBUG Attack on cooldown: 0.260250
DEBUG Player found in detection range
DEBUG Attack on cooldown: 0.259104
DEBUG Player found in detection range
DEBUG Attack on cooldown: 0.258230
DEBUG Player found in detection range
DEBUG Attack on cooldown: 0.257013
DEBUG Player found in detection range
DEBUG Attack on cooldown: 0.256145
DEBUG Player found in detection range
DEBUG Attack on cooldown: 0.255064
DEBUG Player found in detection range
DEBUG Attack on cooldown: 0.254122
DEBUG Player found in detection range
DEBUG Attack on cooldown: 0.253003
DEBUG Player found in detection range
DEBUG Attack on cooldown: 0.252162
DEBUG Player found in detection range
DEBUG Attack on cooldown: 0.250805
DEBUG Player found in detection range
DEBUG Attack on cooldown: 0.249581
DEBUG Player found in detection range
DEBUG Attack on cooldown: 0.248725
DEBUG Player found in detection range
DEBUG Attack on cooldown: 0.247612
DEBUG Player found in detection range
DEBUG Attack on cooldown: 0.246647
DEBUG Player found in detection range
DEBUG Attack on cooldown: 0.244452
DEBUG Player found in detection range
DEBUG Attack on cooldown: 0.243053
DEBUG Player found in detection range
DEBUG Attack on cooldown: 0.242132
DEBUG Player found in detection range
DEBUG Attack on cooldown: 0.241070
DEBUG Player found in detection range
DEBUG Attack on cooldown: 0.240282
DEBUG Player found in detection range
DEBUG Attack on cooldown: 0.239151
DEBUG Player found in detection range
DEBUG Attack on cooldown: 0.238377
DEBUG Player found in detection range
DEBUG Attack on cooldown: 0.237091
DEBUG Player found in detection range
DEBUG Attack on cooldown: 0.236213
DEBUG Player found in detection range
DEBUG Attack on cooldown: 0.235102
DEBUG Player found in detection range
DEBUG Attack on cooldown: 0.234176
DEBUG Player found in detection range
DEBUG Attack on cooldown: 0.233069
DEBUG Player found in detection range
DEBUG Attack on cooldown: 0.232253
DEBUG Player found in detection range
DEBUG Attack on cooldown: 0.230842
DEBUG Player found in detection range
DEBUG Attack on cooldown: 0.228852
DEBUG Player found in detection range
DEBUG Attack on cooldown: 0.227726
DEBUG Player found in detection range
DEBUG Attack on cooldown: 0.226992
DEBUG Player found in detection range
DEBUG Attack on cooldown: 0.226139
DEBUG Player found in detection range
DEBUG Attack on cooldown: 0.225069
DEBUG Player found in detection range
DEBUG Attack on cooldown: 0.224017
DEBUG Player found in detection range
DEBUG Attack on cooldown: 0.222878
DEBUG Player found in detection range
DEBUG Attack on cooldown: 0.222046
DEBUG Player found in detection range
DEBUG Attack on cooldown: 0.220921
DEBUG Player found in detection range
DEBUG Attack on cooldown: 0.220154
DEBUG Player found in detection range
DEBUG Attack on cooldown: 0.219090
DEBUG Player found in detection range
DEBUG Attack on cooldown: 0.218217
DEBUG Player found in detection range
DEBUG Attack on cooldown: 0.216819
DEBUG Player found in detection range
DEBUG Attack on cooldown: 0.215207
DEBUG Player found in detection range
DEBUG Attack on cooldown: 0.213101
DEBUG Player found in detection range
DEBUG Attack on cooldown: 0.211582
DEBUG Player found in detection range
DEBUG Attack on cooldown: 0.210833
DEBUG Player found in detection range
DEBUG Attack on cooldown: 0.209713
DEBUG Player found in detection range
DEBUG Attack on cooldown: 0.208885
DEBUG Player found in detection range
DEBUG Attack on cooldown: 0.207788
DEBUG Player found in detection range
DEBUG Attack on cooldown: 0.206950
DEBUG Player found in detection range
DEBUG Attack on cooldown: 0.206134
DEBUG Player found in detection range
DEBUG Attack on cooldown: 0.204866
DEBUG Player found in detection range
DEBUG Attack on cooldown: 0.204088
DEBUG Player found in detection range
DEBUG Attack on cooldown: 0.202788
DEBUG Player found in detection range
DEBUG Attack on cooldown: 0.201481
DEBUG Player found in detection range
DEBUG Attack on cooldown: 0.200683
DEBUG Player found in detection range
DEBUG Attack on cooldown: 0.198857
DEBUG Player found in detection range
DEBUG Attack on cooldown: 0.197757
DEBUG Player found in detection range
DEBUG Attack on cooldown: 0.196961
DEBUG Player found in detection range
DEBUG Attack on cooldown: 0.196150
DEBUG Player found in detection range
DEBUG Attack on cooldown: 0.194799
DEBUG Player found in detection range
DEBUG Attack on cooldown: 0.193685
DEBUG Player found in detection range
DEBUG Attack on cooldown: 0.192914
DEBUG Player found in detection range
DEBUG Attack on cooldown: 0.192106
DEBUG Player found in detection range
DEBUG Attack on cooldown: 0.190985
DEBUG Player found in detection range
DEBUG Attack on cooldown: 0.190162
DEBUG Player found in detection range
DEBUG Attack on cooldown: 0.188878
DEBUG Player found in detection range
DEBUG Attack on cooldown: 0.188012
DEBUG Player found in detection range
DEBUG Attack on cooldown: 0.187173
DEBUG Player found in detection range
DEBUG Attack on cooldown: 0.186238
DEBUG Player found in detection range
DEBUG Attack on cooldown: 0.183880
DEBUG Player found in detection range
DEBUG Attack on cooldown: 0.182783
DEBUG Player found in detection range
DEBUG Attack on cooldown: 0.182004
DEBUG Player found in detection range
DEBUG Attack on cooldown: 0.180665
DEBUG Player found in detection range
DEBUG Attack on cooldown: 0.179339
DEBUG Player found in detection range
DEBUG Attack on cooldown: 0.178497
DEBUG Player found in detection range
DEBUG Attack on cooldown: 0.177724
DEBUG Player found in detection range
DEBUG Attack on cooldown: 0.176986
DEBUG Player found in detection range
DEBUG Attack on cooldown: 0.176118
DEBUG Player found in detection range
DEBUG Attack on cooldown: 0.174843
DEBUG Player found in detection range
DEBUG Attack on cooldown: 0.173708
DEBUG Player found in detection range
DEBUG Attack on cooldown: 0.172771
DEBUG Player found in detection range
DEBUG Attack on cooldown: 0.171723
DEBUG Player found in detection range
DEBUG Attack on cooldown: 0.170864
DEBUG Player found in detection range
DEBUG Attack on cooldown: 0.168817
DEBUG Player found in detection range
DEBUG Attack on cooldown: 0.167862
DEBUG Player found in detection range
DEBUG Attack on cooldown: 0.165957
DEBUG Player found in detection range
DEBUG Attack on cooldown: 0.164541
DEBUG Player found in detection range
DEBUG Attack on cooldown: 0.163670
DEBUG Player found in detection range
DEBUG Attack on cooldown: 0.162680
DEBUG Player found in detection range
DEBUG Attack on cooldown: 0.161293
DEBUG Player found in detection range
DEBUG Attack on cooldown: 0.160437
DEBUG Player found in detection range
DEBUG Attack on cooldown: 0.159182
DEBUG Player found in detection range
DEBUG Attack on cooldown: 0.158268
DEBUG Player found in detection range
DEBUG Attack on cooldown: 0.157114
DEBUG Player found in detection range
DEBUG Attack on cooldown: 0.156276
DEBUG Player found in detection range
DEBUG Attack on cooldown: 0.154861
DEBUG Player found in detection range
DEBUG Attack on cooldown: 0.152771
DEBUG Player found in detection range
DEBUG Attack on cooldown: 0.151644
DEBUG Player found in detection range
DEBUG Attack on cooldown: 0.150769
DEBUG Player found in detection range
DEBUG Attack on cooldown: 0.149711
DEBUG Player found in detection range
DEBUG Attack on cooldown: 0.148916
DEBUG Player found in detection range
DEBUG Attack on cooldown: 0.148152
DEBUG Player found in detection range
DEBUG Attack on cooldown: 0.146795
DEBUG Player found in detection range
DEBUG Attack on cooldown: 0.145536
DEBUG Player found in detection range
DEBUG Attack on cooldown: 0.144767
DEBUG Player found in detection range
DEBUG Attack on cooldown: 0.143596
DEBUG Player found in detection range
DEBUG Attack on cooldown: 0.142845
DEBUG Player found in detection range
DEBUG Attack on cooldown: 0.141584
DEBUG Player found in detection range
DEBUG Attack on cooldown: 0.140613
DEBUG Player found in detection range
DEBUG Attack on cooldown: 0.139232
DEBUG Player found in detection range
DEBUG Attack on cooldown: 0.138313
DEBUG Player found in detection range
DEBUG Attack on cooldown: 0.136098
DEBUG Player found in detection range
DEBUG Attack on cooldown: 0.134655
DEBUG Player found in detection range
DEBUG Attack on cooldown: 0.132937
DEBUG Player found in detection range
DEBUG Attack on cooldown: 0.131965
DEBUG Player found in detection range
DEBUG Attack on cooldown: 0.130261
DEBUG Player found in detection range
DEBUG Attack on cooldown: 0.128692
DEBUG Player found in detection range
DEBUG Attack on cooldown: 0.127124
DEBUG Player found in detection range
DEBUG Attack on cooldown: 0.126025
DEBUG Player found in detection range
DEBUG Attack on cooldown: 0.124763
DEBUG Player found in detection range
DEBUG Attack on cooldown: 0.123616
DEBUG Player found in detection range
DEBUG Attack on cooldown: 0.121775
DEBUG Player found in detection range
DEBUG Attack on cooldown: 0.120661
DEBUG Player found in detection range
DEBUG Attack on cooldown: 0.119279
DEBUG Player found in detection range
DEBUG Attack on cooldown: 0.118416
DEBUG Player found in detection range
DEBUG Attack on cooldown: 0.117154
DEBUG Player found in detection range
DEBUG Attack on cooldown: 0.116231
DEBUG Player found in detection range
DEBUG Attack on cooldown: 0.115120
DEBUG Player found in detection range
DEBUG Attack on cooldown: 0.114277
DEBUG Player found in detection range
DEBUG Attack on cooldown: 0.113063
DEBUG Player found in detection range
DEBUG Attack on cooldown: 0.112159
DEBUG Player found in detection range
DEBUG Attack on cooldown: 0.110912
DEBUG Player found in detection range
DEBUG Attack on cooldown: 0.110094
DEBUG Player found in detection range
DEBUG Attack on cooldown: 0.108932
DEBUG Player found in detection range
DEBUG Attack on cooldown: 0.108134
DEBUG Player found in detection range
DEBUG Attack on cooldown: 0.105564
DEBUG Player found in detection range
DEBUG Attack on cooldown: 0.104319
DEBUG Player found in detection range
DEBUG Attack on cooldown: 0.103266
DEBUG Player found in detection range
DEBUG Attack on cooldown: 0.102223
DEBUG Player found in detection range
DEBUG Attack on cooldown: 0.101114
DEBUG Player found in detection range
DEBUG Attack on cooldown: 0.100329
DEBUG Player found in detection range
DEBUG Attack on cooldown: 0.099105
DEBUG Player found in detection range
DEBUG Attack on cooldown: 0.098206
DEBUG Player found in detection range
DEBUG Attack on cooldown: 0.097070
DEBUG Player found in detection range
DEBUG Attack on cooldown: 0.096280
DEBUG Player found in detection range
DEBUG Attack on cooldown: 0.095201
DEBUG Player found in detection range
DEBUG Attack on cooldown: 0.094408
DEBUG Player found in detection range
DEBUG Attack on cooldown: 0.093334
DEBUG Player found in detection range
DEBUG Attack on cooldown: 0.092599
DEBUG Player found in detection range
DEBUG Attack on cooldown: 0.090111
DEBUG Player found in detection range
DEBUG Attack on cooldown: 0.088979
DEBUG Player found in detection range
DEBUG Attack on cooldown: 0.088189
DEBUG Player found in detection range
DEBUG Attack on cooldown: 0.086973
DEBUG Player found in detection range
DEBUG Attack on cooldown: 0.086174
DEBUG Player found in detection range
DEBUG Attack on cooldown: 0.084876
DEBUG Player found in detection range
DEBUG Attack on cooldown: 0.083913
DEBUG Player found in detection range
DEBUG Attack on cooldown: 0.082786
DEBUG Player found in detection range
DEBUG Attack on cooldown: 0.081718
DEBUG Player found in detection range
DEBUG Attack on cooldown: 0.080994
DEBUG Player found in detection range
DEBUG Attack on cooldown: 0.080189
DEBUG Player found in detection range
DEBUG Attack on cooldown: 0.079113
DEBUG Player found in detection range
DEBUG Attack on cooldown: 0.078204
DEBUG Player found in detection range
DEBUG Attack on cooldown: 0.077003
DEBUG Player found in detection range
DEBUG Attack on cooldown: 0.076045
DEBUG Player found in detection range
DEBUG Attack on cooldown: 0.073230
DEBUG Player found in detection range
DEBUG Attack on cooldown: 0.071942
DEBUG Player found in detection range
DEBUG Attack on cooldown: 0.070598
DEBUG Player found in detection range
DEBUG Attack on cooldown: 0.069381
DEBUG Player found in detection range
DEBUG Attack on cooldown: 0.068466
DEBUG Player found in detection range
DEBUG Attack on cooldown: 0.067224
DEBUG Player found in detection range
DEBUG Attack on cooldown: 0.066223
DEBUG Player found in detection range
DEBUG Attack on cooldown: 0.065019
DEBUG Player found in detection range
DEBUG Attack on cooldown: 0.064175
DEBUG Player found in detection range
DEBUG Attack on cooldown: 0.063031
DEBUG Player found in detection range
DEBUG Attack on cooldown: 0.062176
DEBUG Player found in detection range
DEBUG Attack on cooldown: 0.061059
DEBUG Player found in detection range
DEBUG Attack on cooldown: 0.060219
DEBUG Player found in detection range
DEBUG Attack on cooldown: 0.057677
DEBUG Player found in detection range
DEBUG Attack on cooldown: 0.056281
DEBUG Player found in detection range
DEBUG Attack on cooldown: 0.054837
DEBUG Player found in detection range
DEBUG Attack on cooldown: 0.053531
DEBUG Player found in detection range
DEBUG Attack on cooldown: 0.052680
DEBUG Player found in detection range
DEBUG Attack on cooldown: 0.051453
DEBUG Player found in detection range
DEBUG Attack on cooldown: 0.050476
DEBUG Player found in detection range
DEBUG Attack on cooldown: 0.049687
DEBUG Player found in detection range
DEBUG Attack on cooldown: 0.048364
DEBUG Player found in detection range
DEBUG Attack on cooldown: 0.047237
DEBUG Player found in detection range
DEBUG Attack on cooldown: 0.046399
DEBUG Player found in detection range
DEBUG Attack on cooldown: 0.045150
DEBUG Player found in detection range
DEBUG Attack on cooldown: 0.043037
DEBUG Player found in detection range
DEBUG Attack on cooldown: 0.041200
DEBUG Player found in detection range
DEBUG Attack on cooldown: 0.040210
DEBUG Player found in detection range
DEBUG Attack on cooldown: 0.038946
DEBUG Player found in detection range
DEBUG Attack on cooldown: 0.038137
DEBUG Player found in detection range
DEBUG Attack on cooldown: 0.037002
DEBUG Player found in detection range
DEBUG Attack on cooldown: 0.035936
DEBUG Player found in detection range
DEBUG Attack on cooldown: 0.034761
DEBUG Player found in detection range
DEBUG Attack on cooldown: 0.033709
DEBUG Player found in detection range
DEBUG Attack on cooldown: 0.032958
DEBUG Player found in detection range
DEBUG Attack on cooldown: 0.032050
DEBUG Player found in detection range
DEBUG Attack on cooldown: 0.030971
DEBUG Player found in detection range
DEBUG Attack on cooldown: 0.030166
DEBUG Player found in detection range
DEBUG Attack on cooldown: 0.029010
DEBUG Player found in detection range
DEBUG Attack on cooldown: 0.026816
DEBUG Player found in detection range
DEBUG Attack on cooldown: 0.025122
DEBUG Player found in detection range
DEBUG Attack on cooldown: 0.024085
DEBUG Player found in detection range
DEBUG Attack on cooldown: 0.022658
DEBUG Player found in detection range
DEBUG Attack on cooldown: 0.021335
DEBUG Player found in detection range
DEBUG Attack on cooldown: 0.020391
DEBUG Player found in detection range
DEBUG Attack on cooldown: 0.019282
DEBUG Player found in detection range
DEBUG Attack on cooldown: 0.018455
DEBUG Player found in detection range
DEBUG Attack on cooldown: 0.017235
DEBUG Player found in detection range
DEBUG Attack on cooldown: 0.016431
DEBUG Player found in detection range
DEBUG Attack on cooldown: 0.015015
DEBUG Player found in detection range
DEBUG Attack on cooldown: 0.013959
DEBUG Player found in detection range
DEBUG Attack on cooldown: 0.012096
DEBUG Player found in detection range
DEBUG Attack on cooldown: 0.010948
DEBUG Player found in detection range
DEBUG Attack on cooldown: 0.010013
DEBUG Player found in detection range
DEBUG Attack on cooldown: 0.008855
DEBUG Player found in detection range
DEBUG Attack on cooldown: 0.008052
DEBUG Player found in detection range
DEBUG Attack on cooldown: 0.006738
DEBUG Player found in detection range
DEBUG Attack on cooldown: 0.005469
DEBUG Player found in detection range
DEBUG Attack on cooldown: 0.004705
DEBUG Player found in detection range
DEBUG Attack on cooldown: 0.003630
DEBUG Player found in detection range
DEBUG Attack on cooldown: 0.002829
DEBUG Player found in detection range
DEBUG Attack on cooldown: 0.001424
DEBUG Player found in detection range
DEBUG Attack on cooldown: 0.000500
DEBUG Player found in detection range
INFO SoundManager found, attempting to play hit sound
INFO PlaySound called for: hit
INFO Sound found in map, attempting to play
INFO Play command sent to sound component
INFO Player took 10.000000 damage. Health: 480.000000
INFO Enemy attacked player for 10.000000 damage
DEBUG Player found in detection range
DEBUG Attack on cooldown: 0.997079
DEBUG Player found in detection range
DEBUG Attack on cooldown: 0.995672
DEBUG Player found in detection range
DEBUG Attack on cooldown: 0.994607
DEBUG Player found in detection range
DEBUG Attack on cooldown: 0.993492
DEBUG Player found in detection range
DEBUG Attack on cooldown: 0.992373
DEBUG Player found in detection range
DEBUG Attack on cooldown: 0.991541
DEBUG Player found in detection range
DEBUG Attack on cooldown: 0.990665
DEBUG Player found in detection range
DEBUG Attack on cooldown: 0.989582
DEBUG Player found in detection range
DEBUG Attack on cooldown: 0.988610
DEBUG Player found in detection range
DEBUG Attack on cooldown: 0.987255
DEBUG Player found in detection range
DEBUG Attack on cooldown: 0.986067
DEBUG Player found in detection range
DEBUG Attack on cooldown: 0.985341
DEBUG Player found in detection range
DEBUG Attack on cooldown: 0.984242
DEBUG Player found in detection range
DEBUG Attack on cooldown: 0.983478
DEBUG Player found in detection range
DEBUG Attack on cooldown: 0.980863
DEBUG Player found in detection range
DEBUG Attack on cooldown: 0.979697
DEBUG Player found in detection range
DEBUG Attack on cooldown: 0.978851
DEBUG Player found in detection range
DEBUG Attack on cooldown: 0.977515
DEBUG Player found in detection range
DEBUG Attack on cooldown: 0.976341
DEBUG Player found in detection range
DEBUG Attack on cooldown: 0.975603
DEBUG Player found in detection range
DEBUG Attack on cooldown: 0.974756
DEBUG Player found in detection range
DEBUG Attack on cooldown: 0.973495
DEBUG Player found in detection range
DEBUG Attack on cooldown: 0.972302
DEBUG Player found in detection range
DEBUG Attack on cooldown: 0.971487
DEBUG Player found in detection range
DEBUG Attack on cooldown: 0.970544
DEBUG Player found in detection range
DEBUG Attack on cooldown: 0.969444
DEBUG Player found in detection range
DEBUG Attack on cooldown: 0.968241
DEBUG Player found in detection range
DEBUG Attack on cooldown: 0.967348
DEBUG Player found in detection range
DEBUG Attack on cooldown: 0.965035
DEBUG Player found in detection range
DEBUG Attack on cooldown: 0.963917
DEBUG Player found in detection range
DEBUG Attack on cooldown: 0.963087
DEBUG Player found in detection range
DEBUG Attack on cooldown: 0.961962
DEBUG Player found in detection range
DEBUG Attack on cooldown: 0.961002
DEBUG Player found in detection range
DEBUG Attack on cooldown: 0.960090
DEBUG Player found in detection range
DEBUG Attack on cooldown: 0.958872
DEBUG Player found in detection range
DEBUG Attack on cooldown: 0.957742
DEBUG Player found in detection range
DEBUG Attack on cooldown: 0.956925
DEBUG Player found in detection range
DEBUG Attack on cooldown: 0.955851
DEBUG Player found in detection range
DEBUG Attack on cooldown: 0.955024
DEBUG Player found in detection range
DEBUG Attack on cooldown: 0.953962
DEBUG Player found in detection range
DEBUG Attack on cooldown: 0.953226
DEBUG Player found in detection range
DEBUG Attack on cooldown: 0.950785
DEBUG Player found in detection range
DEBUG Attack on cooldown: 0.949663
DEBUG Player found in detection range
DEBUG Attack on cooldown: 0.948711
DEBUG Player found in detection range
DEBUG Attack on cooldown: 0.947469
DEBUG Player found in detection range
DEBUG Attack on cooldown: 0.946583
DEBUG Player found in detection range
DEBUG Attack on cooldown: 0.945401
DEBUG Player found in detection range
DEBUG Attack on cooldown: 0.944330
DEBUG Player found in detection range
DEBUG Attack on cooldown: 0.943385
DEBUG Player found in detection range
DEBUG Attack on cooldown: 0.942202
DEBUG Player found in detection range
DEBUG Attack on cooldown: 0.941443
DEBUG Player found in detection range
DEBUG Attack on cooldown: 0.940346
DEBUG Player found in detection range
DEBUG Attack on cooldown: 0.939466
DEBUG Player found in detection range
DEBUG Attack on cooldown: 0.938259
DEBUG Player found in detection range
DEBUG Attack on cooldown: 0.937295
DEBUG Player found in detection range
DEBUG Attack on cooldown: 0.934490
DEBUG Player found in detection range
DEBUG Attack on cooldown: 0.933043
DEBUG Player found in detection range
DEBUG Attack on cooldown: 0.931893
DEBUG Player found in detection range
DEBUG Attack on cooldown: 0.931014
DEBUG Player found in detection range
DEBUG Attack on cooldown: 0.929918
DEBUG Player found in detection range
DEBUG Attack on cooldown: 0.928990
DEBUG Player found in detection range
DEBUG Attack on cooldown: 0.927795
DEBUG Player found in detection range
DEBUG Attack on cooldown: 0.927017
DEBUG Player found in detection range
DEBUG Attack on cooldown: 0.925788
DEBUG Player found in detection range
DEBUG Attack on cooldown: 0.924939
DEBUG Player found in detection range
DEBUG Attack on cooldown: 0.923829
DEBUG Player found in detection range
DEBUG Attack on cooldown: 0.922969
DEBUG Player found in detection range
DEBUG Attack on cooldown: 0.921875
DEBUG Player found in detection range
DEBUG Attack on cooldown: 0.921040
DEBUG Player found in detection range
DEBUG Attack on cooldown: 0.918745
DEBUG Player found in detection range
DEBUG Attack on cooldown: 0.917235
DEBUG Player found in detection range
DEBUG Attack on cooldown: 0.916285
DEBUG Player found in detection range
DEBUG Attack on cooldown: 0.915259
DEBUG Player found in detection range
DEBUG Attack on cooldown: 0.913682
DEBUG Player found in detection range
DEBUG Attack on cooldown: 0.912621
DEBUG Player found in detection range
DEBUG Attack on cooldown: 0.911410
DEBUG Player found in detection range
DEBUG Attack on cooldown: 0.910068
DEBUG Player found in detection range
DEBUG Attack on cooldown: 0.909310
DEBUG Player found in detection range
DEBUG Attack on cooldown: 0.908573
DEBUG Player found in detection range
DEBUG Attack on cooldown: 0.907809
DEBUG Player found in detection range
DEBUG Attack on cooldown: 0.907039
DEBUG Player found in detection range
DEBUG Attack on cooldown: 0.906177
DEBUG Player found in detection range
DEBUG Attack on cooldown: 0.905119
DEBUG Player found in detection range
DEBUG Attack on cooldown: 0.902676
DEBUG Player found in detection range
DEBUG Attack on cooldown: 0.901857
DEBUG Player found in detection range
DEBUG Attack on cooldown: 0.900942
DEBUG Player found in detection range
DEBUG Attack on cooldown: 0.900192
DEBUG Player found in detection range
DEBUG Attack on cooldown: 0.899427
DEBUG Player found in detection range
DEBUG Attack on cooldown: 0.897998
DEBUG Player found in detection range
DEBUG Attack on cooldown: 0.897188
DEBUG Player found in detection range
DEBUG Attack on cooldown: 0.896422
DEBUG Player found in detection range
DEBUG Attack on cooldown: 0.895480
DEBUG Player found in detection range
DEBUG Attack on cooldown: 0.894601
DEBUG Player found in detection range
DEBUG Attack on cooldown: 0.893855
DEBUG Player found in detection range
DEBUG Attack on cooldown: 0.893129
DEBUG Player found in detection range
DEBUG Attack on cooldown: 0.892382
DEBUG Player found in detection range
DEBUG Attack on cooldown: 0.891549
DEBUG Player found in detection range
DEBUG Attack on cooldown: 0.890717
DEBUG Player found in detection range
DEBUG Attack on cooldown: 0.889901
DEBUG Player found in detection range
DEBUG Attack on cooldown: 0.889009
DEBUG Player found in detection range
DEBUG Attack on cooldown: 0.887079
DEBUG Player found in detection range
DEBUG Attack on cooldown: 0.886301
DEBUG Player found in detection range
DEBUG Attack on cooldown: 0.885551
DEBUG Player found in detection range
DEBUG Attack on cooldown: 0.884798
DEBUG Player found in detection range
DEBUG Attack on cooldown: 0.883905
DEBUG Player found in detection range
DEBUG Attack on cooldown: 0.882968
DEBUG Player found in detection range
DEBUG Attack on cooldown: 0.882194
DEBUG Player found in detection range
DEBUG Attack on cooldown: 0.881441
DEBUG Player found in detection range
DEBUG Attack on cooldown: 0.880700
DEBUG Player found in detection range
DEBUG Attack on cooldown: 0.879559
DEBUG Player found in detection range
DEBUG Attack on cooldown: 0.878819
DEBUG Player found in detection range
DEBUG Attack on cooldown: 0.878026
DEBUG Player found in detection range
DEBUG Attack on cooldown: 0.877092
DEBUG Player found in detection range
DEBUG Attack on cooldown: 0.875869
DEBUG Player found in detection range
DEBUG Attack on cooldown: 0.875097
DEBUG Player found in detection range
DEBUG Attack on cooldown: 0.874403
DEBUG Player found in detection range
DEBUG Attack on cooldown: 0.873590
DEBUG Player found in detection range
DEBUG Attack on cooldown: 0.871602
DEBUG Player found in detection range
DEBUG Attack on cooldown: 0.870718
DEBUG Player found in detection range
DEBUG Attack on cooldown: 0.869786
DEBUG Player found in detection range
DEBUG Attack on cooldown: 0.868919
DEBUG Player found in detection range
DEBUG Attack on cooldown: 0.868003
DEBUG Player found in detection range
DEBUG Attack on cooldown: 0.867164
DEBUG Player found in detection range
DEBUG Attack on cooldown: 0.866464
DEBUG Player found in detection range
DEBUG Attack on cooldown: 0.865698
DEBUG Player found in detection range
DEBUG Attack on cooldown: 0.864782
DEBUG Player found in detection range
DEBUG Attack on cooldown: 0.863112
DEBUG Player found in detection range
DEBUG Attack on cooldown: 0.862151
DEBUG Player found in detection range
DEBUG Attack on cooldown: 0.861269
DEBUG Player found in detection range
DEBUG Attack on cooldown: 0.860526
DEBUG Player found in detection range
DEBUG Attack on cooldown: 0.859778
DEBUG Player found in detection range
DEBUG Attack on cooldown: 0.858978
DEBUG Player found in detection range
DEBUG Attack on cooldown: 0.856451
DEBUG Player found in detection range
DEBUG Attack on cooldown: 0.855528
DEBUG Player found in detection range
DEBUG Attack on cooldown: 0.854691
DEBUG Player found in detection range
DEBUG Attack on cooldown: 0.853922
DEBUG Player found in detection range
DEBUG Attack on cooldown: 0.853064
DEBUG Player found in detection range
DEBUG Attack on cooldown: 0.851903
DEBUG Player found in detection range
DEBUG Attack on cooldown: 0.851130
DEBUG Player found in detection range
DEBUG Attack on cooldown: 0.850396
DEBUG Player found in detection range
DEBUG Attack on cooldown: 0.849654
DEBUG Player found in detection range
DEBUG Attack on cooldown: 0.848872
DEBUG Player found in detection range
DEBUG Attack on cooldown: 0.848094
DEBUG Player found in detection range
DEBUG Attack on cooldown: 0.847222
DEBUG Player found in detection range
DEBUG Attack on cooldown: 0.846081
DEBUG Player found in detection range
DEBUG Attack on cooldown: 0.845324
DEBUG Player found in detection range
DEBUG Attack on cooldown: 0.844203
DEBUG Player found in detection range
DEBUG Attack on cooldown: 0.843353
DEBUG Player found in detection range
DEBUG Attack on cooldown: 0.842444
DEBUG Player found in detection range
DEBUG Attack on cooldown: 0.840684
DEBUG Player found in detection range
DEBUG Attack on cooldown: 0.839556
DEBUG Player found in detection range
DEBUG Attack on cooldown: 0.838828
DEBUG Player found in detection range
DEBUG Attack on cooldown: 0.837908
DEBUG Player found in detection range
DEBUG Attack on cooldown: 0.837081
DEBUG Player found in detection range
DEBUG Attack on cooldown: 0.835792
DEBUG Player found in detection range
DEBUG Attack on cooldown: 0.834828
DEBUG Player found in detection range
DEBUG Attack on cooldown: 0.833948
DEBUG Player found in detection range
DEBUG Attack on cooldown: 0.833018
DEBUG Player found in detection range
DEBUG Attack on cooldown: 0.832038
DEBUG Player found in detection range
DEBUG Attack on cooldown: 0.830940
DEBUG Player found in detection range
DEBUG Attack on cooldown: 0.829818
DEBUG Player found in detection range
DEBUG Attack on cooldown: 0.828959
DEBUG Player found in detection range
DEBUG Attack on cooldown: 0.828176
DEBUG Player found in detection range
DEBUG Attack on cooldown: 0.825651
DEBUG Player found in detection range
DEBUG Attack on cooldown: 0.824454
DEBUG Player found in detection range
DEBUG Attack on cooldown: 0.823699
DEBUG Player found in detection range
DEBUG Attack on cooldown: 0.822797
DEBUG Player found in detection range
DEBUG Attack on cooldown: 0.821419
DEBUG Player found in detection range
DEBUG Attack on cooldown: 0.820216
DEBUG Player found in detection range
DEBUG Attack on cooldown: 0.819470
DEBUG Player found in detection range
DEBUG Attack on cooldown: 0.818345
DEBUG Player found in detection range
DEBUG Attack on cooldown: 0.817517
DEBUG Player found in detection range
DEBUG Attack on cooldown: 0.816722
DEBUG Player found in detection range
DEBUG Attack on cooldown: 0.815482
DEBUG Player found in detection range
DEBUG Attack on cooldown: 0.814639
DEBUG Player found in detection range
DEBUG Attack on cooldown: 0.813702
DEBUG Player found in detection range
DEBUG Attack on cooldown: 0.812785
DEBUG Player found in detection range
DEBUG Attack on cooldown: 0.809958
DEBUG Player found in detection range
DEBUG Attack on cooldown: 0.808597
DEBUG Player found in detection range
DEBUG Attack on cooldown: 0.807235
DEBUG Player found in detection range
DEBUG Attack on cooldown: 0.806416
DEBUG Player found in detection range
DEBUG Attack on cooldown: 0.805646
DEBUG Player found in detection range
DEBUG Attack on cooldown: 0.804793
DEBUG Player found in detection range
DEBUG Attack on cooldown: 0.803648
DEBUG Player found in detection range
DEBUG Attack on cooldown: 0.802846
DEBUG Player found in detection range
DEBUG Attack on cooldown: 0.801650
DEBUG Player found in detection range
DEBUG Attack on cooldown: 0.800790
DEBUG Player found in detection range
DEBUG Attack on cooldown: 0.800022
DEBUG Player found in detection range
DEBUG Attack on cooldown: 0.798764
DEBUG Player found in detection range
DEBUG Attack on cooldown: 0.797516
DEBUG Player found in detection range
DEBUG Attack on cooldown: 0.796560
DEBUG Player found in detection range
DEBUG Attack on cooldown: 0.794323
DEBUG Player found in detection range
DEBUG Attack on cooldown: 0.793364
DEBUG Player found in detection range
DEBUG Attack on cooldown: 0.792212
DEBUG Player found in detection range
DEBUG Attack on cooldown: 0.791411
DEBUG Player found in detection range
DEBUG Attack on cooldown: 0.790642
DEBUG Player found in detection range
DEBUG Attack on cooldown: 0.789856
DEBUG Player found in detection range
DEBUG Attack on cooldown: 0.788979
DEBUG Player found in detection range
DEBUG Attack on cooldown: 0.788202
DEBUG Player found in detection range
DEBUG Attack on cooldown: 0.787247
DEBUG Player found in detection range
DEBUG Attack on cooldown: 0.786131
DEBUG Player found in detection range
DEBUG Attack on cooldown: 0.785135
DEBUG Player found in detection range
DEBUG Attack on cooldown: 0.784336
DEBUG Player found in detection range
DEBUG Attack on cooldown: 0.783495
DEBUG Player found in detection range
DEBUG Attack on cooldown: 0.782433
DEBUG Player found in detection range
DEBUG Attack on cooldown: 0.781605
DEBUG Player found in detection range
DEBUG Attack on cooldown: 0.779459
DEBUG Player found in detection range
DEBUG Attack on cooldown: 0.778497
DEBUG Player found in detection range
DEBUG Attack on cooldown: 0.777590
DEBUG Player found in detection range
DEBUG Attack on cooldown: 0.776853
DEBUG Player found in detection range
DEBUG Attack on cooldown: 0.776158
DEBUG Player found in detection range
DEBUG Attack on cooldown: 0.775442
DEBUG Player found in detection range
DEBUG Attack on cooldown: 0.774359
DEBUG Player found in detection range
DEBUG Attack on cooldown: 0.773502
DEBUG Player found in detection range
DEBUG Attack on cooldown: 0.772790
DEBUG Player found in detection range
DEBUG Attack on cooldown: 0.772024
DEBUG Player found in detection range
DEBUG Attack on cooldown: 0.771179
DEBUG Player found in detection range
DEBUG Attack on cooldown: 0.770305
DEBUG Player found in detection range
DEBUG Attack on cooldown: 0.769572
DEBUG Player found in detection range
DEBUG Attack on cooldown: 0.768830
DEBUG Player found in detection range
DEBUG Attack on cooldown: 0.767981
DEBUG Player found in detection range
DEBUG Attack on cooldown: 0.766976
DEBUG Player found in detection range
DEBUG Attack on cooldown: 0.765777
DEBUG Player found in detection range
DEBUG Attack on cooldown: 0.764006
DEBUG Player found in detection range
DEBUG Attack on cooldown: 0.763237
DEBUG Player found in detection range
DEBUG Attack on cooldown: 0.762022
DEBUG Player found in detection range
DEBUG Attack on cooldown: 0.761236
DEBUG Player found in detection range
DEBUG Attack on cooldown: 0.760476
DEBUG Player found in detection range
DEBUG Attack on cooldown: 0.759742
DEBUG Player found in detection range
DEBUG Attack on cooldown: 0.758863
DEBUG Player found in detection range
DEBUG Attack on cooldown: 0.758048
DEBUG Player found in detection range
DEBUG Attack on cooldown: 0.757217
DEBUG Player found in detection range
DEBUG Attack on cooldown: 0.756188
DEBUG Player found in detection range
DEBUG Attack on cooldown: 0.755431
DEBUG Player found in detection range
DEBUG Attack on cooldown: 0.754236
DEBUG Player found in detection range
DEBUG Attack on cooldown: 0.753490
DEBUG Player found in detection range
DEBUG Attack on cooldown: 0.752536
DEBUG Player found in detection range
DEBUG Attack on cooldown: 0.751685
DEBUG Player found in detection range
DEBUG Attack on cooldown: 0.749036
DEBUG Player found in detection range
DEBUG Attack on cooldown: 0.748207
DEBUG Player found in detection range
DEBUG Attack on cooldown: 0.747340
DEBUG Player found in detection range
DEBUG Attack on cooldown: 0.746060
DEBUG Player found in detection range
DEBUG Attack on cooldown: 0.745238
DEBUG Player found in detection range
DEBUG Attack on cooldown: 0.744023
DEBUG Player found in detection range
DEBUG Attack on cooldown: 0.743237
DEBUG Player found in detection range
DEBUG Attack on cooldown: 0.742496
DEBUG Player found in detection range
DEBUG Attack on cooldown: 0.741667
DEBUG Player found in detection range
DEBUG Attack on cooldown: 0.740803
DEBUG Player found in detection range
DEBUG Attack on cooldown: 0.739665
DEBUG Player found in detection range
DEBUG Attack on cooldown: 0.738693
DEBUG Player found in detection range
DEBUG Attack on cooldown: 0.737771
DEBUG Player found in detection range
DEBUG Attack on cooldown: 0.736864
DEBUG Player found in detection range
DEBUG Attack on cooldown: 0.734291
DEBUG Player found in detection range
DEBUG Attack on cooldown: 0.733076
DEBUG Player found in detection range
DEBUG Attack on cooldown: 0.731796
DEBUG Player found in detection range
DEBUG Attack on cooldown: 0.731000
DEBUG Player found in detection range
DEBUG Attack on cooldown: 0.730243
DEBUG Player found in detection range
DEBUG Attack on cooldown: 0.729328
DEBUG Player found in detection range
DEBUG Attack on cooldown: 0.727932
DEBUG Player found in detection range
DEBUG Attack on cooldown: 0.727041
DEBUG Player found in detection range
DEBUG Attack on cooldown: 0.725910
DEBUG Player found in detection range
DEBUG Attack on cooldown: 0.724941
DEBUG Player found in detection range
DEBUG Attack on cooldown: 0.723642
DEBUG Player found in detection range
DEBUG Attack on cooldown: 0.722819
DEBUG Player found in detection range
DEBUG Attack on cooldown: 0.722048
DEBUG Player found in detection range
DEBUG Attack on cooldown: 0.721317
DEBUG Player found in detection range
DEBUG Attack on cooldown: 0.720208
DEBUG Player found in detection range
DEBUG Attack on cooldown: 0.718446
DEBUG Player found in detection range
DEBUG Attack on cooldown: 0.717632
DEBUG Player found in detection range
DEBUG Attack on cooldown: 0.716904
DEBUG Player found in detection range
DEBUG Attack on cooldown: 0.716158
DEBUG Player found in detection range
DEBUG Attack on cooldown: 0.715420
DEBUG Player found in detection range
DEBUG Attack on cooldown: 0.714327
DEBUG Player found in detection range
DEBUG Attack on cooldown: 0.713563
DEBUG Player found in detection range
DEBUG Attack on cooldown: 0.712781
DEBUG Player found in detection range
DEBUG Attack on cooldown: 0.712033
DEBUG Player found in detection range
DEBUG Attack on cooldown: 0.711296
DEBUG Player found in detection range
DEBUG Attack on cooldown: 0.710378
DEBUG Player found in detection range
DEBUG Attack on cooldown: 0.709126
DEBUG Player found in detection range
DEBUG Attack on cooldown: 0.708380
DEBUG Player found in detection range
DEBUG Attack on cooldown: 0.707629
DEBUG Player found in detection range
DEBUG Attack on cooldown: 0.706741
DEBUG Player found in detection range
DEBUG Attack on cooldown: 0.705640
DEBUG Player found in detection range
DEBUG Attack on cooldown: 0.704890
DEBUG Player found in detection range
DEBUG Attack on cooldown: 0.702355
DEBUG Player found in detection range
DEBUG Attack on cooldown: 0.701382
DEBUG Player found in detection range
DEBUG Attack on cooldown: 0.700473
DEBUG Player found in detection range
DEBUG Attack on cooldown: 0.699569
DEBUG Player found in detection range
DEBUG Attack on cooldown: 0.698524
DEBUG Player found in detection range
DEBUG Attack on cooldown: 0.696704
DEBUG Player found in detection range
DEBUG Attack on cooldown: 0.695732
DEBUG Player found in detection range
DEBUG Attack on cooldown: 0.694628
DEBUG Player found in detection range
DEBUG Attack on cooldown: 0.692650
DEBUG Player found in detection range
DEBUG Attack on cooldown: 0.691825
DEBUG Player found in detection range
DEBUG Attack on cooldown: 0.691007
DEBUG Player found in detection range
DEBUG Attack on cooldown: 0.689722
DEBUG Player found in detection range
DEBUG Attack on cooldown: 0.687825
DEBUG Player found in detection range
DEBUG Attack on cooldown: 0.687074
DEBUG Player found in detection range
DEBUG Attack on cooldown: 0.686305
DEBUG Player found in detection range
DEBUG Attack on cooldown: 0.685546
DEBUG Player found in detection range
DEBUG Attack on cooldown: 0.684839
DEBUG Player found in detection range
DEBUG Attack on cooldown: 0.684083
DEBUG Player found in detection range
DEBUG Attack on cooldown: 0.683228
DEBUG Player found in detection range
DEBUG Attack on cooldown: 0.682351
DEBUG Player found in detection range
DEBUG Attack on cooldown: 0.681555
DEBUG Player found in detection range
DEBUG Attack on cooldown: 0.680685
DEBUG Player found in detection range
DEBUG Attack on cooldown: 0.679938
DEBUG Player found in detection range
DEBUG Attack on cooldown: 0.679057
DEBUG Player found in detection range
DEBUG Attack on cooldown: 0.678276
DEBUG Player found in detection range
DEBUG Attack on cooldown: 0.677453
DEBUG Player found in detection range
DEBUG Attack on cooldown: 0.676566
DEBUG Player found in detection range
DEBUG Attack on cooldown: 0.675250
DEBUG Player found in detection range
DEBUG Attack on cooldown: 0.674379
DEBUG Player found in detection range
DEBUG Attack on cooldown: 0.672422
DEBUG Player found in detection range
DEBUG Attack on cooldown: 0.671523
DEBUG Player found in detection range
DEBUG Attack on cooldown: 0.670815
DEBUG Player found in detection range
DEBUG Attack on cooldown: 0.670086
DEBUG Player found in detection range
DEBUG Attack on cooldown: 0.669167
DEBUG Player found in detection range
DEBUG Attack on cooldown: 0.667446
DEBUG Player found in detection range
DEBUG Attack on cooldown: 0.666685
DEBUG Player found in detection range
DEBUG Attack on cooldown: 0.665969
DEBUG Player found in detection range
DEBUG Attack on cooldown: 0.665116
DEBUG Player found in detection range
DEBUG Attack on cooldown: 0.664227
DEBUG Player found in detection range
DEBUG Attack on cooldown: 0.663353
DEBUG Player found in detection range
DEBUG Attack on cooldown: 0.662552
DEBUG Player found in detection range
DEBUG Attack on cooldown: 0.661803
DEBUG Player found in detection range
DEBUG Attack on cooldown: 0.660840
DEBUG Player found in detection range
DEBUG Attack on cooldown: 0.659543
DEBUG Player found in detection range
DEBUG Attack on cooldown: 0.658639
DEBUG Player found in detection range
DEBUG Attack on cooldown: 0.656455
DEBUG Player found in detection range
DEBUG Attack on cooldown: 0.655670
DEBUG Player found in detection range
DEBUG Attack on cooldown: 0.654799
DEBUG Player found in detection range
DEBUG Attack on cooldown: 0.653902
DEBUG Player found in detection range
DEBUG Attack on cooldown: 0.653087
DEBUG Player found in detection range
DEBUG Attack on cooldown: 0.652291
DEBUG Player found in detection range
DEBUG Attack on cooldown: 0.651425
DEBUG Player found in detection range
DEBUG Attack on cooldown: 0.650684
DEBUG Player found in detection range
DEBUG Attack on cooldown: 0.649975
DEBUG Player found in detection range
DEBUG Attack on cooldown: 0.649230
DEBUG Player found in detection range
DEBUG Attack on cooldown: 0.648369
DEBUG Player found in detection range
DEBUG Attack on cooldown: 0.647467
DEBUG Player found in detection range
DEBUG Attack on cooldown: 0.646682
DEBUG Player found in detection range
DEBUG Attack on cooldown: 0.645907
DEBUG Player found in detection range
DEBUG Attack on cooldown: 0.644721
DEBUG Player found in detection range
DEBUG Attack on cooldown: 0.643952
DEBUG Player found in detection range
DEBUG Attack on cooldown: 0.643073
DEBUG Player found in detection range
DEBUG Attack on cooldown: 0.642245
DEBUG Player found in detection range
DEBUG Attack on cooldown: 0.640656
DEBUG Player found in detection range
DEBUG Attack on cooldown: 0.639754
DEBUG Player found in detection range
DEBUG Attack on cooldown: 0.638922
DEBUG Player found in detection range
DEBUG Attack on cooldown: 0.637659
DEBUG Player found in detection range
DEBUG Attack on cooldown: 0.636791
DEBUG Player found in detection range
DEBUG Attack on cooldown: 0.635705
DEBUG Player found in detection range
DEBUG Attack on cooldown: 0.634830
DEBUG Player found in detection range
DEBUG Attack on cooldown: 0.633939
DEBUG Player found in detection range
DEBUG Attack on cooldown: 0.633133
DEBUG Player found in detection range
DEBUG Attack on cooldown: 0.632387
DEBUG Player found in detection range
DEBUG Attack on cooldown: 0.631643
DEBUG Player found in detection range
DEBUG Attack on cooldown: 0.630872
DEBUG Player found in detection range
DEBUG Attack on cooldown: 0.630109
DEBUG Player found in detection range
DEBUG Attack on cooldown: 0.629372
DEBUG Player found in detection range
DEBUG Attack on cooldown: 0.628618
DEBUG Player found in detection range
DEBUG Attack on cooldown: 0.627844
DEBUG Player found in detection range
DEBUG Attack on cooldown: 0.626927
DEBUG Player found in detection range
DEBUG Attack on cooldown: 0.624621
DEBUG Player found in detection range
DEBUG Attack on cooldown: 0.623539
DEBUG Player found in detection range
DEBUG Attack on cooldown: 0.622679
DEBUG Player found in detection range
DEBUG Attack on cooldown: 0.621777
DEBUG Player found in detection range
DEBUG Attack on cooldown: 0.621004
DEBUG Player found in detection range
DEBUG Attack on cooldown: 0.620247
DEBUG Player found in detection range
DEBUG Attack on cooldown: 0.619437
DEBUG Player found in detection range
DEBUG Attack on cooldown: 0.618687
DEBUG Player found in detection range
DEBUG Attack on cooldown: 0.617846
DEBUG Player found in detection range
DEBUG Attack on cooldown: 0.616929
DEBUG Player found in detection range
DEBUG Attack on cooldown: 0.615809
DEBUG Player found in detection range
DEBUG Attack on cooldown: 0.615035
DEBUG Player found in detection range
DEBUG Attack on cooldown: 0.614236
DEBUG Player found in detection range
DEBUG Attack on cooldown: 0.613503
DEBUG Player found in detection range
DEBUG Attack on cooldown: 0.612539
DEBUG Player found in detection range
DEBUG Attack on cooldown: 0.611261
DEBUG Player found in detection range
DEBUG Attack on cooldown: 0.609456
DEBUG Player found in detection range
DEBUG Attack on cooldown: 0.608732
DEBUG Player found in detection range
DEBUG Attack on cooldown: 0.607965
DEBUG Player found in detection range
DEBUG Attack on cooldown: 0.607138
DEBUG Player found in detection range
DEBUG Attack on cooldown: 0.606152
DEBUG Player found in detection range
DEBUG Attack on cooldown: 0.605228
DEBUG Player found in detection range
DEBUG Attack on cooldown: 0.604044
DEBUG Player found in detection range
DEBUG Attack on cooldown: 0.603293
DEBUG Player found in detection range
DEBUG Attack on cooldown: 0.602529
DEBUG Player found in detection range
DEBUG Attack on cooldown: 0.601643
DEBUG Player found in detection range
DEBUG Attack on cooldown: 0.600855
DEBUG Player found in detection range
DEBUG Attack on cooldown: 0.600064
DEBUG Player found in detection range
DEBUG Attack on cooldown: 0.599131
DEBUG Player found in detection range
DEBUG Attack on cooldown: 0.598341
DEBUG Player found in detection range
DEBUG Attack on cooldown: 0.597466
DEBUG Player found in detection range
DEBUG Attack on cooldown: 0.596682
DEBUG Player found in detection range
DEBUG Attack on cooldown: 0.595531
DEBUG Player found in detection range
DEBUG Attack on cooldown: 0.592907
DEBUG Player found in detection range
DEBUG Attack on cooldown: 0.592018
DEBUG Player found in detection range
DEBUG Attack on cooldown: 0.591119
DEBUG Player found in detection range
DEBUG Attack on cooldown: 0.590206
DEBUG Player found in detection range
DEBUG Attack on cooldown: 0.589297
DEBUG Player found in detection range
DEBUG Attack on cooldown: 0.588499
DEBUG Player found in detection range
DEBUG Attack on cooldown: 0.587725
DEBUG Player found in detection range
DEBUG Attack on cooldown: 0.586886
DEBUG Player found in detection range
DEBUG Attack on cooldown: 0.585497
DEBUG Player found in detection range
DEBUG Attack on cooldown: 0.584620
DEBUG Player found in detection range
DEBUG Attack on cooldown: 0.583791
DEBUG Player found in detection range
DEBUG Attack on cooldown: 0.583074
DEBUG Player found in detection range
DEBUG Attack on cooldown: 0.582304
DEBUG Player found in detection range
DEBUG Attack on cooldown: 0.581555
DEBUG Player found in detection range
DEBUG Attack on cooldown: 0.580775
DEBUG Player found in detection range
DEBUG Attack on cooldown: 0.580024
DEBUG Player found in detection range
DEBUG Attack on cooldown: 0.579279
DEBUG Player found in detection range
DEBUG Attack on cooldown: 0.576738
DEBUG Player found in detection range
DEBUG Attack on cooldown: 0.575531
DEBUG Player found in detection range
DEBUG Attack on cooldown: 0.574793
DEBUG Player found in detection range
DEBUG Attack on cooldown: 0.573674
DEBUG Player found in detection range
DEBUG Attack on cooldown: 0.572902
DEBUG Player found in detection range
DEBUG Attack on cooldown: 0.572026
DEBUG Player found in detection range
DEBUG Attack on cooldown: 0.571273
DEBUG Player found in detection range
DEBUG Attack on cooldown: 0.570566
DEBUG Player found in detection range
DEBUG Attack on cooldown: 0.569803
DEBUG Player found in detection range
DEBUG Attack on cooldown: 0.569023
DEBUG Player found in detection range
DEBUG Attack on cooldown: 0.568300
DEBUG Player found in detection range
DEBUG Attack on cooldown: 0.567536
DEBUG Player found in detection range
DEBUG Attack on cooldown: 0.566756
DEBUG Player found in detection range
DEBUG Attack on cooldown: 0.565535
DEBUG Player found in detection range
DEBUG Attack on cooldown: 0.564556
DEBUG Player found in detection range
DEBUG Attack on cooldown: 0.562243
DEBUG Player found in detection range
DEBUG Attack on cooldown: 0.561407
DEBUG Player found in detection range
DEBUG Attack on cooldown: 0.560649
DEBUG Player found in detection range
DEBUG Attack on cooldown: 0.559748
DEBUG Player found in detection range
DEBUG Attack on cooldown: 0.558845
DEBUG Player found in detection range
DEBUG Attack on cooldown: 0.557463
DEBUG Player found in detection range
DEBUG Attack on cooldown: 0.556515
DEBUG Player found in detection range
DEBUG Attack on cooldown: 0.555577
DEBUG Player found in detection range
DEBUG Attack on cooldown: 0.554786
DEBUG Player found in detection range
DEBUG Attack on cooldown: 0.553869
DEBUG Player found in detection range
DEBUG Attack on cooldown: 0.552992
DEBUG Player found in detection range
DEBUG Attack on cooldown: 0.551870
DEBUG Player found in detection range
DEBUG Attack on cooldown: 0.551098
DEBUG Player found in detection range
DEBUG Attack on cooldown: 0.550186
DEBUG Player found in detection range
DEBUG Attack on cooldown: 0.549341
DEBUG Player found in detection range
DEBUG Attack on cooldown: 0.547418
DEBUG Player found in detection range
DEBUG Attack on cooldown: 0.546642
DEBUG Player found in detection range
DEBUG Attack on cooldown: 0.545903
DEBUG Player found in detection range
DEBUG Attack on cooldown: 0.545137
DEBUG Player found in detection range
DEBUG Attack on cooldown: 0.544356
DEBUG Player found in detection range
DEBUG Attack on cooldown: 0.543427
DEBUG Player found in detection range
DEBUG Attack on cooldown: 0.542230
DEBUG Player found in detection range
DEBUG Attack on cooldown: 0.541496
DEBUG Player found in detection range
DEBUG Attack on cooldown: 0.540769
DEBUG Player found in detection range
DEBUG Attack on cooldown: 0.540030
DEBUG Player found in detection range
DEBUG Attack on cooldown: 0.539277
DEBUG Player found in detection range
DEBUG Attack on cooldown: 0.538571
DEBUG Player found in detection range
DEBUG Attack on cooldown: 0.537659
DEBUG Player found in detection range
DEBUG Attack on cooldown: 0.536894
DEBUG Player found in detection range
DEBUG Attack on cooldown: 0.536052
DEBUG Player found in detection range
DEBUG Attack on cooldown: 0.535065
DEBUG Player found in detection range
DEBUG Attack on cooldown: 0.533905
DEBUG Player found in detection range
DEBUG Attack on cooldown: 0.532146
DEBUG Player found in detection range
DEBUG Attack on cooldown: 0.531269
DEBUG Player found in detection range
DEBUG Attack on cooldown: 0.530304
DEBUG Player found in detection range
DEBUG Attack on cooldown: 0.529503
DEBUG Player found in detection range
DEBUG Attack on cooldown: 0.528712
DEBUG Player found in detection range
DEBUG Attack on cooldown: 0.527940
DEBUG Player found in detection range
DEBUG Attack on cooldown: 0.527081
DEBUG Player found in detection range
DEBUG Attack on cooldown: 0.526349
DEBUG Player found in detection range
DEBUG Attack on cooldown: 0.525485
DEBUG Player found in detection range
DEBUG Attack on cooldown: 0.524512
DEBUG Player found in detection range
DEBUG Attack on cooldown: 0.523259
DEBUG Player found in detection range
DEBUG Attack on cooldown: 0.522372
DEBUG Player found in detection range
DEBUG Attack on cooldown: 0.521479
DEBUG Player found in detection range
DEBUG Attack on cooldown: 0.520586
DEBUG Player found in detection range
DEBUG Attack on cooldown: 0.519723
DEBUG Player found in detection range
DEBUG Attack on cooldown: 0.518784
DEBUG Player found in detection range
DEBUG Attack on cooldown: 0.517918
DEBUG Player found in detection range
DEBUG Attack on cooldown: 0.516168
DEBUG Player found in detection range
DEBUG Attack on cooldown: 0.515384
DEBUG Player found in detection range
DEBUG Attack on cooldown: 0.514162
DEBUG Player found in detection range
DEBUG Attack on cooldown: 0.513451
DEBUG Player found in detection range
DEBUG Attack on cooldown: 0.512693
DEBUG Player found in detection range
DEBUG Attack on cooldown: 0.511936
DEBUG Player found in detection range
DEBUG Attack on cooldown: 0.510998
DEBUG Player found in detection range
DEBUG Attack on cooldown: 0.510235
DEBUG Player found in detection range
DEBUG Attack on cooldown: 0.509493
DEBUG Player found in detection range
DEBUG Attack on cooldown: 0.508767
DEBUG Player found in detection range
DEBUG Attack on cooldown: 0.508023
DEBUG Player found in detection range
DEBUG Attack on cooldown: 0.507097
DEBUG Player found in detection range
DEBUG Attack on cooldown: 0.505856
DEBUG Player found in detection range
DEBUG Attack on cooldown: 0.505093
DEBUG Player found in detection range
DEBUG Attack on cooldown: 0.504384
DEBUG Player found in detection range
DEBUG Attack on cooldown: 0.503616
DEBUG Player found in detection range
DEBUG Attack on cooldown: 0.501370
DEBUG Player found in detection range
DEBUG Attack on cooldown: 0.500397
DEBUG Player found in detection range
DEBUG Attack on cooldown: 0.499596
DEBUG Player found in detection range
DEBUG Attack on cooldown: 0.498723
DEBUG Player found in detection range
DEBUG Attack on cooldown: 0.497440
DEBUG Player found in detection range
DEBUG Attack on cooldown: 0.496708
DEBUG Player found in detection range
DEBUG Attack on cooldown: 0.495924
DEBUG Player found in detection range
DEBUG Attack on cooldown: 0.494987
DEBUG Player found in detection range
DEBUG Attack on cooldown: 0.494029
DEBUG Player found in detection range
DEBUG Attack on cooldown: 0.493249
DEBUG Player found in detection range
DEBUG Attack on cooldown: 0.492480
DEBUG Player found in detection range
DEBUG Attack on cooldown: 0.491764
DEBUG Player found in detection range
DEBUG Attack on cooldown: 0.491057
DEBUG Player found in detection range
DEBUG Attack on cooldown: 0.490299
DEBUG Player found in detection range
DEBUG Attack on cooldown: 0.489592
DEBUG Player found in detection range
DEBUG Attack on cooldown: 0.488673
DEBUG Player found in detection range
DEBUG Attack on cooldown: 0.487298
DEBUG Player found in detection range
DEBUG Attack on cooldown: 0.484854
DEBUG Player found in detection range
DEBUG Attack on cooldown: 0.483953
DEBUG Player found in detection range
DEBUG Attack on cooldown: 0.482932
DEBUG Player found in detection range
DEBUG Attack on cooldown: 0.481926
DEBUG Player found in detection range
DEBUG Attack on cooldown: 0.480745
DEBUG Player found in detection range
DEBUG Attack on cooldown: 0.478875
DEBUG Player found in detection range
DEBUG Attack on cooldown: 0.477856
DEBUG Player found in detection range
DEBUG Attack on cooldown: 0.477041
DEBUG Player found in detection range
DEBUG Attack on cooldown: 0.476279
DEBUG Player found in detection range
DEBUG Attack on cooldown: 0.475228
DEBUG Player found in detection range
DEBUG Attack on cooldown: 0.474343
DEBUG Player found in detection range
DEBUG Attack on cooldown: 0.473317
DEBUG Player found in detection range
DEBUG Attack on cooldown: 0.472510
DEBUG Player found in detection range
DEBUG Attack on cooldown: 0.471729
DEBUG Player found in detection range
DEBUG Attack on cooldown: 0.470076
DEBUG Player found in detection range
DEBUG Attack on cooldown: 0.469322
DEBUG Player found in detection range
DEBUG Attack on cooldown: 0.468582
DEBUG Player found in detection range
DEBUG Attack on cooldown: 0.467798
DEBUG Player found in detection range
DEBUG Attack on cooldown: 0.467003
DEBUG Player found in detection range
DEBUG Attack on cooldown: 0.466228
DEBUG Player found in detection range
DEBUG Attack on cooldown: 0.465487
DEBUG Player found in detection range
DEBUG Attack on cooldown: 0.464718
DEBUG Player found in detection range
DEBUG Attack on cooldown: 0.463983
DEBUG Player found in detection range
DEBUG Attack on cooldown: 0.463239
DEBUG Player found in detection range
DEBUG Attack on cooldown: 0.462507
DEBUG Player found in detection range
DEBUG Attack on cooldown: 0.461757
DEBUG Player found in detection range
DEBUG Attack on cooldown: 0.460995
DEBUG Player found in detection range
DEBUG Attack on cooldown: 0.460202
DEBUG Player found in detection range
DEBUG Attack on cooldown: 0.459440
DEBUG Player found in detection range
DEBUG Attack on cooldown: 0.458713
DEBUG Player found in detection range
DEBUG Attack on cooldown: 0.457944
DEBUG Player found in detection range
DEBUG Attack on cooldown: 0.457168
DEBUG Player found in detection range
DEBUG Attack on cooldown: 0.456415
DEBUG Player found in detection range
DEBUG Attack on cooldown: 0.454243
DEBUG Player found in detection range
DEBUG Attack on cooldown: 0.453412
DEBUG Player found in detection range
DEBUG Attack on cooldown: 0.452670
DEBUG Player found in detection range
DEBUG Attack on cooldown: 0.451878
DEBUG Player found in detection range
DEBUG Attack on cooldown: 0.450967
DEBUG Player found in detection range
DEBUG Attack on cooldown: 0.450064
DEBUG Player found in detection range
DEBUG Attack on cooldown: 0.449278
DEBUG Player found in detection range
DEBUG Attack on cooldown: 0.448540
DEBUG Player found in detection range
DEBUG Attack on cooldown: 0.447760
DEBUG Player found in detection range
DEBUG Attack on cooldown: 0.446734
DEBUG Player found in detection range
DEBUG Attack on cooldown: 0.445987
DEBUG Player found in detection range
DEBUG Attack on cooldown: 0.445183
DEBUG Player found in detection range
DEBUG Attack on cooldown: 0.444445
DEBUG Player found in detection range
DEBUG Attack on cooldown: 0.443689
DEBUG Player found in detection range
DEBUG Attack on cooldown: 0.442931
DEBUG Player found in detection range
DEBUG Attack on cooldown: 0.442158
DEBUG Player found in detection range
DEBUG Attack on cooldown: 0.441431
DEBUG Player found in detection range
DEBUG Attack on cooldown: 0.439323
DEBUG Player found in detection range
DEBUG Attack on cooldown: 0.438534
DEBUG Player found in detection range
DEBUG Attack on cooldown: 0.437777
DEBUG Player found in detection range
DEBUG Attack on cooldown: 0.436991
DEBUG Player found in detection range
DEBUG Attack on cooldown: 0.436185
DEBUG Player found in detection range
DEBUG Attack on cooldown: 0.435426
DEBUG Player found in detection range
DEBUG Attack on cooldown: 0.434656
DEBUG Player found in detection range
DEBUG Attack on cooldown: 0.433875
DEBUG Player found in detection range
DEBUG Attack on cooldown: 0.433131
DEBUG Player found in detection range
DEBUG Attack on cooldown: 0.432253
DEBUG Player found in detection range
DEBUG Attack on cooldown: 0.431428
DEBUG Player found in detection range
DEBUG Attack on cooldown: 0.430668
DEBUG Player found in detection range
DEBUG Attack on cooldown: 0.429929
DEBUG Player found in detection range
DEBUG Attack on cooldown: 0.429163
DEBUG Player found in detection range
DEBUG Attack on cooldown: 0.428407
DEBUG Player found in detection range
DEBUG Attack on cooldown: 0.427641
DEBUG Player found in detection range
DEBUG Attack on cooldown: 0.426891
DEBUG Player found in detection range
DEBUG Attack on cooldown: 0.425993
DEBUG Player found in detection range
DEBUG Attack on cooldown: 0.423835
DEBUG Player found in detection range
DEBUG Attack on cooldown: 0.423087
DEBUG Player found in detection range
DEBUG Attack on cooldown: 0.422356
DEBUG Player found in detection range
DEBUG Attack on cooldown: 0.421452
DEBUG Player found in detection range
DEBUG Attack on cooldown: 0.420730
DEBUG Player found in detection range
DEBUG Attack on cooldown: 0.420014
DEBUG Player found in detection range
DEBUG Attack on cooldown: 0.419107
DEBUG Player found in detection range
DEBUG Attack on cooldown: 0.418197
DEBUG Player found in detection range
DEBUG Attack on cooldown: 0.417297
DEBUG Player found in detection range
DEBUG Attack on cooldown: 0.416463
DEBUG Player found in detection range
DEBUG Attack on cooldown: 0.415516
DEBUG Player found in detection range
DEBUG Attack on cooldown: 0.414709
DEBUG Player found in detection range
DEBUG Attack on cooldown: 0.413944
DEBUG Player found in detection range
DEBUG Attack on cooldown: 0.413183
DEBUG Player found in detection range
DEBUG Attack on cooldown: 0.412419
DEBUG Player found in detection range
DEBUG Attack on cooldown: 0.411663
DEBUG Player found in detection range
DEBUG Attack on cooldown: 0.410901
DEBUG Player found in detection range
DEBUG Attack on cooldown: 0.410148
DEBUG Player found in detection range
DEBUG Attack on cooldown: 0.408030
DEBUG Player found in detection range
DEBUG Attack on cooldown: 0.407019
DEBUG Player found in detection range
DEBUG Attack on cooldown: 0.406163
DEBUG Player found in detection range
DEBUG Attack on cooldown: 0.405256
DEBUG Player found in detection range
DEBUG Attack on cooldown: 0.404477
DEBUG Player found in detection range
DEBUG Attack on cooldown: 0.403589
DEBUG Player found in detection range
DEBUG Attack on cooldown: 0.402786
DEBUG Player found in detection range
DEBUG Attack on cooldown: 0.402008
DEBUG Player found in detection range
DEBUG Attack on cooldown: 0.401254
DEBUG Player found in detection range
DEBUG Attack on cooldown: 0.400510
DEBUG Player found in detection range
DEBUG Attack on cooldown: 0.399786
DEBUG Player found in detection range
DEBUG Attack on cooldown: 0.399057
DEBUG Player found in detection range
DEBUG Attack on cooldown: 0.398199
DEBUG Player found in detection range
DEBUG Attack on cooldown: 0.397294
DEBUG Player found in detection range
DEBUG Attack on cooldown: 0.396511
DEBUG Player found in detection range
DEBUG Attack on cooldown: 0.395794
DEBUG Player found in detection range
DEBUG Attack on cooldown: 0.395047
DEBUG Player found in detection range
DEBUG Attack on cooldown: 0.394269
DEBUG Player found in detection range
DEBUG Attack on cooldown: 0.392479
DEBUG Player found in detection range
DEBUG Attack on cooldown: 0.391739
DEBUG Player found in detection range
DEBUG Attack on cooldown: 0.390828
DEBUG Player found in detection range
DEBUG Attack on cooldown: 0.390058
DEBUG Player found in detection range
DEBUG Attack on cooldown: 0.389282
DEBUG Player found in detection range
DEBUG Attack on cooldown: 0.388559
DEBUG Player found in detection range
DEBUG Attack on cooldown: 0.387771
DEBUG Player found in detection range
DEBUG Attack on cooldown: 0.387016
DEBUG Player found in detection range
DEBUG Attack on cooldown: 0.386143
DEBUG Player found in detection range
DEBUG Attack on cooldown: 0.385393
DEBUG Player found in detection range
DEBUG Attack on cooldown: 0.384169
DEBUG Player found in detection range
DEBUG Attack on cooldown: 0.383270
DEBUG Player found in detection range
DEBUG Attack on cooldown: 0.382282
DEBUG Player found in detection range
DEBUG Attack on cooldown: 0.381390
DEBUG Player found in detection range
DEBUG Attack on cooldown: 0.380518
DEBUG Player found in detection range
DEBUG Attack on cooldown: 0.379627
INFO Started
WARNING Sound file does not exist at path: Resources\Sounds\swamp_low_quality.wav
INFO Attempting to add sound: ambient from path: Resources\Sounds\swamp_low_quality.wav
INFO Sound file loaded successfully
INFO Sound added to map: ambient
INFO Sound verified in map: ambient
INFO Attempting to add sound: hit from path: Resources\Sounds\AppleEat.wav
INFO Sound file loaded successfully
INFO Sound added to map: hit
INFO Sound verified in map: hit
INFO PlaySound called for: ambient
INFO Sound found in map, attempting to play
INFO Play command sent to sound component
INFO 550.000000
INFO 20.000000
INFO Enemy created
INFO Attempting to add sound: kill from path: Resources\Sounds\Kill.wav
INFO Sound file loaded successfully
INFO Sound added to map: kill
INFO Sound verified in map: kill
DEBUG Enemy stats initialized: Health=50.000000, AttackDamage=10.000000, AttackRange=50.000000
INFO SoundManager found, attempting to play hit sound
INFO PlaySound called for: hit
INFO Sound found in map, attempting to play
INFO Play command sent to sound component
INFO Player took 10.000000 damage. Health: 540.000000
INFO Enemy attacked player for 10.000000 damage
DEBUG Attack on cooldown: 0.997883
DEBUG Attack on cooldown: 0.933932
DEBUG Attack on cooldown: 0.932933
DEBUG Attack on cooldown: 0.932156
DEBUG Attack on cooldown: 0.931525
DEBUG Attack on cooldown: 0.930835
DEBUG Attack on cooldown: 0.929912
DEBUG Attack on cooldown: 0.929211
DEBUG Attack on cooldown: 0.928579
DEBUG Attack on cooldown: 0.927838
DEBUG Attack on cooldown: 0.927155
DEBUG Attack on cooldown: 0.926516
DEBUG Attack on cooldown: 0.925818
DEBUG Attack on cooldown: 0.925151
DEBUG Attack on cooldown: 0.924405
DEBUG Attack on cooldown: 0.923774
DEBUG Attack on cooldown: 0.923090
DEBUG Attack on cooldown: 0.922396
DEBUG Attack on cooldown: 0.921753
DEBUG Attack on cooldown: 0.921120
DEBUG Attack on cooldown: 0.920486
DEBUG Attack on cooldown: 0.919820
DEBUG Attack on cooldown: 0.919092
DEBUG Attack on cooldown: 0.918447
DEBUG Attack on cooldown: 0.917803
DEBUG Attack on cooldown: 0.917206
DEBUG Attack on cooldown: 0.916564
DEBUG Attack on cooldown: 0.915735
DEBUG Attack on cooldown: 0.914989
DEBUG Attack on cooldown: 0.914057
DEBUG Attack on cooldown: 0.913414
DEBUG Attack on cooldown: 0.912723
DEBUG Attack on cooldown: 0.912090
DEBUG Attack on cooldown: 0.911458
DEBUG Attack on cooldown: 0.910805
DEBUG Attack on cooldown: 0.909944
DEBUG Attack on cooldown: 0.907640
DEBUG Attack on cooldown: 0.906976
DEBUG Attack on cooldown: 0.906243
DEBUG Attack on cooldown: 0.905594
DEBUG Attack on cooldown: 0.904947
DEBUG Attack on cooldown: 0.904305
DEBUG Attack on cooldown: 0.903601
DEBUG Attack on cooldown: 0.903000
DEBUG Attack on cooldown: 0.902313
DEBUG Attack on cooldown: 0.901700
DEBUG Attack on cooldown: 0.901056
DEBUG Attack on cooldown: 0.900279
DEBUG Attack on cooldown: 0.899372
DEBUG Attack on cooldown: 0.898670
DEBUG Attack on cooldown: 0.898017
DEBUG Attack on cooldown: 0.897360
DEBUG Attack on cooldown: 0.896627
DEBUG Attack on cooldown: 0.895996
DEBUG Attack on cooldown: 0.895281
DEBUG Attack on cooldown: 0.894537
DEBUG Attack on cooldown: 0.893641
DEBUG Attack on cooldown: 0.892189
DEBUG Attack on cooldown: 0.891132
DEBUG Attack on cooldown: 0.889963
DEBUG Attack on cooldown: 0.888912
DEBUG Attack on cooldown: 0.887773
DEBUG Attack on cooldown: 0.887160
DEBUG Attack on cooldown: 0.886385
DEBUG Attack on cooldown: 0.885662
DEBUG Attack on cooldown: 0.885028
DEBUG Attack on cooldown: 0.884395
DEBUG Attack on cooldown: 0.883745
DEBUG Attack on cooldown: 0.883102
DEBUG Attack on cooldown: 0.882380
DEBUG Attack on cooldown: 0.881714
DEBUG Attack on cooldown: 0.881027
DEBUG Attack on cooldown: 0.880247
DEBUG Attack on cooldown: 0.879543
DEBUG Attack on cooldown: 0.878870
DEBUG Attack on cooldown: 0.877874
DEBUG Attack on cooldown: 0.876420
DEBUG Attack on cooldown: 0.875564
DEBUG Attack on cooldown: 0.874963
DEBUG Attack on cooldown: 0.874331
DEBUG Attack on cooldown: 0.873716
DEBUG Attack on cooldown: 0.873005
DEBUG Attack on cooldown: 0.872350
DEBUG Attack on cooldown: 0.871733
DEBUG Attack on cooldown: 0.871064
DEBUG Attack on cooldown: 0.870441
DEBUG Attack on cooldown: 0.869797
DEBUG Attack on cooldown: 0.868910
DEBUG Attack on cooldown: 0.867429
DEBUG Attack on cooldown: 0.866644
DEBUG Attack on cooldown: 0.865967
DEBUG Attack on cooldown: 0.865247
DEBUG Attack on cooldown: 0.864499
DEBUG Attack on cooldown: 0.863808
DEBUG Attack on cooldown: 0.863180
DEBUG Attack on cooldown: 0.862457
DEBUG Attack on cooldown: 0.861140
DEBUG Attack on cooldown: 0.860336
DEBUG Attack on cooldown: 0.859719
DEBUG Attack on cooldown: 0.859041
DEBUG Attack on cooldown: 0.858311
DEBUG Attack on cooldown: 0.857680
DEBUG Attack on cooldown: 0.856978
DEBUG Attack on cooldown: 0.856285
DEBUG Attack on cooldown: 0.855584
DEBUG Attack on cooldown: 0.854971
DEBUG Attack on cooldown: 0.854303
DEBUG Attack on cooldown: 0.853649
DEBUG Attack on cooldown: 0.852982
DEBUG Attack on cooldown: 0.852365
DEBUG Attack on cooldown: 0.851762
DEBUG Attack on cooldown: 0.851102
DEBUG Attack on cooldown: 0.850368
DEBUG Attack on cooldown: 0.849675
DEBUG Attack on cooldown: 0.849023
DEBUG Attack on cooldown: 0.848393
DEBUG Attack on cooldown: 0.847709
DEBUG Attack on cooldown: 0.847018
DEBUG Attack on cooldown: 0.844771
DEBUG Attack on cooldown: 0.844129
DEBUG Attack on cooldown: 0.843443
DEBUG Attack on cooldown: 0.842780
DEBUG Attack on cooldown: 0.842107
DEBUG Attack on cooldown: 0.841448
DEBUG Attack on cooldown: 0.840783
DEBUG Attack on cooldown: 0.840159
DEBUG Attack on cooldown: 0.839480
DEBUG Attack on cooldown: 0.838856
DEBUG Attack on cooldown: 0.838217
DEBUG Attack on cooldown: 0.837582
DEBUG Attack on cooldown: 0.836939
DEBUG Attack on cooldown: 0.836299
DEBUG Attack on cooldown: 0.835667
DEBUG Attack on cooldown: 0.835028
DEBUG Attack on cooldown: 0.834326
DEBUG Attack on cooldown: 0.833639
DEBUG Attack on cooldown: 0.832986
DEBUG Attack on cooldown: 0.832354
DEBUG Attack on cooldown: 0.831663
DEBUG Attack on cooldown: 0.831050
DEBUG Attack on cooldown: 0.830224
DEBUG Attack on cooldown: 0.828536
DEBUG Attack on cooldown: 0.827821
DEBUG Attack on cooldown: 0.827227
DEBUG Attack on cooldown: 0.826555
DEBUG Attack on cooldown: 0.825882
DEBUG Attack on cooldown: 0.825244
DEBUG Attack on cooldown: 0.824600
DEBUG Attack on cooldown: 0.823972
DEBUG Attack on cooldown: 0.823282
DEBUG Attack on cooldown: 0.822612
DEBUG Attack on cooldown: 0.821993
DEBUG Attack on cooldown: 0.821343
DEBUG Attack on cooldown: 0.820717
DEBUG Attack on cooldown: 0.819939
DEBUG Attack on cooldown: 0.819143
DEBUG Attack on cooldown: 0.818464
DEBUG Attack on cooldown: 0.817824
DEBUG Attack on cooldown: 0.817143
DEBUG Attack on cooldown: 0.816513
DEBUG Attack on cooldown: 0.815861
DEBUG Attack on cooldown: 0.815222
DEBUG Attack on cooldown: 0.813301
DEBUG Attack on cooldown: 0.812367
DEBUG Attack on cooldown: 0.811605
DEBUG Attack on cooldown: 0.810762
DEBUG Attack on cooldown: 0.810032
DEBUG Attack on cooldown: 0.809263
DEBUG Attack on cooldown: 0.808520
DEBUG Attack on cooldown: 0.807531
DEBUG Attack on cooldown: 0.806345
DEBUG Attack on cooldown: 0.805444
DEBUG Attack on cooldown: 0.804654
DEBUG Attack on cooldown: 0.803798
DEBUG Attack on cooldown: 0.803130
DEBUG Attack on cooldown: 0.802468
DEBUG Attack on cooldown: 0.801838
DEBUG Attack on cooldown: 0.801225
DEBUG Attack on cooldown: 0.800565
DEBUG Attack on cooldown: 0.799872
DEBUG Attack on cooldown: 0.798772
DEBUG Attack on cooldown: 0.794564
INFO Started
WARNING Sound file does not exist at path: Resources\Sounds\swamp_low_quality.wav
INFO Attempting to add sound: ambient from path: Resources\Sounds\swamp_low_quality.wav
INFO Sound file loaded successfully
INFO Sound added to map: ambient
INFO Sound verified in map: ambient
INFO Attempting to add sound: hit from path: Resources\Sounds\AppleEat.wav
INFO Sound file loaded successfully
INFO Sound added to map: hit
INFO Sound verified in map: hit
INFO PlaySound called for: ambient
INFO Sound found in map, attempting to play
INFO Play command sent to sound component
INFO 550.000000
INFO 20.000000
INFO Enemy created
INFO Attempting to add sound: kill from path: Resources\Sounds\Kill.wav
INFO Sound file loaded successfully
INFO Sound added to map: kill
INFO Sound verified in map: kill
DEBUG Enemy stats initialized: Health=50.000000, AttackDamage=10.000000, AttackRange=50.000000
INFO SoundManager found, attempting to play hit sound
INFO PlaySound called for: hit
INFO Sound found in map, attempting to play
INFO Play command sent to sound component
INFO Player took 10.000000 damage. Health: 540.000000
INFO Enemy attacked player for 10.000000 damage
INFO SoundManager found, attempting to play hit sound
INFO PlaySound called for: hit
INFO Sound found in map, attempting to play
INFO Play command sent to sound component
INFO Player took 10.000000 damage. Health: 530.000000
INFO Enemy attacked player for 10.000000 damage
INFO Enemy taking damage, playing hit sound
INFO PlaySound called for: Kill
ERROR Sound not found in map: Kill
INFO Available sounds: kill, 
INFO Enemy took 20.000000 damage. Health: 30.000000
INFO PlaySound called for: hit
INFO Sound found in map, attempting to play
INFO Play command sent to sound component
INFO SoundManager found, attempting to play hit sound
INFO PlaySound called for: hit
INFO Sound found in map, attempting to play
INFO Play command sent to sound component
INFO Player took 10.000000 damage. Health: 520.000000
INFO Enemy attacked player for 10.000000 damage
INFO SoundManager found, attempting to play hit sound
INFO PlaySound called for: hit
INFO Sound found in map, attempting to play
INFO Play command sent to sound component
INFO Player took 10.000000 damage. Health: 510.000000
INFO Enemy attacked player for 10.000000 damage
INFO Enemy taking damage, playing hit sound
INFO PlaySound called for: Kill
ERROR Sound not found in map: Kill
INFO Available sounds: kill, 
INFO Enemy took 20.000000 damage. Health: 10.000000
INFO PlaySound called for: hit
INFO Sound found in map, attempting to play
INFO Play command sent to sound component
INFO SoundManager found, attempting to play hit sound
INFO PlaySound called for: hit
INFO Sound found in map, attempting to play
INFO Play command sent to sound component
INFO Player took 10.000000 damage. Health: 500.000000
INFO Enemy attacked player for 10.000000 damage
INFO SoundManager found, attempting to play hit sound
INFO PlaySound called for: hit
INFO Sound found in map, attempting to play
INFO Play command sent to sound component
INFO Player took 10.000000 damage. Health: 490.000000
INFO Enemy attacked player for 10.000000 damage
INFO SoundManager found, attempting to play hit sound
INFO PlaySound called for: hit
INFO Sound found in map, attempting to play
INFO Play command sent to sound component
INFO Player took 10.000000 damage. Health: 480.000000
INFO Enemy attacked player for 10.000000 damage
INFO Enemy taking damage, playing hit sound
INFO PlaySound called for: Kill
ERROR Sound not found in map: Kill
INFO Available sounds: kill, 
INFO Enemy took 20.000000 damage. Health: -10.000000
INFO Enemy died!
INFO PlaySound called for: hit
INFO Sound found in map, attempting to play
INFO Play command sent to sound component
ERROR Enemy transform component is null!
ERROR Enemy transform component is null!
ERROR Enemy transform component is null!
ERROR Enemy transform component is null!
ERROR Enemy transform component is null!
ERROR Enemy transform component is null!
ERROR Enemy transform component is null!
ERROR Enemy transform component is null!
ERROR Enemy transform component is null!
ERROR Enemy transform component is null!
ERROR Enemy transform component is null!
ERROR Enemy transform component is null!
ERROR Enemy transform component is null!
ERROR Enemy transform component is null!
ERROR Enemy transform component is null!
ERROR Enemy transform component is null!
ERROR Enemy transform component is null!
ERROR Enemy transform component is null!
ERROR Enemy transform component is null!
ERROR Enemy transform component is null!
ERROR Enemy transform component is null!
ERROR Enemy transform component is null!
ERROR Enemy transform component is null!
ERROR Enemy transform component is null!
ERROR Enemy transform component is null!
ERROR Enemy transform component is null!
ERROR Enemy transform component is null!
ERROR Enemy transform component is null!
ERROR Enemy transform component is null!
ERROR Enemy transform component is null!
ERROR Enemy transform component is null!
ERROR Enemy transform component is null!
ERROR Enemy transform component is null!
ERROR Enemy transform component is null!
ERROR Enemy transform component is null!
ERROR Enemy transform component is null!
ERROR Enemy transform component is null!
ERROR Enemy transform component is null!
ERROR Enemy transform component is null!
ERROR Enemy transform component is null!
ERROR Enemy transform component is null!
ERROR Enemy transform component is null!
ERROR Enemy transform component is null!
ERROR Enemy transform component is null!
ERROR Enemy transform component is null!
ERROR Enemy transform component is null!
ERROR Enemy transform component is null!
ERROR Enemy transform component is null!
ERROR Enemy transform component is null!
ERROR Enemy transform component is null!
ERROR Enemy transform component is null!
ERROR Enemy transform component is null!
ERROR Enemy transform component is null!
ERROR Enemy transform component is null!
ERROR Enemy transform component is null!
ERROR Enemy transform component is null!
ERROR Enemy transform component is null!
ERROR Enemy transform component is null!
ERROR Enemy transform component is null!
ERROR Enemy transform component is null!
ERROR Enemy transform component is null!
ERROR Enemy transform component is null!
ERROR Enemy transform component is null!
ERROR Enemy transform component is null!
ERROR Enemy transform component is null!
ERROR Enemy transform component is null!
ERROR Enemy transform component is null!
ERROR Enemy transform component is null!
ERROR Enemy transform component is null!
ERROR Enemy transform component is null!
ERROR Enemy transform component is null!
ERROR Enemy transform component is null!
ERROR Enemy transform component is null!
ERROR Enemy transform component is null!
ERROR Enemy transform component is null!
ERROR Enemy transform component is null!
ERROR Enemy transform component is null!
ERROR Enemy transform component is null!
ERROR Enemy transform component is null!
ERROR Enemy transform component is null!
ERROR Enemy transform component is null!
ERROR Enemy transform component is null!
ERROR Enemy transform component is null!
ERROR Enemy transform component is null!
ERROR Enemy transform component is null!
ERROR Enemy transform component is null!
ERROR Enemy transform component is null!
ERROR Enemy transform component is null!
ERROR Enemy transform component is null!
ERROR Enemy transform component is null!
ERROR Enemy transform component is null!
ERROR Enemy transform component is null!
ERROR Enemy transform component is null!
ERROR Enemy transform component is null!
ERROR Enemy transform component is null!
ERROR Enemy transform component is null!
ERROR Enemy transform component is null!
ERROR Enemy transform component is null!
ERROR Enemy transform component is null!
ERROR Enemy transform component is null!
ERROR Enemy transform component is null!
ERROR Enemy transform component is null!
ERROR Enemy transform component is null!
ERROR Enemy transform component is null!
ERROR Enemy transform component is null!
ERROR Enemy transform component is null!
ERROR Enemy transform component is null!
ERROR Enemy transform component is null!
ERROR Enemy transform component is null!
ERROR Enemy transform component is null!
ERROR Enemy transform component is null!
ERROR Enemy transform component is null!
ERROR Enemy transform component is null!
ERROR Enemy transform component is null!
ERROR Enemy transform component is null!
ERROR Enemy transform component is null!
ERROR Enemy transform component is null!
ERROR Enemy transform component is null!
ERROR Enemy transform component is null!
ERROR Enemy transform component is null!
ERROR Enemy transform component is null!
ERROR Enemy transform component is null!
ERROR Enemy transform component is null!
ERROR Enemy transform component is null!
ERROR Enemy transform component is null!
ERROR Enemy transform component is null!
ERROR Enemy transform component is null!
ERROR Enemy transform component is null!
ERROR Enemy transform component is null!
ERROR Enemy transform component is null!
ERROR Enemy transform component is null!
ERROR Enemy transform component is null!
ERROR Enemy transform component is null!
ERROR Enemy transform component is null!
ERROR Enemy transform component is null!
ERROR Enemy transform component is null!
ERROR Enemy transform component is null!
ERROR Enemy transform component is null!
ERROR Enemy transform component is null!
ERROR Enemy transform component is null!
ERROR Enemy transform component is null!
ERROR Enemy transform component is null!
ERROR Enemy transform component is null!
ERROR Enemy transform component is null!
ERROR Enemy transform component is null!
ERROR Enemy transform component is null!
ERROR Enemy transform component is null!
ERROR Enemy transform component is null!
ERROR Enemy transform component is null!
ERROR Enemy transform component is null!
ERROR Enemy transform component is null!
ERROR Enemy transform component is null!
ERROR Enemy transform component is null!
ERROR Enemy transform component is null!
ERROR Enemy transform component is null!
ERROR Enemy transform component is null!
ERROR Enemy transform component is null!
ERROR Enemy transform component is null!
ERROR Enemy transform component is null!
ERROR Enemy transform component is null!
ERROR Enemy transform component is null!
ERROR Enemy transform component is null!
ERROR Enemy transform component is null!
ERROR Enemy transform component is null!
ERROR Enemy transform component is null!
ERROR Enemy transform component is null!
ERROR Enemy transform component is null!
ERROR Enemy transform component is null!
ERROR Enemy transform component is null!
ERROR Enemy transform component is null!
ERROR Enemy transform component is null!
ERROR Enemy transform component is null!
ERROR Enemy transform component is null!
ERROR Enemy transform component is null!
ERROR Enemy transform component is null!
ERROR Enemy transform component is null!
ERROR Enemy transform component is null!
ERROR Enemy transform component is null!
ERROR Enemy transform component is null!
ERROR Enemy transform component is null!
ERROR Enemy transform component is null!
ERROR Enemy transform component is null!
ERROR Enemy transform component is null!
ERROR Enemy transform component is null!
ERROR Enemy transform component is null!
ERROR Enemy transform component is null!
ERROR Enemy transform component is null!
ERROR Enemy transform component is null!
ERROR Enemy transform component is null!
ERROR Enemy transform component is null!
ERROR Enemy transform component is null!
ERROR Enemy transform component is null!
ERROR Enemy transform component is null!
ERROR Enemy transform component is null!
ERROR Enemy transform component is null!
ERROR Enemy transform component is null!
ERROR Enemy transform component is null!
ERROR Enemy transform component is null!
ERROR Enemy transform component is null!
ERROR Enemy transform component is null!
ERROR Enemy transform component is null!
ERROR Enemy transform component is null!
ERROR Enemy transform component is null!
ERROR Enemy transform component is null!
ERROR Enemy transform component is null!
ERROR Enemy transform component is null!
ERROR Enemy transform component is null!
ERROR Enemy transform component is null!
ERROR Enemy transform component is null!
ERROR Enemy transform component is null!
ERROR Enemy transform component is null!
ERROR Enemy transform component is null!
ERROR Enemy transform component is null!
ERROR Enemy transform component is null!
ERROR Enemy transform component is null!
ERROR Enemy transform component is null!
ERROR Enemy transform component is null!
ERROR Enemy transform component is null!
ERROR Enemy transform component is null!
ERROR Enemy transform component is null!
ERROR Enemy transform component is null!
ERROR Enemy transform component is null!
ERROR Enemy transform component is null!
ERROR Enemy transform component is null!
ERROR Enemy transform component is null!
ERROR Enemy transform component is null!
ERROR Enemy transform component is null!
ERROR Enemy transform component is null!
ERROR Enemy transform component is null!
ERROR Enemy transform component is null!
ERROR Enemy transform component is null!
ERROR Enemy transform component is null!
ERROR Enemy transform component is null!
ERROR Enemy transform component is null!
ERROR Enemy transform component is null!
ERROR Enemy transform component is null!
ERROR Enemy transform component is null!
ERROR Enemy transform component is null!
ERROR Enemy transform component is null!
ERROR Enemy transform component is null!
ERROR Enemy transform component is null!
ERROR Enemy transform component is null!
ERROR Enemy transform component is null!
ERROR Enemy transform component is null!
ERROR Enemy transform component is null!
ERROR Enemy transform component is null!
ERROR Enemy transform component is null!
ERROR Enemy transform component is null!
ERROR Enemy transform component is null!
ERROR Enemy transform component is null!
ERROR Enemy transform component is null!
ERROR Enemy transform component is null!
ERROR Enemy transform component is null!
ERROR Enemy transform component is null!
ERROR Enemy transform component is null!
ERROR Enemy transform component is null!
ERROR Enemy transform component is null!
ERROR Enemy transform component is null!
ERROR Enemy transform component is null!
ERROR Enemy transform component is null!
ERROR Enemy transform component is null!
ERROR Enemy transform component is null!
ERROR Enemy transform component is null!
ERROR Enemy transform component is null!
ERROR Enemy transform component is null!
ERROR Enemy transform component is null!
ERROR Enemy transform component is null!
ERROR Enemy transform component is null!
ERROR Enemy transform component is null!
ERROR Enemy transform component is null!
ERROR Enemy transform component is null!
ERROR Enemy transform component is null!
ERROR Enemy transform component is null!
ERROR Enemy transform component is null!
ERROR Enemy transform component is null!
ERROR Enemy transform component is null!
ERROR Enemy transform component is null!
ERROR Enemy transform component is null!
ERROR Enemy transform component is null!
ERROR Enemy transform component is null!
ERROR Enemy transform component is null!
ERROR Enemy transform component is null!
ERROR Enemy transform component is null!
ERROR Enemy transform component is null!
ERROR Enemy transform component is null!
ERROR Enemy transform component is null!
ERROR Enemy transform component is null!
ERROR Enemy transform component is null!
ERROR Enemy transform component is null!
ERROR Enemy transform component is null!
ERROR Enemy transform component is null!
ERROR Enemy transform component is null!
ERROR Enemy transform component is null!
ERROR Enemy transform component is null!
ERROR Enemy transform component is null!
ERROR Enemy transform component is null!
ERROR Enemy transform component is null!
ERROR Enemy transform component is null!
ERROR Enemy transform component is null!
ERROR Enemy transform component is null!
ERROR Enemy transform component is null!
ERROR Enemy transform component is null!
ERROR Enemy transform component is null!
ERROR Enemy transform component is null!
ERROR Enemy transform component is null!
ERROR Enemy transform component is null!
ERROR Enemy transform component is null!
ERROR Enemy transform component is null!
ERROR Enemy transform component is null!
ERROR Enemy transform component is null!
ERROR Enemy transform component is null!
ERROR Enemy transform component is null!
ERROR Enemy transform component is null!
ERROR Enemy transform component is null!
ERROR Enemy transform component is null!
ERROR Enemy transform component is null!
ERROR Enemy transform component is null!
ERROR Enemy transform component is null!
ERROR Enemy transform component is null!
ERROR Enemy transform component is null!
ERROR Enemy transform component is null!
ERROR Enemy transform component is null!
ERROR Enemy transform component is null!
ERROR Enemy transform component is null!
ERROR Enemy transform component is null!
ERROR Enemy transform component is null!
ERROR Enemy transform component is null!
ERROR Enemy transform component is null!
ERROR Enemy transform component is null!
ERROR Enemy transform component is null!
ERROR Enemy transform component is null!
ERROR Enemy transform component is null!
ERROR Enemy transform component is null!
ERROR Enemy transform component is null!
ERROR Enemy transform component is null!
ERROR Enemy transform component is null!
ERROR Enemy transform component is null!
ERROR Enemy transform component is null!
ERROR Enemy transform component is null!
ERROR Enemy transform component is null!
ERROR Enemy transform component is null!
ERROR Enemy transform component is null!
ERROR Enemy transform component is null!
ERROR Enemy transform component is null!
ERROR Enemy transform component is null!
ERROR Enemy transform component is null!
ERROR Enemy transform component is null!
ERROR Enemy transform component is null!
ERROR Enemy transform component is null!
ERROR Enemy transform component is null!
ERROR Enemy transform component is null!
ERROR Enemy transform component is null!
ERROR Enemy transform component is null!
ERROR Enemy transform component is null!
ERROR Enemy transform component is null!
ERROR Enemy transform component is null!
ERROR Enemy transform component is null!
ERROR Enemy transform component is null!
ERROR Enemy transform component is null!
ERROR Enemy transform component is null!
ERROR Enemy transform component is null!
ERROR Enemy transform component is null!
ERROR Enemy transform component is null!
ERROR Enemy transform component is null!
ERROR Enemy transform component is null!
ERROR Enemy transform component is null!
ERROR Enemy transform component is null!
ERROR Enemy transform component is null!
ERROR Enemy transform component is null!
ERROR Enemy transform component is null!
ERROR Enemy transform component is null!
ERROR Enemy transform component is null!
ERROR Enemy transform component is null!
ERROR Enemy transform component is null!
ERROR Enemy transform component is null!
ERROR Enemy transform component is null!
ERROR Enemy transform component is null!
ERROR Enemy transform component is null!
ERROR Enemy transform component is null!
ERROR Enemy transform component is null!
ERROR Enemy transform component is null!
ERROR Enemy transform component is null!
ERROR Enemy transform component is null!
ERROR Enemy transform component is null!
ERROR Enemy transform component is null!
ERROR Enemy transform component is null!
ERROR Enemy transform component is null!
ERROR Enemy transform component is null!
ERROR Enemy transform component is null!
ERROR Enemy transform component is null!
ERROR Enemy transform component is null!
ERROR Enemy transform component is null!
ERROR Enemy transform component is null!
ERROR Enemy transform component is null!
ERROR Enemy transform component is null!
ERROR Enemy transform component is null!
ERROR Enemy transform component is null!
ERROR Enemy transform component is null!
ERROR Enemy transform component is null!
ERROR Enemy transform component is null!
ERROR Enemy transform component is null!
ERROR Enemy transform component is null!
ERROR Enemy transform component is null!
ERROR Enemy transform component is null!
ERROR Enemy transform component is null!
ERROR Enemy transform component is null!
ERROR Enemy transform component is null!
ERROR Enemy transform component is null!
ERROR Enemy transform component is null!
ERROR Enemy transform component is null!
ERROR Enemy transform component is null!
ERROR Enemy transform component is null!
ERROR Enemy transform component is null!
ERROR Enemy transform component is null!
ERROR Enemy transform component is null!
ERROR Enemy transform component is null!
ERROR Enemy transform component is null!
ERROR Enemy transform component is null!
ERROR Enemy transform component is null!
ERROR Enemy transform component is null!
ERROR Enemy transform component is null!
ERROR Enemy transform component is null!
ERROR Enemy transform component is null!
ERROR Enemy transform component is null!
ERROR Enemy transform component is null!
ERROR Enemy transform component is null!
ERROR Enemy transform component is null!
ERROR Enemy transform component is null!
ERROR Enemy transform component is null!
ERROR Enemy transform component is null!
ERROR Enemy transform component is null!
ERROR Enemy transform component is null!
ERROR Enemy transform component is null!
ERROR Enemy transform component is null!
ERROR Enemy transform component is null!
ERROR Enemy transform component is null!
ERROR Enemy transform component is null!
ERROR Enemy transform component is null!
ERROR Enemy transform component is null!
ERROR Enemy transform component is null!
ERROR Enemy transform component is null!
ERROR Enemy transform component is null!
ERROR Enemy transform component is null!
ERROR Enemy transform component is null!
ERROR Enemy transform component is null!
ERROR Enemy transform component is null!
ERROR Enemy transform component is null!
ERROR Enemy transform component is null!
ERROR Enemy transform component is null!
ERROR Enemy transform component is null!
ERROR Enemy transform component is null!
ERROR Enemy transform component is null!
ERROR Enemy transform component is null!
ERROR Enemy transform component is null!
ERROR Enemy transform component is null!
ERROR Enemy transform component is null!
ERROR Enemy transform component is null!
ERROR Enemy transform component is null!
ERROR Enemy transform component is null!
ERROR Enemy transform component is null!
ERROR Enemy transform component is null!
ERROR Enemy transform component is null!
ERROR Enemy transform component is null!
ERROR Enemy transform component is null!
ERROR Enemy transform component is null!
ERROR Enemy transform component is null!
ERROR Enemy transform component is null!
ERROR Enemy transform component is null!
ERROR Enemy transform component is null!
ERROR Enemy transform component is null!
ERROR Enemy transform component is null!
ERROR Enemy transform component is null!
ERROR Enemy transform component is null!
ERROR Enemy transform component is null!
ERROR Enemy transform component is null!
ERROR Enemy transform component is null!
ERROR Enemy transform component is null!
ERROR Enemy transform component is null!
ERROR Enemy transform component is null!
ERROR Enemy transform component is null!
ERROR Enemy transform component is null!
ERROR Enemy transform component is null!
ERROR Enemy transform component is null!
ERROR Enemy transform component is null!
ERROR Enemy transform component is null!
ERROR Enemy transform component is null!
ERROR Enemy transform component is null!
ERROR Enemy transform component is null!
ERROR Enemy transform component is null!
ERROR Enemy transform component is null!
ERROR Enemy transform component is null!
ERROR Enemy transform component is null!
ERROR Enemy transform component is null!
ERROR Enemy transform component is null!
ERROR Enemy transform component is null!
ERROR Enemy transform component is null!
ERROR Enemy transform component is null!
ERROR Enemy transform component is null!
ERROR Enemy transform component is null!
ERROR Enemy transform component is null!
ERROR Enemy transform component is null!
ERROR Enemy transform component is null!
ERROR Enemy transform component is null!
ERROR Enemy transform component is null!
ERROR Enemy transform component is null!
ERROR Enemy transform component is null!
ERROR Enemy transform component is null!
ERROR Enemy transform component is null!
ERROR Enemy transform component is null!
ERROR Enemy transform component is null!
ERROR Enemy transform component is null!
ERROR Enemy transform component is null!
ERROR Enemy transform component is null!
ERROR Enemy transform component is null!
ERROR Enemy transform component is null!
ERROR Enemy transform component is null!
ERROR Enemy transform component is null!
ERROR Enemy transform component is null!
ERROR Enemy transform component is null!
ERROR Enemy transform component is null!
ERROR Enemy transform component is null!
ERROR Enemy transform component is null!
ERROR Enemy transform component is null!
ERROR Enemy transform component is null!
ERROR Enemy transform component is null!
ERROR Enemy transform component is null!
ERROR Enemy transform component is null!
ERROR Enemy transform component is null!
ERROR Enemy transform component is null!
ERROR Enemy transform component is null!
ERROR Enemy transform component is null!
ERROR Enemy transform component is null!
ERROR Enemy transform component is null!
ERROR Enemy transform component is null!
ERROR Enemy transform component is null!
ERROR Enemy transform component is null!
ERROR Enemy transform component is null!
ERROR Enemy transform component is null!
ERROR Enemy transform component is null!
ERROR Enemy transform component is null!
ERROR Enemy transform component is null!
ERROR Enemy transform component is null!
ERROR Enemy transform component is null!
ERROR Enemy transform component is null!
ERROR Enemy transform component is null!
ERROR Enemy transform component is null!
ERROR Enemy transform component is null!
ERROR Enemy transform component is null!
ERROR Enemy transform component is null!
ERROR Enemy transform component is null!
ERROR Enemy transform component is null!
ERROR Enemy transform component is null!
ERROR Enemy transform component is null!
ERROR Enemy transform component is null!
ERROR Enemy transform component is null!
ERROR Enemy transform component is null!
ERROR Enemy transform component is null!
ERROR Enemy transform component is null!
ERROR Enemy transform component is null!
ERROR Enemy transform component is null!
ERROR Enemy transform component is null!
ERROR Enemy transform component is null!
ERROR Enemy transform component is null!
ERROR Enemy transform component is null!
ERROR Enemy transform component is null!
ERROR Enemy transform component is null!
ERROR Enemy transform component is null!
ERROR Enemy transform component is null!
ERROR Enemy transform component is null!
ERROR Enemy transform component is null!
ERROR Enemy transform component is null!
ERROR Enemy transform component is null!
ERROR Enemy transform component is null!
ERROR Enemy transform component is null!
ERROR Enemy transform component is null!
ERROR Enemy transform component is null!
ERROR Enemy transform component is null!
ERROR Enemy transform component is null!
ERROR Enemy transform component is null!
ERROR Enemy transform component is null!
ERROR Enemy transform component is null!
ERROR Enemy transform component is null!
ERROR Enemy transform component is null!
ERROR Enemy transform component is null!
ERROR Enemy transform component is null!
ERROR Enemy transform component is null!
ERROR Enemy transform component is null!
ERROR Enemy transform component is null!
ERROR Enemy transform component is null!
ERROR Enemy transform component is null!
ERROR Enemy transform component is null!
ERROR Enemy transform component is null!
ERROR Enemy transform component is null!
ERROR Enemy transform component is null!
ERROR Enemy transform component is null!
ERROR Enemy transform component is null!
ERROR Enemy transform component is null!
ERROR Enemy transform component is null!
ERROR Enemy transform component is null!
ERROR Enemy transform component is null!
ERROR Enemy transform component is null!
ERROR Enemy transform component is null!
ERROR Enemy transform component is null!
ERROR Enemy transform component is null!
ERROR Enemy transform component is null!
ERROR Enemy transform component is null!
ERROR Enemy transform component is null!
ERROR Enemy transform component is null!
ERROR Enemy transform component is null!
ERROR Enemy transform component is null!
ERROR Enemy transform component is null!
ERROR Enemy transform component is null!
ERROR Enemy transform component is null!
ERROR Enemy transform component is null!
ERROR Enemy transform component is null!
ERROR Enemy transform component is null!
ERROR Enemy transform component is null!
ERROR Enemy transform component is null!
ERROR Enemy transform component is null!
ERROR Enemy transform component is null!
ERROR Enemy transform component is null!
ERROR Enemy transform component is null!
ERROR Enemy transform component is null!
ERROR Enemy transform component is null!
ERROR Enemy transform component is null!
ERROR Enemy transform component is null!
ERROR Enemy transform component is null!
ERROR Enemy transform component is null!
ERROR Enemy transform component is null!
ERROR Enemy transform component is null!
ERROR Enemy transform component is null!
ERROR Enemy transform component is null!
ERROR Enemy transform component is null!
ERROR Enemy transform component is null!
ERROR Enemy transform component is null!
ERROR Enemy transform component is null!
ERROR Enemy transform component is null!
ERROR Enemy transform component is null!
ERROR Enemy transform component is null!
ERROR Enemy transform component is null!
ERROR Enemy transform component is null!
ERROR Enemy transform component is null!
ERROR Enemy transform component is null!
ERROR Enemy transform component is null!
ERROR Enemy transform component is null!
ERROR Enemy transform component is null!
ERROR Enemy transform component is null!
ERROR Enemy transform component is null!
ERROR Enemy transform component is null!
ERROR Enemy transform component is null!
ERROR Enemy transform component is null!
ERROR Enemy transform component is null!
ERROR Enemy transform component is null!
ERROR Enemy transform component is null!
ERROR Enemy transform component is null!
ERROR Enemy transform component is null!
ERROR Enemy transform component is null!
ERROR Enemy transform component is null!
ERROR Enemy transform component is null!
ERROR Enemy transform component is null!
ERROR Enemy transform component is null!
ERROR Enemy transform component is null!
ERROR Enemy transform component is null!
ERROR Enemy transform component is null!
ERROR Enemy transform component is null!
ERROR Enemy transform component is null!
ERROR Enemy transform component is null!
ERROR Enemy transform component is null!
ERROR Enemy transform component is null!
ERROR Enemy transform component is null!
ERROR Enemy transform component is null!
ERROR Enemy transform component is null!
ERROR Enemy transform component is null!
ERROR Enemy transform component is null!
ERROR Enemy transform component is null!
ERROR Enemy transform component is null!
ERROR Enemy transform component is null!
ERROR Enemy transform component is null!
ERROR Enemy transform component is null!
ERROR Enemy transform component is null!
ERROR Enemy transform component is null!
ERROR Enemy transform component is null!
ERROR Enemy transform component is null!
ERROR Enemy transform component is null!
ERROR Enemy transform component is null!
ERROR Enemy transform component is null!
ERROR Enemy transform component is null!
ERROR Enemy transform component is null!
ERROR Enemy transform component is null!
ERROR Enemy transform component is null!
ERROR Enemy transform component is null!
ERROR Enemy transform component is null!
ERROR Enemy transform component is null!
ERROR Enemy transform component is null!
ERROR Enemy transform component is null!
ERROR Enemy transform component is null!
ERROR Enemy transform component is null!
ERROR Enemy transform component is null!
ERROR Enemy transform component is null!
ERROR Enemy transform component is null!
ERROR Enemy transform component is null!
ERROR Enemy transform component is null!
ERROR Enemy transform component is null!
ERROR Enemy transform component is null!
ERROR Enemy transform component is null!
ERROR Enemy transform component is null!
ERROR Enemy transform component is null!
ERROR Enemy transform component is null!
ERROR Enemy transform component is null!
ERROR Enemy transform component is null!
ERROR Enemy transform component is null!
ERROR Enemy transform component is null!
ERROR Enemy transform component is null!
ERROR Enemy transform component is null!
ERROR Enemy transform component is null!
ERROR Enemy transform component is null!
ERROR Enemy transform component is null!
ERROR Enemy transform component is null!
ERROR Enemy transform component is null!
ERROR Enemy transform component is null!
ERROR Enemy transform component is null!
ERROR Enemy transform component is null!
ERROR Enemy transform component is null!
ERROR Enemy transform component is null!
ERROR Enemy transform component is null!
ERROR Enemy transform component is null!
ERROR Enemy transform component is null!
ERROR Enemy transform component is null!
ERROR Enemy transform component is null!
ERROR Enemy transform component is null!
ERROR Enemy transform component is null!
ERROR Enemy transform component is null!
ERROR Enemy transform component is null!
ERROR Enemy transform component is null!
ERROR Enemy transform component is null!
ERROR Enemy transform component is null!
ERROR Enemy transform component is null!
ERROR Enemy transform component is null!
ERROR Enemy transform component is null!
ERROR Enemy transform component is null!
ERROR Enemy transform component is null!
ERROR Enemy transform component is null!
ERROR Enemy transform component is null!
ERROR Enemy transform component is null!
ERROR Enemy transform component is null!
ERROR Enemy transform component is null!
ERROR Enemy transform component is null!
ERROR Enemy transform component is null!
ERROR Enemy transform component is null!
ERROR Enemy transform component is null!
ERROR Enemy transform component is null!
ERROR Enemy transform component is null!
ERROR Enemy transform component is null!
ERROR Enemy transform component is null!
ERROR Enemy transform component is null!
ERROR Enemy transform component is null!
ERROR Enemy transform component is null!
ERROR Enemy transform component is null!
ERROR Enemy transform component is null!
ERROR Enemy transform component is null!
ERROR Enemy transform component is null!
ERROR Enemy transform component is null!
ERROR Enemy transform component is null!
ERROR Enemy transform component is null!
ERROR Enemy transform component is null!
ERROR Enemy transform component is null!
ERROR Enemy transform component is null!
ERROR Enemy transform component is null!
ERROR Enemy transform component is null!
ERROR Enemy transform component is null!
ERROR Enemy transform component is null!
ERROR Enemy transform component is null!
ERROR Enemy transform component is null!
ERROR Enemy transform component is null!
ERROR Enemy transform component is null!
ERROR Enemy transform component is null!
ERROR Enemy transform component is null!
ERROR Enemy transform component is null!
ERROR Enemy transform component is null!
ERROR Enemy transform component is null!
ERROR Enemy transform component is null!
ERROR Enemy transform component is null!
ERROR Enemy transform component is null!
ERROR Enemy transform component is null!
ERROR Enemy transform component is null!
ERROR Enemy transform component is null!
ERROR Enemy transform component is null!
ERROR Enemy transform component is null!
ERROR Enemy transform component is null!
ERROR Enemy transform component is null!
ERROR Enemy transform component is null!
ERROR Enemy transform component is null!
ERROR Enemy transform component is null!
ERROR Enemy transform component is null!
ERROR Enemy transform component is null!
ERROR Enemy transform component is null!
ERROR Enemy transform component is null!
ERROR Enemy transform component is null!
ERROR Enemy transform component is null!
ERROR Enemy transform component is null!
ERROR Enemy transform component is null!
ERROR Enemy transform component is null!
ERROR Enemy transform component is null!
ERROR Enemy transform component is null!
ERROR Enemy transform component is null!
ERROR Enemy transform component is null!
ERROR Enemy transform component is null!
ERROR Enemy transform component is null!
ERROR Enemy transform component is null!
ERROR Enemy transform component is null!
ERROR Enemy transform component is null!
ERROR Enemy transform component is null!
ERROR Enemy transform component is null!
ERROR Enemy transform component is null!
ERROR Enemy transform component is null!
ERROR Enemy transform component is null!
ERROR Enemy transform component is null!
ERROR Enemy transform component is null!
ERROR Enemy transform component is null!
ERROR Enemy transform component is null!
ERROR Enemy transform component is null!
ERROR Enemy transform component is null!
ERROR Enemy transform component is null!
ERROR Enemy transform component is null!
ERROR Enemy transform component is null!
ERROR Enemy transform component is null!
ERROR Enemy transform component is null!
ERROR Enemy transform component is null!
ERROR Enemy transform component is null!
ERROR Enemy transform component is null!
ERROR Enemy transform component is null!
ERROR Enemy transform component is null!
ERROR Enemy transform component is null!
ERROR Enemy transform component is null!
ERROR Enemy transform component is null!
ERROR Enemy transform component is null!
ERROR Enemy transform component is null!
ERROR Enemy transform component is null!
ERROR Enemy transform component is null!
ERROR Enemy transform component is null!
ERROR Enemy transform component is null!
ERROR Enemy transform component is null!
ERROR Enemy transform component is null!
ERROR Enemy transform component is null!
ERROR Enemy transform component is null!
ERROR Enemy transform component is null!
ERROR Enemy transform component is null!
ERROR Enemy transform component is null!
ERROR Enemy transform component is null!
ERROR Enemy transform component is null!
ERROR Enemy transform component is null!
ERROR Enemy transform component is null!
ERROR Enemy transform component is null!
ERROR Enemy transform component is null!
ERROR Enemy transform component is null!
ERROR Enemy transform component is null!
ERROR Enemy transform component is null!
ERROR Enemy transform component is null!
ERROR Enemy transform component is null!
ERROR Enemy transform component is null!
ERROR Enemy transform component is null!
ERROR Enemy transform component is null!
ERROR Enemy transform component is null!
ERROR Enemy transform component is null!
ERROR Enemy transform component is null!
ERROR Enemy transform component is null!
ERROR Enemy transform component is null!
ERROR Enemy transform component is null!
ERROR Enemy transform component is null!
ERROR Enemy transform component is null!
ERROR Enemy transform component is null!
ERROR Enemy transform component is null!
ERROR Enemy transform component is null!
ERROR Enemy transform component is null!
ERROR Enemy transform component is null!
ERROR Enemy transform component is null!
ERROR Enemy transform component is null!
ERROR Enemy transform component is null!
ERROR Enemy transform component is null!
ERROR Enemy transform component is null!
ERROR Enemy transform component is null!
ERROR Enemy transform component is null!
ERROR Enemy transform component is null!
ERROR Enemy transform component is null!
ERROR Enemy transform component is null!
ERROR Enemy transform component is null!
ERROR Enemy transform component is null!
ERROR Enemy transform component is null!
ERROR Enemy transform component is null!
ERROR Enemy transform component is null!
ERROR Enemy transform component is null!
ERROR Enemy transform component is null!
ERROR Enemy transform component is null!
ERROR Enemy transform component is null!
ERROR Enemy transform component is null!
ERROR Enemy transform component is null!
ERROR Enemy transform component is null!
ERROR Enemy transform component is null!
ERROR Enemy transform component is null!
ERROR Enemy transform component is null!
ERROR Enemy transform component is null!
ERROR Enemy transform component is null!
ERROR Enemy transform component is null!
ERROR Enemy transform component is null!
ERROR Enemy transform component is null!
ERROR Enemy transform component is null!
ERROR Enemy transform component is null!
ERROR Enemy transform component is null!
ERROR Enemy transform component is null!
ERROR Enemy transform component is null!
ERROR Enemy transform component is null!
ERROR Enemy transform component is null!
ERROR Enemy transform component is null!
ERROR Enemy transform component is null!
ERROR Enemy transform component is null!
ERROR Enemy transform component is null!
ERROR Enemy transform component is null!
ERROR Enemy transform component is null!
ERROR Enemy transform component is null!
ERROR Enemy transform component is null!
ERROR Enemy transform component is null!
ERROR Enemy transform component is null!
ERROR Enemy transform component is null!
ERROR Enemy transform component is null!
ERROR Enemy transform component is null!
ERROR Enemy transform component is null!
ERROR Enemy transform component is null!
ERROR Enemy transform component is null!
ERROR Enemy transform component is null!
ERROR Enemy transform component is null!
ERROR Enemy transform component is null!
ERROR Enemy transform component is null!
ERROR Enemy transform component is null!
ERROR Enemy transform component is null!
ERROR Enemy transform component is null!
ERROR Enemy transform component is null!
ERROR Enemy transform component is null!
ERROR Enemy transform component is null!
ERROR Enemy transform component is null!
ERROR Enemy transform component is null!
ERROR Enemy transform component is null!
ERROR Enemy transform component is null!
ERROR Enemy transform component is null!
ERROR Enemy transform component is null!
ERROR Enemy transform component is null!
ERROR Enemy transform component is null!
ERROR Enemy transform component is null!
ERROR Enemy transform component is null!
ERROR Enemy transform component is null!
ERROR Enemy transform component is null!
ERROR Enemy transform component is null!
ERROR Enemy transform component is null!
ERROR Enemy transform component is null!
ERROR Enemy transform component is null!
ERROR Enemy transform component is null!
ERROR Enemy transform component is null!
ERROR Enemy transform component is null!
ERROR Enemy transform component is null!
ERROR Enemy transform component is null!
ERROR Enemy transform component is null!
ERROR Enemy transform component is null!
ERROR Enemy transform component is null!
ERROR Enemy transform component is null!
ERROR Enemy transform component is null!
ERROR Enemy transform component is null!
ERROR Enemy transform component is null!
ERROR Enemy transform component is null!
ERROR Enemy transform component is null!
ERROR Enemy transform component is null!
ERROR Enemy transform component is null!
ERROR Enemy transform component is null!
ERROR Enemy transform component is null!
ERROR Enemy transform component is null!
ERROR Enemy transform component is null!
ERROR Enemy transform component is null!
ERROR Enemy transform component is null!
ERROR Enemy transform component is null!
ERROR Enemy transform component is null!
ERROR Enemy transform component is null!
ERROR Enemy transform component is null!
ERROR Enemy transform component is null!
ERROR Enemy transform component is null!
ERROR Enemy transform component is null!
ERROR Enemy transform component is null!
ERROR Enemy transform component is null!
ERROR Enemy transform component is null!
ERROR Enemy transform component is null!
ERROR Enemy transform component is null!
ERROR Enemy transform component is null!
ERROR Enemy transform component is null!
ERROR Enemy transform component is null!
ERROR Enemy transform component is null!
ERROR Enemy transform component is null!
ERROR Enemy transform component is null!
ERROR Enemy transform component is null!
ERROR Enemy transform component is null!
ERROR Enemy transform component is null!
ERROR Enemy transform component is null!
ERROR Enemy transform component is null!
ERROR Enemy transform component is null!
ERROR Enemy transform component is null!
ERROR Enemy transform component is null!
ERROR Enemy transform component is null!
ERROR Enemy transform component is null!
ERROR Enemy transform component is null!
ERROR Enemy transform component is null!
ERROR Enemy transform component is null!
ERROR Enemy transform component is null!
ERROR Enemy transform component is null!
ERROR Enemy transform component is null!
ERROR Enemy transform component is null!
ERROR Enemy transform component is null!
ERROR Enemy transform component is null!
ERROR Enemy transform component is null!
ERROR Enemy transform component is null!
ERROR Enemy transform component is null!
ERROR Enemy transform component is null!
ERROR Enemy transform component is null!
ERROR Enemy transform component is null!
ERROR Enemy transform component is null!
ERROR Enemy transform component is null!
ERROR Enemy transform component is null!
ERROR Enemy transform component is null!
ERROR Enemy transform component is null!
ERROR Enemy transform component is null!
ERROR Enemy transform component is null!
ERROR Enemy transform component is null!
ERROR Enemy transform component is null!
ERROR Enemy transform component is null!
ERROR Enemy transform component is null!
ERROR Enemy transform component is null!
ERROR Enemy transform component is null!
ERROR Enemy transform component is null!
ERROR Enemy transform component is null!
ERROR Enemy transform component is null!
ERROR Enemy transform component is null!
ERROR Enemy transform component is null!
ERROR Enemy transform component is null!
ERROR Enemy transform component is null!
ERROR Enemy transform component is null!
ERROR Enemy transform component is null!
ERROR Enemy transform component is null!
ERROR Enemy transform component is null!
ERROR Enemy transform component is null!
ERROR Enemy transform component is null!
ERROR Enemy transform component is null!
ERROR Enemy transform component is null!
ERROR Enemy transform component is null!
ERROR Enemy transform component is null!
ERROR Enemy transform component is null!
ERROR Enemy transform component is null!
ERROR Enemy transform component is null!
ERROR Enemy transform component is null!
ERROR Enemy transform component is null!
ERROR Enemy transform component is null!
ERROR Enemy transform component is null!
ERROR Enemy transform component is null!
ERROR Enemy transform component is null!
ERROR Enemy transform component is null!
ERROR Enemy transform component is null!
ERROR Enemy transform component is null!
ERROR Enemy transform component is null!
ERROR Enemy transform component is null!
ERROR Enemy transform component is null!
ERROR Enemy transform component is null!
ERROR Enemy transform component is null!
ERROR Enemy transform component is null!
ERROR Enemy transform component is null!
ERROR Enemy transform component is null!
ERROR Enemy transform component is null!
ERROR Enemy transform component is null!
ERROR Enemy transform component is null!
ERROR Enemy transform component is null!
ERROR Enemy transform component is null!
ERROR Enemy transform component is null!
ERROR Enemy transform component is null!
ERROR Enemy transform component is null!
ERROR Enemy transform component is null!
ERROR Enemy transform component is null!
ERROR Enemy transform component is null!
ERROR Enemy transform component is null!
ERROR Enemy transform component is null!
ERROR Enemy transform component is null!
ERROR Enemy transform component is null!
ERROR Enemy transform component is null!
ERROR Enemy transform component is null!
ERROR Enemy transform component is null!
ERROR Enemy transform component is null!
ERROR Enemy transform component is null!
ERROR Enemy transform component is null!
ERROR Enemy transform component is null!
ERROR Enemy transform component is null!
ERROR Enemy transform component is null!
ERROR Enemy transform component is null!
ERROR Enemy transform component is null!
ERROR Enemy transform component is null!
ERROR Enemy transform component is null!
ERROR Enemy transform component is null!
ERROR Enemy transform component is null!
ERROR Enemy transform component is null!
ERROR Enemy transform component is null!
ERROR Enemy transform component is null!
ERROR Enemy transform component is null!
ERROR Enemy transform component is null!
ERROR Enemy transform component is null!
ERROR Enemy transform component is null!
ERROR Enemy transform component is null!
ERROR Enemy transform component is null!
ERROR Enemy transform component is null!
ERROR Enemy transform component is null!
ERROR Enemy transform component is null!
ERROR Enemy transform component is null!
ERROR Enemy transform component is null!
ERROR Enemy transform component is null!
ERROR Enemy transform component is null!
ERROR Enemy transform component is null!
ERROR Enemy transform component is null!
ERROR Enemy transform component is null!
ERROR Enemy transform component is null!
ERROR Enemy transform component is null!
ERROR Enemy transform component is null!
ERROR Enemy transform component is null!
ERROR Enemy transform component is null!
ERROR Enemy transform component is null!
ERROR Enemy transform component is null!
ERROR Enemy transform component is null!
ERROR Enemy transform component is null!
ERROR Enemy transform component is null!
ERROR Enemy transform component is null!
ERROR Enemy transform component is null!
ERROR Enemy transform component is null!
ERROR Enemy transform component is null!
ERROR Enemy transform component is null!
ERROR Enemy transform component is null!
ERROR Enemy transform component is null!
ERROR Enemy transform component is null!
ERROR Enemy transform component is null!
ERROR Enemy transform component is null!
ERROR Enemy transform component is null!
ERROR Enemy transform component is null!
ERROR Enemy transform component is null!
ERROR Enemy transform component is null!
ERROR Enemy transform component is null!
ERROR Enemy transform component is null!
ERROR Enemy transform component is null!
ERROR Enemy transform component is null!
ERROR Enemy transform component is null!
ERROR Enemy transform component is null!
ERROR Enemy transform component is null!
ERROR Enemy transform component is null!
ERROR Enemy transform component is null!
ERROR Enemy transform component is null!
ERROR Enemy transform component is null!
ERROR Enemy transform component is null!
ERROR Enemy transform component is null!
ERROR Enemy transform component is null!
ERROR Enemy transform component is null!
ERROR Enemy transform component is null!
ERROR Enemy transform component is null!
ERROR Enemy transform component is null!
ERROR Enemy transform component is null!
ERROR Enemy transform component is null!
ERROR Enemy transform component is null!
ERROR Enemy transform component is null!
ERROR Enemy transform component is null!
ERROR Enemy transform component is null!
ERROR Enemy transform component is null!
ERROR Enemy transform component is null!
ERROR Enemy transform component is null!
ERROR Enemy transform component is null!
ERROR Enemy transform component is null!
ERROR Enemy transform component is null!
ERROR Enemy transform component is null!
ERROR Enemy transform component is null!
ERROR Enemy transform component is null!
ERROR Enemy transform component is null!
ERROR Enemy transform component is null!
ERROR Enemy transform component is null!
ERROR Enemy transform component is null!
ERROR Enemy transform component is null!
ERROR Enemy transform component is null!
ERROR Enemy transform component is null!
ERROR Enemy transform component is null!
ERROR Enemy transform component is null!
ERROR Enemy transform component is null!
ERROR Enemy transform component is null!
ERROR Enemy transform component is null!
ERROR Enemy transform component is null!
ERROR Enemy transform component is null!
ERROR Enemy transform component is null!
ERROR Enemy transform component is null!
ERROR Enemy transform component is null!
ERROR Enemy transform component is null!
ERROR Enemy transform component is null!
ERROR Enemy transform component is null!
ERROR Enemy transform component is null!
ERROR Enemy transform component is null!
ERROR Enemy transform component is null!
ERROR Enemy transform component is null!
ERROR Enemy transform component is null!
ERROR Enemy transform component is null!
ERROR Enemy transform component is null!
ERROR Enemy transform component is null!
ERROR Enemy transform component is null!
ERROR Enemy transform component is null!
ERROR Enemy transform component is null!
ERROR Enemy transform component is null!
ERROR Enemy transform component is null!
ERROR Enemy transform component is null!
ERROR Enemy transform component is null!
ERROR Enemy transform component is null!
ERROR Enemy transform component is null!
ERROR Enemy transform component is null!
ERROR Enemy transform component is null!
ERROR Enemy transform component is null!
ERROR Enemy transform component is null!
ERROR Enemy transform component is null!
ERROR Enemy transform component is null!
ERROR Enemy transform component is null!
ERROR Enemy transform component is null!
ERROR Enemy transform component is null!
ERROR Enemy transform component is null!
ERROR Enemy transform component is null!
ERROR Enemy transform component is null!
ERROR Enemy transform component is null!
ERROR Enemy transform component is null!
ERROR Enemy transform component is null!
ERROR Enemy transform component is null!
ERROR Enemy transform component is null!
ERROR Enemy transform component is null!
ERROR Enemy transform component is null!
ERROR Enemy transform component is null!
ERROR Enemy transform component is null!
ERROR Enemy transform component is null!
ERROR Enemy transform component is null!
ERROR Enemy transform component is null!
ERROR Enemy transform component is null!
ERROR Enemy transform component is null!
ERROR Enemy transform component is null!
ERROR Enemy transform component is null!
ERROR Enemy transform component is null!
ERROR Enemy transform component is null!
ERROR Enemy transform component is null!
ERROR Enemy transform component is null!
ERROR Enemy transform component is null!
ERROR Enemy transform component is null!
ERROR Enemy transform component is null!
ERROR Enemy transform component is null!
ERROR Enemy transform component is null!
ERROR Enemy transform component is null!
ERROR Enemy transform component is null!
ERROR Enemy transform component is null!
ERROR Enemy transform component is null!
ERROR Enemy transform component is null!
ERROR Enemy transform component is null!
ERROR Enemy transform component is null!
ERROR Enemy transform component is null!
ERROR Enemy transform component is null!
ERROR Enemy transform component is null!
ERROR Enemy transform component is null!
ERROR Enemy transform component is null!
ERROR Enemy transform component is null!
ERROR Enemy transform component is null!
ERROR Enemy transform component is null!
ERROR Enemy transform component is null!
ERROR Enemy transform component is null!
ERROR Enemy transform component is null!
ERROR Enemy transform component is null!
ERROR Enemy transform component is null!
ERROR Enemy transform component is null!
ERROR Enemy transform component is null!
ERROR Enemy transform component is null!
ERROR Enemy transform component is null!
ERROR Enemy transform component is null!
ERROR Enemy transform component is null!
ERROR Enemy transform component is null!
ERROR Enemy transform component is null!
ERROR Enemy transform component is null!
ERROR Enemy transform component is null!
ERROR Enemy transform component is null!
ERROR Enemy transform component is null!
ERROR Enemy transform component is null!
ERROR Enemy transform component is null!
ERROR Enemy transform component is null!
ERROR Enemy transform component is null!
ERROR Enemy transform component is null!
ERROR Enemy transform component is null!
ERROR Enemy transform component is null!
ERROR Enemy transform component is null!
ERROR Enemy transform component is null!
ERROR Enemy transform component is null!
ERROR Enemy transform component is null!
ERROR Enemy transform component is null!
ERROR Enemy transform component is null!
ERROR Enemy transform component is null!
ERROR Enemy transform component is null!
ERROR Enemy transform component is null!
ERROR Enemy transform component is null!
ERROR Enemy transform component is null!
ERROR Enemy transform component is null!
ERROR Enemy transform component is null!
ERROR Enemy transform component is null!
ERROR Enemy transform component is null!
ERROR Enemy transform component is null!
ERROR Enemy transform component is null!
ERROR Enemy transform component is null!
ERROR Enemy transform component is null!
ERROR Enemy transform component is null!
ERROR Enemy transform component is null!
ERROR Enemy transform component is null!
ERROR Enemy transform component is null!
ERROR Enemy transform component is null!
ERROR Enemy transform component is null!
ERROR Enemy transform component is null!
ERROR Enemy transform component is null!
ERROR Enemy transform component is null!
ERROR Enemy transform component is null!
ERROR Enemy transform component is null!
ERROR Enemy transform component is null!
ERROR Enemy transform component is null!
ERROR Enemy transform component is null!
ERROR Enemy transform component is null!
ERROR Enemy transform component is null!
ERROR Enemy transform component is null!
ERROR Enemy transform component is null!
ERROR Enemy transform component is null!
ERROR Enemy transform component is null!
ERROR Enemy transform component is null!
ERROR Enemy transform component is null!
ERROR Enemy transform component is null!
ERROR Enemy transform component is null!
ERROR Enemy transform component is null!
ERROR Enemy transform component is null!
ERROR Enemy transform component is null!
ERROR Enemy transform component is null!
ERROR Enemy transform component is null!
ERROR Enemy transform component is null!
ERROR Enemy transform component is null!
ERROR Enemy transform component is null!
ERROR Enemy transform component is null!
ERROR Enemy transform component is null!
ERROR Enemy transform component is null!
ERROR Enemy transform component is null!
ERROR Enemy transform component is null!
ERROR Enemy transform component is null!
ERROR Enemy transform component is null!
ERROR Enemy transform component is null!
ERROR Enemy transform component is null!
ERROR Enemy transform component is null!
ERROR Enemy transform component is null!
ERROR Enemy transform component is null!
ERROR Enemy transform component is null!
ERROR Enemy transform component is null!
ERROR Enemy transform component is null!
ERROR Enemy transform component is null!
ERROR Enemy transform component is null!
ERROR Enemy transform component is null!
ERROR Enemy transform component is null!
ERROR Enemy transform component is null!
ERROR Enemy transform component is null!
ERROR Enemy transform component is null!
ERROR Enemy transform component is null!
ERROR Enemy transform component is null!
ERROR Enemy transform component is null!
ERROR Enemy transform component is null!
ERROR Enemy transform component is null!
ERROR Enemy transform component is null!
ERROR Enemy transform component is null!
ERROR Enemy transform component is null!
ERROR Enemy transform component is null!
ERROR Enemy transform component is null!
ERROR Enemy transform component is null!
ERROR Enemy transform component is null!
ERROR Enemy transform component is null!
ERROR Enemy transform component is null!
ERROR Enemy transform component is null!
ERROR Enemy transform component is null!
ERROR Enemy transform component is null!
ERROR Enemy transform component is null!
ERROR Enemy transform component is null!
ERROR Enemy transform component is null!
ERROR Enemy transform component is null!
ERROR Enemy transform component is null!
ERROR Enemy transform component is null!
ERROR Enemy transform component is null!
ERROR Enemy transform component is null!
ERROR Enemy transform component is null!
ERROR Enemy transform component is null!
ERROR Enemy transform component is null!
ERROR Enemy transform component is null!
ERROR Enemy transform component is null!
ERROR Enemy transform component is null!
ERROR Enemy transform component is null!
ERROR Enemy transform component is null!
ERROR Enemy transform component is null!
ERROR Enemy transform component is null!
ERROR Enemy transform component is null!
ERROR Enemy transform component is null!
ERROR Enemy transform component is null!
ERROR Enemy transform component is null!
ERROR Enemy transform component is null!
ERROR Enemy transform component is null!
ERROR Enemy transform component is null!
ERROR Enemy transform component is null!
ERROR Enemy transform component is null!
ERROR Enemy transform component is null!
ERROR Enemy transform component is null!
ERROR Enemy transform component is null!
ERROR Enemy transform component is null!
ERROR Enemy transform component is null!
ERROR Enemy transform component is null!
ERROR Enemy transform component is null!
ERROR Enemy transform component is null!
ERROR Enemy transform component is null!
ERROR Enemy transform component is null!
ERROR Enemy transform component is null!
ERROR Enemy transform component is null!
ERROR Enemy transform component is null!
ERROR Enemy transform component is null!
ERROR Enemy transform component is null!
ERROR Enemy transform component is null!
ERROR Enemy transform component is null!
ERROR Enemy transform component is null!
ERROR Enemy transform component is null!
ERROR Enemy transform component is null!
ERROR Enemy transform component is null!
ERROR Enemy transform component is null!
ERROR Enemy transform component is null!
ERROR Enemy transform component is null!
ERROR Enemy transform component is null!
ERROR Enemy transform component is null!
ERROR Enemy transform component is null!
ERROR Enemy transform component is null!
ERROR Enemy transform component is null!
ERROR Enemy transform component is null!
ERROR Enemy transform component is null!
ERROR Enemy transform component is null!
ERROR Enemy transform component is null!
ERROR Enemy transform component is null!
ERROR Enemy transform component is null!
ERROR Enemy transform component is null!
ERROR Enemy transform component is null!
ERROR Enemy transform component is null!
ERROR Enemy transform component is null!
ERROR Enemy transform component is null!
ERROR Enemy transform component is null!
ERROR Enemy transform component is null!
ERROR Enemy transform component is null!
ERROR Enemy transform component is null!
ERROR Enemy transform component is null!
ERROR Enemy transform component is null!
ERROR Enemy transform component is null!
ERROR Enemy transform component is null!
ERROR Enemy transform component is null!
ERROR Enemy transform component is null!
ERROR Enemy transform component is null!
ERROR Enemy transform component is null!
ERROR Enemy transform component is null!
ERROR Enemy transform component is null!
ERROR Enemy transform component is null!
ERROR Enemy transform component is null!
ERROR Enemy transform component is null!
ERROR Enemy transform component is null!
ERROR Enemy transform component is null!
ERROR Enemy transform component is null!
ERROR Enemy transform component is null!
ERROR Enemy transform component is null!
ERROR Enemy transform component is null!
ERROR Enemy transform component is null!
ERROR Enemy transform component is null!
ERROR Enemy transform component is null!
ERROR Enemy transform component is null!
ERROR Enemy transform component is null!
ERROR Enemy transform component is null!
ERROR Enemy transform component is null!
ERROR Enemy transform component is null!
ERROR Enemy transform component is null!
ERROR Enemy transform component is null!
ERROR Enemy transform component is null!
ERROR Enemy transform component is null!
ERROR Enemy transform component is null!
ERROR Enemy transform component is null!
ERROR Enemy transform component is null!
ERROR Enemy transform component is null!
ERROR Enemy transform component is null!
ERROR Enemy transform component is null!
ERROR Enemy transform component is null!
ERROR Enemy transform component is null!
ERROR Enemy transform component is null!
ERROR Enemy transform component is null!
ERROR Enemy transform component is null!
ERROR Enemy transform component is null!
ERROR Enemy transform component is null!
ERROR Enemy transform component is null!
ERROR Enemy transform component is null!
ERROR Enemy transform component is null!
ERROR Enemy transform component is null!
ERROR Enemy transform component is null!
ERROR Enemy transform component is null!
ERROR Enemy transform component is null!
ERROR Enemy transform component is null!
ERROR Enemy transform component is null!
ERROR Enemy transform component is null!
ERROR Enemy transform component is null!
ERROR Enemy transform component is null!
ERROR Enemy transform component is null!
ERROR Enemy transform component is null!
ERROR Enemy transform component is null!
ERROR Enemy transform component is null!
ERROR Enemy transform component is null!
ERROR Enemy transform component is null!
ERROR Enemy transform component is null!
ERROR Enemy transform component is null!
ERROR Enemy transform component is null!
ERROR Enemy transform component is null!
ERROR Enemy transform component is null!
ERROR Enemy transform component is null!
ERROR Enemy transform component is null!
ERROR Enemy transform component is null!
ERROR Enemy transform component is null!
ERROR Enemy transform component is null!
ERROR Enemy transform component is null!
ERROR Enemy transform component is null!
ERROR Enemy transform component is null!
ERROR Enemy transform component is null!
ERROR Enemy transform component is null!
ERROR Enemy transform component is null!
ERROR Enemy transform component is null!
ERROR Enemy transform component is null!
ERROR Enemy transform component is null!
ERROR Enemy transform component is null!
ERROR Enemy transform component is null!
ERROR Enemy transform component is null!
ERROR Enemy transform component is null!
ERROR Enemy transform component is null!
ERROR Enemy transform component is null!
ERROR Enemy transform component is null!
ERROR Enemy transform component is null!
ERROR Enemy transform component is null!
ERROR Enemy transform component is null!
ERROR Enemy transform component is null!
ERROR Enemy transform component is null!
ERROR Enemy transform component is null!
ERROR Enemy transform component is null!
ERROR Enemy transform component is null!
ERROR Enemy transform component is null!
ERROR Enemy transform component is null!
ERROR Enemy transform component is null!
ERROR Enemy transform component is null!
ERROR Enemy transform component is null!
ERROR Enemy transform component is null!
ERROR Enemy transform component is null!
ERROR Enemy transform component is null!
ERROR Enemy transform component is null!
ERROR Enemy transform component is null!
ERROR Enemy transform component is null!
ERROR Enemy transform component is null!
ERROR Enemy transform component is null!
ERROR Enemy transform component is null!
ERROR Enemy transform component is null!
ERROR Enemy transform component is null!
ERROR Enemy transform component is null!
ERROR Enemy transform component is null!
ERROR Enemy transform component is null!
ERROR Enemy transform component is null!
ERROR Enemy transform component is null!
ERROR Enemy transform component is null!
ERROR Enemy transform component is null!
ERROR Enemy transform component is null!
ERROR Enemy transform component is null!
ERROR Enemy transform component is null!
ERROR Enemy transform component is null!
ERROR Enemy transform component is null!
ERROR Enemy transform component is null!
ERROR Enemy transform component is null!
ERROR Enemy transform component is null!
ERROR Enemy transform component is null!
ERROR Enemy transform component is null!
ERROR Enemy transform component is null!
ERROR Enemy transform component is null!
ERROR Enemy transform component is null!
ERROR Enemy transform component is null!
ERROR Enemy transform component is null!
ERROR Enemy transform component is null!
ERROR Enemy transform component is null!
ERROR Enemy transform component is null!
ERROR Enemy transform component is null!
ERROR Enemy transform component is null!
ERROR Enemy transform component is null!
ERROR Enemy transform component is null!
ERROR Enemy transform component is null!
ERROR Enemy transform component is null!
ERROR Enemy transform component is null!
ERROR Enemy transform component is null!
ERROR Enemy transform component is null!
ERROR Enemy transform component is null!
ERROR Enemy transform component is null!
ERROR Enemy transform component is null!
ERROR Enemy transform component is null!
ERROR Enemy transform component is null!
ERROR Enemy transform component is null!
ERROR Enemy transform component is null!
ERROR Enemy transform component is null!
ERROR Enemy transform component is null!
ERROR Enemy transform component is null!
ERROR Enemy transform component is null!
ERROR Enemy transform component is null!
ERROR Enemy transform component is null!
ERROR Enemy transform component is null!
ERROR Enemy transform component is null!
ERROR Enemy transform component is null!
ERROR Enemy transform component is null!
ERROR Enemy transform component is null!
ERROR Enemy transform component is null!
ERROR Enemy transform component is null!
ERROR Enemy transform component is null!
ERROR Enemy transform component is null!
ERROR Enemy transform component is null!
ERROR Enemy transform component is null!
ERROR Enemy transform component is null!
ERROR Enemy transform component is null!
ERROR Enemy transform component is null!
ERROR Enemy transform component is null!
ERROR Enemy transform component is null!
ERROR Enemy transform component is null!
ERROR Enemy transform component is null!
ERROR Enemy transform component is null!
ERROR Enemy transform component is null!
ERROR Enemy transform component is null!
ERROR Enemy transform component is null!
ERROR Enemy transform component is null!
ERROR Enemy transform component is null!
ERROR Enemy transform component is null!
ERROR Enemy transform component is null!
ERROR Enemy transform component is null!
ERROR Enemy transform component is null!
ERROR Enemy transform component is null!
ERROR Enemy transform component is null!
ERROR Enemy transform component is null!
ERROR Enemy transform component is null!
ERROR Enemy transform component is null!
ERROR Enemy transform component is null!
ERROR Enemy transform component is null!
ERROR Enemy transform component is null!
ERROR Enemy transform component is null!
ERROR Enemy transform component is null!
ERROR Enemy transform component is null!
ERROR Enemy transform component is null!
ERROR Enemy transform component is null!
ERROR Enemy transform component is null!
ERROR Enemy transform component is null!
ERROR Enemy transform component is null!
ERROR Enemy transform component is null!
ERROR Enemy transform component is null!
ERROR Enemy transform component is null!
ERROR Enemy transform component is null!
ERROR Enemy transform component is null!
ERROR Enemy transform component is null!
ERROR Enemy transform component is null!
ERROR Enemy transform component is null!
ERROR Enemy transform component is null!
ERROR Enemy transform component is null!
ERROR Enemy transform component is null!
ERROR Enemy transform component is null!
ERROR Enemy transform component is null!
ERROR Enemy transform component is null!
ERROR Enemy transform component is null!
ERROR Enemy transform component is null!
ERROR Enemy transform component is null!
ERROR Enemy transform component is null!
ERROR Enemy transform component is null!
ERROR Enemy transform component is null!
ERROR Enemy transform component is null!
ERROR Enemy transform component is null!
ERROR Enemy transform component is null!
ERROR Enemy transform component is null!
ERROR Enemy transform component is null!
ERROR Enemy transform component is null!
ERROR Enemy transform component is null!
ERROR Enemy transform component is null!
ERROR Enemy transform component is null!
ERROR Enemy transform component is null!
ERROR Enemy transform component is null!
ERROR Enemy transform component is null!
ERROR Enemy transform component is null!
ERROR Enemy transform component is null!
ERROR Enemy transform component is null!
ERROR Enemy transform component is null!
ERROR Enemy transform component is null!
ERROR Enemy transform component is null!
ERROR Enemy transform component is null!
ERROR Enemy transform component is null!
ERROR Enemy transform component is null!
ERROR Enemy transform component is null!
ERROR Enemy transform component is null!
ERROR Enemy transform component is null!
ERROR Enemy transform component is null!
ERROR Enemy transform component is null!
ERROR Enemy transform component is null!
ERROR Enemy transform component is null!
ERROR Enemy transform component is null!
ERROR Enemy transform component is null!
ERROR Enemy transform component is null!
ERROR Enemy transform component is null!
ERROR Enemy transform component is null!
ERROR Enemy transform component is null!
ERROR Enemy transform component is null!
ERROR Enemy transform component is null!
ERROR Enemy transform component is null!
ERROR Enemy transform component is null!
ERROR Enemy transform component is null!
ERROR Enemy transform component is null!
ERROR Enemy transform component is null!
ERROR Enemy transform component is null!
ERROR Enemy transform component is null!
ERROR Enemy transform component is null!
ERROR Enemy transform component is null!
ERROR Enemy transform component is null!
ERROR Enemy transform component is null!
ERROR Enemy transform component is null!
ERROR Enemy transform component is null!
ERROR Enemy transform component is null!
ERROR Enemy transform component is null!
ERROR Enemy transform component is null!
ERROR Enemy transform component is null!
ERROR Enemy transform component is null!
ERROR Enemy transform component is null!
ERROR Enemy transform component is null!
ERROR Enemy transform component is null!
ERROR Enemy transform component is null!
ERROR Enemy transform component is null!
ERROR Enemy transform component is null!
ERROR Enemy transform component is null!
ERROR Enemy transform component is null!
ERROR Enemy transform component is null!
ERROR Enemy transform component is null!
ERROR Enemy transform component is null!
ERROR Enemy transform component is null!
ERROR Enemy transform component is null!
ERROR Enemy transform component is null!
ERROR Enemy transform component is null!
ERROR Enemy transform component is null!
ERROR Enemy transform component is null!
ERROR Enemy transform component is null!
ERROR Enemy transform component is null!
ERROR Enemy transform component is null!
ERROR Enemy transform component is null!
ERROR Enemy transform component is null!
ERROR Enemy transform component is null!
ERROR Enemy transform component is null!
ERROR Enemy transform component is null!
ERROR Enemy transform component is null!
ERROR Enemy transform component is null!
ERROR Enemy transform component is null!
ERROR Enemy transform component is null!
ERROR Enemy transform component is null!
ERROR Enemy transform component is null!
ERROR Enemy transform component is null!
ERROR Enemy transform component is null!
ERROR Enemy transform component is null!
ERROR Enemy transform component is null!
ERROR Enemy transform component is null!
ERROR Enemy transform component is null!
ERROR Enemy transform component is null!
ERROR Enemy transform component is null!
ERROR Enemy transform component is null!
ERROR Enemy transform component is null!
ERROR Enemy transform component is null!
ERROR Enemy transform component is null!
ERROR Enemy transform component is null!
ERROR Enemy transform component is null!
ERROR Enemy transform component is null!
ERROR Enemy transform component is null!
ERROR Enemy transform component is null!
ERROR Enemy transform component is null!
ERROR Enemy transform component is null!
ERROR Enemy transform component is null!
ERROR Enemy transform component is null!
ERROR Enemy transform component is null!
ERROR Enemy transform component is null!
ERROR Enemy transform component is null!
ERROR Enemy transform component is null!
ERROR Enemy transform component is null!
ERROR Enemy transform component is null!
ERROR Enemy transform component is null!
ERROR Enemy transform component is null!
ERROR Enemy transform component is null!
ERROR Enemy transform component is null!
ERROR Enemy transform component is null!
ERROR Enemy transform component is null!
ERROR Enemy transform component is null!
ERROR Enemy transform component is null!
ERROR Enemy transform component is null!
ERROR Enemy transform component is null!
ERROR Enemy transform component is null!
ERROR Enemy transform component is null!
ERROR Enemy transform component is null!
ERROR Enemy transform component is null!
ERROR Enemy transform component is null!
ERROR Enemy transform component is null!
ERROR Enemy transform component is null!
ERROR Enemy transform component is null!
ERROR Enemy transform component is null!
ERROR Enemy transform component is null!
ERROR Enemy transform component is null!
ERROR Enemy transform component is null!
ERROR Enemy transform component is null!
ERROR Enemy transform component is null!
ERROR Enemy transform component is null!
ERROR Enemy transform component is null!
ERROR Enemy transform component is null!
ERROR Enemy transform component is null!
ERROR Enemy transform component is null!
ERROR Enemy transform component is null!
ERROR Enemy transform component is null!
ERROR Enemy transform component is null!
ERROR Enemy transform component is null!
ERROR Enemy transform component is null!
ERROR Enemy transform component is null!
ERROR Enemy transform component is null!
ERROR Enemy transform component is null!
ERROR Enemy transform component is null!
ERROR Enemy transform component is null!
ERROR Enemy transform component is null!
ERROR Enemy transform component is null!
ERROR Enemy transform component is null!
ERROR Enemy transform component is null!
ERROR Enemy transform component is null!
ERROR Enemy transform component is null!
ERROR Enemy transform component is null!
ERROR Enemy transform component is null!
ERROR Enemy transform component is null!
ERROR Enemy transform component is null!
ERROR Enemy transform component is null!
ERROR Enemy transform component is null!
ERROR Enemy transform component is null!
ERROR Enemy transform component is null!
ERROR Enemy transform component is null!
ERROR Enemy transform component is null!
ERROR Enemy transform component is null!
ERROR Enemy transform component is null!
ERROR Enemy transform component is null!
ERROR Enemy transform component is null!
ERROR Enemy transform component is null!
ERROR Enemy transform component is null!
ERROR Enemy transform component is null!
ERROR Enemy transform component is null!
ERROR Enemy transform component is null!
ERROR Enemy transform component is null!
ERROR Enemy transform component is null!
ERROR Enemy transform component is null!
ERROR Enemy transform component is null!
ERROR Enemy transform component is null!
ERROR Enemy transform component is null!
ERROR Enemy transform component is null!
ERROR Enemy transform component is null!
ERROR Enemy transform component is null!
ERROR Enemy transform component is null!
ERROR Enemy transform component is null!
ERROR Enemy transform component is null!
ERROR Enemy transform component is null!
ERROR Enemy transform component is null!
ERROR Enemy transform component is null!
ERROR Enemy transform component is null!
ERROR Enemy transform component is null!
ERROR Enemy transform component is null!
ERROR Enemy transform component is null!
ERROR Enemy transform component is null!
ERROR Enemy transform component is null!
ERROR Enemy transform component is null!
ERROR Enemy transform component is null!
ERROR Enemy transform component is null!
ERROR Enemy transform component is null!
ERROR Enemy transform component is null!
ERROR Enemy transform component is null!
ERROR Enemy transform component is null!
ERROR Enemy transform component is null!
ERROR Enemy transform component is null!
ERROR Enemy transform component is null!
ERROR Enemy transform component is null!
ERROR Enemy transform component is null!
ERROR Enemy transform component is null!
ERROR Enemy transform component is null!
ERROR Enemy transform component is null!
ERROR Enemy transform component is null!
ERROR Enemy transform component is null!
ERROR Enemy transform component is null!
ERROR Enemy transform component is null!
ERROR Enemy transform component is null!
ERROR Enemy transform component is null!
ERROR Enemy transform component is null!
ERROR Enemy transform component is null!
ERROR Enemy transform component is null!
ERROR Enemy transform component is null!
ERROR Enemy transform component is null!
ERROR Enemy transform component is null!
ERROR Enemy transform component is null!
ERROR Enemy transform component is null!
ERROR Enemy transform component is null!
ERROR Enemy transform component is null!
ERROR Enemy transform component is null!
ERROR Enemy transform component is null!
ERROR Enemy transform component is null!
ERROR Enemy transform component is null!
ERROR Enemy transform component is null!
ERROR Enemy transform component is null!
ERROR Enemy transform component is null!
ERROR Enemy transform component is null!
ERROR Enemy transform component is null!
ERROR Enemy transform component is null!
ERROR Enemy transform component is null!
ERROR Enemy transform component is null!
ERROR Enemy transform component is null!
ERROR Enemy transform component is null!
ERROR Enemy transform component is null!
ERROR Enemy transform component is null!
ERROR Enemy transform component is null!
ERROR Enemy transform component is null!
ERROR Enemy transform component is null!
ERROR Enemy transform component is null!
ERROR Enemy transform component is null!
ERROR Enemy transform component is null!
ERROR Enemy transform component is null!
ERROR Enemy transform component is null!
ERROR Enemy transform component is null!
ERROR Enemy transform component is null!
ERROR Enemy transform component is null!
ERROR Enemy transform component is null!
ERROR Enemy transform component is null!
ERROR Enemy transform component is null!
ERROR Enemy transform component is null!
ERROR Enemy transform component is null!
ERROR Enemy transform component is null!
ERROR Enemy transform component is null!
ERROR Enemy transform component is null!
ERROR Enemy transform component is null!
ERROR Enemy transform component is null!
ERROR Enemy transform component is null!
ERROR Enemy transform component is null!
ERROR Enemy transform component is null!
ERROR Enemy transform component is null!
ERROR Enemy transform component is null!
ERROR Enemy transform component is null!
ERROR Enemy transform component is null!
ERROR Enemy transform component is null!
ERROR Enemy transform component is null!
ERROR Enemy transform component is null!
ERROR Enemy transform component is null!
ERROR Enemy transform component is null!
ERROR Enemy transform component is null!
ERROR Enemy transform component is null!
ERROR Enemy transform component is null!
ERROR Enemy transform component is null!
ERROR Enemy transform component is null!
ERROR Enemy transform component is null!
ERROR Enemy transform component is null!
ERROR Enemy transform component is null!
ERROR Enemy transform component is null!
ERROR Enemy transform component is null!
ERROR Enemy transform component is null!
ERROR Enemy transform component is null!
ERROR Enemy transform component is null!
ERROR Enemy transform component is null!
ERROR Enemy transform component is null!
ERROR Enemy transform component is null!
ERROR Enemy transform component is null!
ERROR Enemy transform component is null!
ERROR Enemy transform component is null!
ERROR Enemy transform component is null!
ERROR Enemy transform component is null!
ERROR Enemy transform component is null!
ERROR Enemy transform component is null!
ERROR Enemy transform component is null!
ERROR Enemy transform component is null!
ERROR Enemy transform component is null!
ERROR Enemy transform component is null!
ERROR Enemy transform component is null!
ERROR Enemy transform component is null!
ERROR Enemy transform component is null!
ERROR Enemy transform component is null!
ERROR Enemy transform component is null!
ERROR Enemy transform component is null!
ERROR Enemy transform component is null!
ERROR Enemy transform component is null!
ERROR Enemy transform component is null!
ERROR Enemy transform component is null!
ERROR Enemy transform component is null!
ERROR Enemy transform component is null!
ERROR Enemy transform component is null!
ERROR Enemy transform component is null!
ERROR Enemy transform component is null!
ERROR Enemy transform component is null!
ERROR Enemy transform component is null!
ERROR Enemy transform component is null!
ERROR Enemy transform component is null!
ERROR Enemy transform component is null!
ERROR Enemy transform component is null!
ERROR Enemy transform component is null!
ERROR Enemy transform component is null!
ERROR Enemy transform component is null!
ERROR Enemy transform component is null!
ERROR Enemy transform component is null!
ERROR Enemy transform component is null!
ERROR Enemy transform component is null!
ERROR Enemy transform component is null!
ERROR Enemy transform component is null!
ERROR Enemy transform component is null!
ERROR Enemy transform component is null!
ERROR Enemy transform component is null!
ERROR Enemy transform component is null!
ERROR Enemy transform component is null!
ERROR Enemy transform component is null!
ERROR Enemy transform component is null!
ERROR Enemy transform component is null!
ERROR Enemy transform component is null!
ERROR Enemy transform component is null!
ERROR Enemy transform component is null!
ERROR Enemy transform component is null!
ERROR Enemy transform component is null!
ERROR Enemy transform component is null!
ERROR Enemy transform component is null!
ERROR Enemy transform component is null!
ERROR Enemy transform component is null!
ERROR Enemy transform component is null!
ERROR Enemy transform component is null!
ERROR Enemy transform component is null!
ERROR Enemy transform component is null!
ERROR Enemy transform component is null!
ERROR Enemy transform component is null!
ERROR Enemy transform component is null!
ERROR Enemy transform component is null!
ERROR Enemy transform component is null!
ERROR Enemy transform component is null!
ERROR Enemy transform component is null!
ERROR Enemy transform component is null!
ERROR Enemy transform component is null!
ERROR Enemy transform component is null!
ERROR Enemy transform component is null!
ERROR Enemy transform component is null!
ERROR Enemy transform component is null!
ERROR Enemy transform component is null!
ERROR Enemy transform component is null!
ERROR Enemy transform component is null!
ERROR Enemy transform component is null!
ERROR Enemy transform component is null!
ERROR Enemy transform component is null!
ERROR Enemy transform component is null!
ERROR Enemy transform component is null!
ERROR Enemy transform component is null!
ERROR Enemy transform component is null!
ERROR Enemy transform component is null!
ERROR Enemy transform component is null!
ERROR Enemy transform component is null!
ERROR Enemy transform component is null!
ERROR Enemy transform component is null!
ERROR Enemy transform component is null!
ERROR Enemy transform component is null!
ERROR Enemy transform component is null!
ERROR Enemy transform component is null!
ERROR Enemy transform component is null!
ERROR Enemy transform component is null!
ERROR Enemy transform component is null!
ERROR Enemy transform component is null!
ERROR Enemy transform component is null!
ERROR Enemy transform component is null!
ERROR Enemy transform component is null!
ERROR Enemy transform component is null!
ERROR Enemy transform component is null!
ERROR Enemy transform component is null!
ERROR Enemy transform component is null!
ERROR Enemy transform component is null!
ERROR Enemy transform component is null!
ERROR Enemy transform component is null!
ERROR Enemy transform component is null!
ERROR Enemy transform component is null!
ERROR Enemy transform component is null!
ERROR Enemy transform component is null!
ERROR Enemy transform component is null!
ERROR Enemy transform component is null!
ERROR Enemy transform component is null!
ERROR Enemy transform component is null!
ERROR Enemy transform component is null!
ERROR Enemy transform component is null!
ERROR Enemy transform component is null!
ERROR Enemy transform component is null!
ERROR Enemy transform component is null!
ERROR Enemy transform component is null!
ERROR Enemy transform component is null!
ERROR Enemy transform component is null!
ERROR Enemy transform component is null!
ERROR Enemy transform component is null!
ERROR Enemy transform component is null!
ERROR Enemy transform component is null!
ERROR Enemy transform component is null!
ERROR Enemy transform component is null!
ERROR Enemy transform component is null!
ERROR Enemy transform component is null!
ERROR Enemy transform component is null!
ERROR Enemy transform component is null!
ERROR Enemy transform component is null!
ERROR Enemy transform component is null!
ERROR Enemy transform component is null!
ERROR Enemy transform component is null!
ERROR Enemy transform component is null!
ERROR Enemy transform component is null!
ERROR Enemy transform component is null!
ERROR Enemy transform component is null!
ERROR Enemy transform component is null!
ERROR Enemy transform component is null!
ERROR Enemy transform component is null!
ERROR Enemy transform component is null!
ERROR Enemy transform component is null!
ERROR Enemy transform component is null!
ERROR Enemy transform component is null!
ERROR Enemy transform component is null!
ERROR Enemy transform component is null!
ERROR Enemy transform component is null!
ERROR Enemy transform component is null!
ERROR Enemy transform component is null!
ERROR Enemy transform component is null!
ERROR Enemy transform component is null!
ERROR Enemy transform component is null!
ERROR Enemy transform component is null!
ERROR Enemy transform component is null!
ERROR Enemy transform component is null!
ERROR Enemy transform component is null!
ERROR Enemy transform component is null!
ERROR Enemy transform component is null!
ERROR Enemy transform component is null!
ERROR Enemy transform component is null!
ERROR Enemy transform component is null!
ERROR Enemy transform component is null!
ERROR Enemy transform component is null!
ERROR Enemy transform component is null!
ERROR Enemy transform component is null!
ERROR Enemy transform component is null!
ERROR Enemy transform component is null!
ERROR Enemy transform component is null!
ERROR Enemy transform component is null!
ERROR Enemy transform component is null!
ERROR Enemy transform component is null!
ERROR Enemy transform component is null!
ERROR Enemy transform component is null!
ERROR Enemy transform component is null!
ERROR Enemy transform component is null!
ERROR Enemy transform component is null!
ERROR Enemy transform component is null!
ERROR Enemy transform component is null!
ERROR Enemy transform component is null!
ERROR Enemy transform component is null!
ERROR Enemy transform component is null!
ERROR Enemy transform component is null!
ERROR Enemy transform component is null!
ERROR Enemy transform component is null!
ERROR Enemy transform component is null!
ERROR Enemy transform component is null!
ERROR Enemy transform component is null!
ERROR Enemy transform component is null!
ERROR Enemy transform component is null!
ERROR Enemy transform component is null!
ERROR Enemy transform component is null!
ERROR Enemy transform component is null!
ERROR Enemy transform component is null!
ERROR Enemy transform component is null!
ERROR Enemy transform component is null!
ERROR Enemy transform component is null!
ERROR Enemy transform component is null!
ERROR Enemy transform component is null!
ERROR Enemy transform component is null!
ERROR Enemy transform component is null!
ERROR Enemy transform component is null!
ERROR Enemy transform component is null!
ERROR Enemy transform component is null!
ERROR Enemy transform component is null!
ERROR Enemy transform component is null!
ERROR Enemy transform component is null!
ERROR Enemy transform component is null!
ERROR Enemy transform component is null!
ERROR Enemy transform component is null!
ERROR Enemy transform component is null!
ERROR Enemy transform component is null!
ERROR Enemy transform component is null!
ERROR Enemy transform component is null!
ERROR Enemy transform component is null!
ERROR Enemy transform component is null!
ERROR Enemy transform component is null!
ERROR Enemy transform component is null!
ERROR Enemy transform component is null!
ERROR Enemy transform component is null!
ERROR Enemy transform component is null!
ERROR Enemy transform component is null!
ERROR Enemy transform component is null!
ERROR Enemy transform component is null!
ERROR Enemy transform component is null!
ERROR Enemy transform component is null!
ERROR Enemy transform component is null!
ERROR Enemy transform component is null!
ERROR Enemy transform component is null!
ERROR Enemy transform component is null!
ERROR Enemy transform component is null!
ERROR Enemy transform component is null!
ERROR Enemy transform component is null!
ERROR Enemy transform component is null!
ERROR Enemy transform component is null!
ERROR Enemy transform component is null!
ERROR Enemy transform component is null!
ERROR Enemy transform component is null!
ERROR Enemy transform component is null!
ERROR Enemy transform component is null!
ERROR Enemy transform component is null!
ERROR Enemy transform component is null!
ERROR Enemy transform component is null!
ERROR Enemy transform component is null!
ERROR Enemy transform component is null!
ERROR Enemy transform component is null!
ERROR Enemy transform component is null!
ERROR Enemy transform component is null!
ERROR Enemy transform component is null!
ERROR Enemy transform component is null!
ERROR Enemy transform component is null!
ERROR Enemy transform component is null!
ERROR Enemy transform component is null!
ERROR Enemy transform component is null!
ERROR Enemy transform component is null!
ERROR Enemy transform component is null!
ERROR Enemy transform component is null!
ERROR Enemy transform component is null!
ERROR Enemy transform component is null!
ERROR Enemy transform component is null!
ERROR Enemy transform component is null!
ERROR Enemy transform component is null!
ERROR Enemy transform component is null!
ERROR Enemy transform component is null!
ERROR Enemy transform component is null!
ERROR Enemy transform component is null!
ERROR Enemy transform component is null!
ERROR Enemy transform component is null!
ERROR Enemy transform component is null!
ERROR Enemy transform component is null!
ERROR Enemy transform component is null!
ERROR Enemy transform component is null!
ERROR Enemy transform component is null!
ERROR Enemy transform component is null!
ERROR Enemy transform component is null!
ERROR Enemy transform component is null!
ERROR Enemy transform component is null!
ERROR Enemy transform component is null!
ERROR Enemy transform component is null!
ERROR Enemy transform component is null!
ERROR Enemy transform component is null!
ERROR Enemy transform component is null!
ERROR Enemy transform component is null!
ERROR Enemy transform component is null!
ERROR Enemy transform component is null!
ERROR Enemy transform component is null!
ERROR Enemy transform component is null!
ERROR Enemy transform component is null!
ERROR Enemy transform component is null!
ERROR Enemy transform component is null!
ERROR Enemy transform component is null!
ERROR Enemy transform component is null!
ERROR Enemy transform component is null!
ERROR Enemy transform component is null!
ERROR Enemy transform component is null!
ERROR Enemy transform component is null!
ERROR Enemy transform component is null!
ERROR Enemy transform component is null!
ERROR Enemy transform component is null!
ERROR Enemy transform component is null!
ERROR Enemy transform component is null!
ERROR Enemy transform component is null!
ERROR Enemy transform component is null!
ERROR Enemy transform component is null!
ERROR Enemy transform component is null!
ERROR Enemy transform component is null!
ERROR Enemy transform component is null!
ERROR Enemy transform component is null!
ERROR Enemy transform component is null!
ERROR Enemy transform component is null!
ERROR Enemy transform component is null!
ERROR Enemy transform component is null!
ERROR Enemy transform component is null!
ERROR Enemy transform component is null!
ERROR Enemy transform component is null!
ERROR Enemy transform component is null!
ERROR Enemy transform component is null!
ERROR Enemy transform component is null!
ERROR Enemy transform component is null!
ERROR Enemy transform component is null!
ERROR Enemy transform component is null!
ERROR Enemy transform component is null!
ERROR Enemy transform component is null!
ERROR Enemy transform component is null!
ERROR Enemy transform component is null!
ERROR Enemy transform component is null!
ERROR Enemy transform component is null!
ERROR Enemy transform component is null!
ERROR Enemy transform component is null!
ERROR Enemy transform component is null!
ERROR Enemy transform component is null!
ERROR Enemy transform component is null!
ERROR Enemy transform component is null!
ERROR Enemy transform component is null!
ERROR Enemy transform component is null!
ERROR Enemy transform component is null!
ERROR Enemy transform component is null!
ERROR Enemy transform component is null!
ERROR Enemy transform component is null!
ERROR Enemy transform component is null!
ERROR Enemy transform component is null!
ERROR Enemy transform component is null!
ERROR Enemy transform component is null!
ERROR Enemy transform component is null!
ERROR Enemy transform component is null!
ERROR Enemy transform component is null!
ERROR Enemy transform component is null!
ERROR Enemy transform component is null!
ERROR Enemy transform component is null!
ERROR Enemy transform component is null!
ERROR Enemy transform component is null!
ERROR Enemy transform component is null!
ERROR Enemy transform component is null!
ERROR Enemy transform component is null!
ERROR Enemy transform component is null!
ERROR Enemy transform component is null!
ERROR Enemy transform component is null!
ERROR Enemy transform component is null!
ERROR Enemy transform component is null!
ERROR Enemy transform component is null!
ERROR Enemy transform component is null!
ERROR Enemy transform component is null!
ERROR Enemy transform component is null!
ERROR Enemy transform component is null!
ERROR Enemy transform component is null!
ERROR Enemy transform component is null!
ERROR Enemy transform component is null!
ERROR Enemy transform component is null!
ERROR Enemy transform component is null!
ERROR Enemy transform component is null!
ERROR Enemy transform component is null!
ERROR Enemy transform component is null!
ERROR Enemy transform component is null!
ERROR Enemy transform component is null!
ERROR Enemy transform component is null!
ERROR Enemy transform component is null!
ERROR Enemy transform component is null!
ERROR Enemy transform component is null!
ERROR Enemy transform component is null!
ERROR Enemy transform component is null!
ERROR Enemy transform component is null!
ERROR Enemy transform component is null!
ERROR Enemy transform component is null!
ERROR Enemy transform component is null!
ERROR Enemy transform component is null!
ERROR Enemy transform component is null!
ERROR Enemy transform component is null!
ERROR Enemy transform component is null!
ERROR Enemy transform component is null!
ERROR Enemy transform component is null!
ERROR Enemy transform component is null!
ERROR Enemy transform component is null!
ERROR Enemy transform component is null!
ERROR Enemy transform component is null!
ERROR Enemy transform component is null!
ERROR Enemy transform component is null!
ERROR Enemy transform component is null!
ERROR Enemy transform component is null!
ERROR Enemy transform component is null!
ERROR Enemy transform component is null!
ERROR Enemy transform component is null!
ERROR Enemy transform component is null!
ERROR Enemy transform component is null!
ERROR Enemy transform component is null!
ERROR Enemy transform component is null!
ERROR Enemy transform component is null!
ERROR Enemy transform component is null!
ERROR Enemy transform component is null!
ERROR Enemy transform component is null!
ERROR Enemy transform component is null!
ERROR Enemy transform component is null!
ERROR Enemy transform component is null!
ERROR Enemy transform component is null!
ERROR Enemy transform component is null!
ERROR Enemy transform component is null!
ERROR Enemy transform component is null!
ERROR Enemy transform component is null!
ERROR Enemy transform component is null!
ERROR Enemy transform component is null!
ERROR Enemy transform component is null!
ERROR Enemy transform component is null!
ERROR Enemy transform component is null!
ERROR Enemy transform component is null!
ERROR Enemy transform component is null!
ERROR Enemy transform component is null!
ERROR Enemy transform component is null!
ERROR Enemy transform component is null!
ERROR Enemy transform component is null!
ERROR Enemy transform component is null!
ERROR Enemy transform component is null!
ERROR Enemy transform component is null!
ERROR Enemy transform component is null!
ERROR Enemy transform component is null!
ERROR Enemy transform component is null!
ERROR Enemy transform component is null!
ERROR Enemy transform component is null!
ERROR Enemy transform component is null!
ERROR Enemy transform component is null!
ERROR Enemy transform component is null!
ERROR Enemy transform component is null!
ERROR Enemy transform component is null!
ERROR Enemy transform component is null!
ERROR Enemy transform component is null!
ERROR Enemy transform component is null!
ERROR Enemy transform component is null!
ERROR Enemy transform component is null!
ERROR Enemy transform component is null!
ERROR Enemy transform component is null!
ERROR Enemy transform component is null!
ERROR Enemy transform component is null!
ERROR Enemy transform component is null!
ERROR Enemy transform component is null!
ERROR Enemy transform component is null!
ERROR Enemy transform component is null!
ERROR Enemy transform component is null!
ERROR Enemy transform component is null!
ERROR Enemy transform component is null!
ERROR Enemy transform component is null!
ERROR Enemy transform component is null!
ERROR Enemy transform component is null!
ERROR Enemy transform component is null!
ERROR Enemy transform component is null!
ERROR Enemy transform component is null!
ERROR Enemy transform component is null!
ERROR Enemy transform component is null!
ERROR Enemy transform component is null!
ERROR Enemy transform component is null!
ERROR Enemy transform component is null!
ERROR Enemy transform component is null!
ERROR Enemy transform component is null!
ERROR Enemy transform component is null!
ERROR Enemy transform component is null!
ERROR Enemy transform component is null!
ERROR Enemy transform component is null!
ERROR Enemy transform component is null!
ERROR Enemy transform component is null!
ERROR Enemy transform component is null!
ERROR Enemy transform component is null!
ERROR Enemy transform component is null!
ERROR Enemy transform component is null!
ERROR Enemy transform component is null!
ERROR Enemy transform component is null!
ERROR Enemy transform component is null!
ERROR Enemy transform component is null!
ERROR Enemy transform component is null!
ERROR Enemy transform component is null!
ERROR Enemy transform component is null!
ERROR Enemy transform component is null!
ERROR Enemy transform component is null!
ERROR Enemy transform component is null!
ERROR Enemy transform component is null!
ERROR Enemy transform component is null!
ERROR Enemy transform component is null!
ERROR Enemy transform component is null!
ERROR Enemy transform component is null!
ERROR Enemy transform component is null!
ERROR Enemy transform component is null!
ERROR Enemy transform component is null!
ERROR Enemy transform component is null!
ERROR Enemy transform component is null!
ERROR Enemy transform component is null!
ERROR Enemy transform component is null!
ERROR Enemy transform component is null!
ERROR Enemy transform component is null!
ERROR Enemy transform component is null!
ERROR Enemy transform component is null!
ERROR Enemy transform component is null!
ERROR Enemy transform component is null!
ERROR Enemy transform component is null!
ERROR Enemy transform component is null!
ERROR Enemy transform component is null!
ERROR Enemy transform component is null!
ERROR Enemy transform component is null!
ERROR Enemy transform component is null!
ERROR Enemy transform component is null!
ERROR Enemy transform component is null!
ERROR Enemy transform component is null!
ERROR Enemy transform component is null!
ERROR Enemy transform component is null!
ERROR Enemy transform component is null!
ERROR Enemy transform component is null!
ERROR Enemy transform component is null!
ERROR Enemy transform component is null!
ERROR Enemy transform component is null!
ERROR Enemy transform component is null!
ERROR Enemy transform component is null!
ERROR Enemy transform component is null!
ERROR Enemy transform component is null!
ERROR Enemy transform component is null!
ERROR Enemy transform component is null!
ERROR Enemy transform component is null!
ERROR Enemy transform component is null!
ERROR Enemy transform component is null!
ERROR Enemy transform component is null!
ERROR Enemy transform component is null!
ERROR Enemy transform component is null!
ERROR Enemy transform component is null!
ERROR Enemy transform component is null!
ERROR Enemy transform component is null!
ERROR Enemy transform component is null!
ERROR Enemy transform component is null!
ERROR Enemy transform component is null!
ERROR Enemy transform component is null!
ERROR Enemy transform component is null!
ERROR Enemy transform component is null!
ERROR Enemy transform component is null!
ERROR Enemy transform component is null!
ERROR Enemy transform component is null!
ERROR Enemy transform component is null!
ERROR Enemy transform component is null!
ERROR Enemy transform component is null!
ERROR Enemy transform component is null!
ERROR Enemy transform component is null!
ERROR Enemy transform component is null!
ERROR Enemy transform component is null!
ERROR Enemy transform component is null!
ERROR Enemy transform component is null!
ERROR Enemy transform component is null!
ERROR Enemy transform component is null!
ERROR Enemy transform component is null!
ERROR Enemy transform component is null!
ERROR Enemy transform component is null!
ERROR Enemy transform component is null!
ERROR Enemy transform component is null!
ERROR Enemy transform component is null!
ERROR Enemy transform component is null!
ERROR Enemy transform component is null!
ERROR Enemy transform component is null!
ERROR Enemy transform component is null!
ERROR Enemy transform component is null!
ERROR Enemy transform component is null!
ERROR Enemy transform component is null!
ERROR Enemy transform component is null!
ERROR Enemy transform component is null!
ERROR Enemy transform component is null!
ERROR Enemy transform component is null!
ERROR Enemy transform component is null!
ERROR Enemy transform component is null!
ERROR Enemy transform component is null!
ERROR Enemy transform component is null!
ERROR Enemy transform component is null!
ERROR Enemy transform component is null!
ERROR Enemy transform component is null!
ERROR Enemy transform component is null!
ERROR Enemy transform component is null!
ERROR Enemy transform component is null!
ERROR Enemy transform component is null!
ERROR Enemy transform component is null!
ERROR Enemy transform component is null!
ERROR Enemy transform component is null!
ERROR Enemy transform component is null!
ERROR Enemy transform component is null!
ERROR Enemy transform component is null!
ERROR Enemy transform component is null!
ERROR Enemy transform component is null!
ERROR Enemy transform component is null!
ERROR Enemy transform component is null!
ERROR Enemy transform component is null!
ERROR Enemy transform component is null!
ERROR Enemy transform component is null!
ERROR Enemy transform component is null!
ERROR Enemy transform component is null!
ERROR Enemy transform component is null!
ERROR Enemy transform component is null!
ERROR Enemy transform component is null!
ERROR Enemy transform component is null!
ERROR Enemy transform component is null!
ERROR Enemy transform component is null!
ERROR Enemy transform component is null!
ERROR Enemy transform component is null!
ERROR Enemy transform component is null!
ERROR Enemy transform component is null!
ERROR Enemy transform component is null!
ERROR Enemy transform component is null!
ERROR Enemy transform component is null!
ERROR Enemy transform component is null!
ERROR Enemy transform component is null!
ERROR Enemy transform component is null!
ERROR Enemy transform component is null!
ERROR Enemy transform component is null!
ERROR Enemy transform component is null!
ERROR Enemy transform component is null!
ERROR Enemy transform component is null!
ERROR Enemy transform component is null!
ERROR Enemy transform component is null!
ERROR Enemy transform component is null!
ERROR Enemy transform component is null!
ERROR Enemy transform component is null!
ERROR Enemy transform component is null!
ERROR Enemy transform component is null!
ERROR Enemy transform component is null!
ERROR Enemy transform component is null!
ERROR Enemy transform component is null!
ERROR Enemy transform component is null!
ERROR Enemy transform component is null!
ERROR Enemy transform component is null!
ERROR Enemy transform component is null!
ERROR Enemy transform component is null!
ERROR Enemy transform component is null!
ERROR Enemy transform component is null!
ERROR Enemy transform component is null!
ERROR Enemy transform component is null!
ERROR Enemy transform component is null!
ERROR Enemy transform component is null!
ERROR Enemy transform component is null!
ERROR Enemy transform component is null!
ERROR Enemy transform component is null!
ERROR Enemy transform component is null!
ERROR Enemy transform component is null!
ERROR Enemy transform component is null!
ERROR Enemy transform component is null!
ERROR Enemy transform component is null!
ERROR Enemy transform component is null!
ERROR Enemy transform component is null!
ERROR Enemy transform component is null!
ERROR Enemy transform component is null!
ERROR Enemy transform component is null!
ERROR Enemy transform component is null!
ERROR Enemy transform component is null!
ERROR Enemy transform component is null!
ERROR Enemy transform component is null!
ERROR Enemy transform component is null!
ERROR Enemy transform component is null!
ERROR Enemy transform component is null!
ERROR Enemy transform component is null!
ERROR Enemy transform component is null!
ERROR Enemy transform component is null!
ERROR Enemy transform component is null!
ERROR Enemy transform component is null!
ERROR Enemy transform component is null!
ERROR Enemy transform component is null!
ERROR Enemy transform component is null!
ERROR Enemy transform component is null!
ERROR Enemy transform component is null!
ERROR Enemy transform component is null!
ERROR Enemy transform component is null!
ERROR Enemy transform component is null!
ERROR Enemy transform component is null!
ERROR Enemy transform component is null!
ERROR Enemy transform component is null!
ERROR Enemy transform component is null!
ERROR Enemy transform component is null!
ERROR Enemy transform component is null!
ERROR Enemy transform component is null!
ERROR Enemy transform component is null!
ERROR Enemy transform component is null!
ERROR Enemy transform component is null!
ERROR Enemy transform component is null!
ERROR Enemy transform component is null!
ERROR Enemy transform component is null!
ERROR Enemy transform component is null!
ERROR Enemy transform component is null!
ERROR Enemy transform component is null!
ERROR Enemy transform component is null!
ERROR Enemy transform component is null!
ERROR Enemy transform component is null!
ERROR Enemy transform component is null!
ERROR Enemy transform component is null!
ERROR Enemy transform component is null!
ERROR Enemy transform component is null!
ERROR Enemy transform component is null!
ERROR Enemy transform component is null!
ERROR Enemy transform component is null!
ERROR Enemy transform component is null!
ERROR Enemy transform component is null!
ERROR Enemy transform component is null!
ERROR Enemy transform component is null!
ERROR Enemy transform component is null!
ERROR Enemy transform component is null!
ERROR Enemy transform component is null!
ERROR Enemy transform component is null!
ERROR Enemy transform component is null!
ERROR Enemy transform component is null!
ERROR Enemy transform component is null!
ERROR Enemy transform component is null!
ERROR Enemy transform component is null!
ERROR Enemy transform component is null!
ERROR Enemy transform component is null!
ERROR Enemy transform component is null!
ERROR Enemy transform component is null!
ERROR Enemy transform component is null!
ERROR Enemy transform component is null!
ERROR Enemy transform component is null!
ERROR Enemy transform component is null!
ERROR Enemy transform component is null!
ERROR Enemy transform component is null!
ERROR Enemy transform component is null!
ERROR Enemy transform component is null!
ERROR Enemy transform component is null!
ERROR Enemy transform component is null!
ERROR Enemy transform component is null!
ERROR Enemy transform component is null!
ERROR Enemy transform component is null!
ERROR Enemy transform component is null!
ERROR Enemy transform component is null!
ERROR Enemy transform component is null!
ERROR Enemy transform component is null!
ERROR Enemy transform component is null!
ERROR Enemy transform component is null!
ERROR Enemy transform component is null!
ERROR Enemy transform component is null!
ERROR Enemy transform component is null!
ERROR Enemy transform component is null!
ERROR Enemy transform component is null!
ERROR Enemy transform component is null!
ERROR Enemy transform component is null!
ERROR Enemy transform component is null!
ERROR Enemy transform component is null!
ERROR Enemy transform component is null!
ERROR Enemy transform component is null!
ERROR Enemy transform component is null!
ERROR Enemy transform component is null!
ERROR Enemy transform component is null!
ERROR Enemy transform component is null!
ERROR Enemy transform component is null!
ERROR Enemy transform component is null!
ERROR Enemy transform component is null!
ERROR Enemy transform component is null!
ERROR Enemy transform component is null!
ERROR Enemy transform component is null!
ERROR Enemy transform component is null!
ERROR Enemy transform component is null!
ERROR Enemy transform component is null!
ERROR Enemy transform component is null!
ERROR Enemy transform component is null!
ERROR Enemy transform component is null!
ERROR Enemy transform component is null!
ERROR Enemy transform component is null!
ERROR Enemy transform component is null!
ERROR Enemy transform component is null!
ERROR Enemy transform component is null!
ERROR Enemy transform component is null!
ERROR Enemy transform component is null!
ERROR Enemy transform component is null!
ERROR Enemy transform component is null!
ERROR Enemy transform component is null!
ERROR Enemy transform component is null!
ERROR Enemy transform component is null!
ERROR Enemy transform component is null!
ERROR Enemy transform component is null!
ERROR Enemy transform component is null!
ERROR Enemy transform component is null!
ERROR Enemy transform component is null!
ERROR Enemy transform component is null!
ERROR Enemy transform component is null!
ERROR Enemy transform component is null!
ERROR Enemy transform component is null!
ERROR Enemy transform component is null!
ERROR Enemy transform component is null!
ERROR Enemy transform component is null!
ERROR Enemy transform component is null!
ERROR Enemy transform component is null!
ERROR Enemy transform component is null!
ERROR Enemy transform component is null!
ERROR Enemy transform component is null!
ERROR Enemy transform component is null!
ERROR Enemy transform component is null!
ERROR Enemy transform component is null!
ERROR Enemy transform component is null!
ERROR Enemy transform component is null!
ERROR Enemy transform component is null!
ERROR Enemy transform component is null!
ERROR Enemy transform component is null!
ERROR Enemy transform component is null!
ERROR Enemy transform component is null!
ERROR Enemy transform component is null!
ERROR Enemy transform component is null!
ERROR Enemy transform component is null!
ERROR Enemy transform component is null!
ERROR Enemy transform component is null!
ERROR Enemy transform component is null!
ERROR Enemy transform component is null!
ERROR Enemy transform component is null!
ERROR Enemy transform component is null!
ERROR Enemy transform component is null!
ERROR Enemy transform component is null!
ERROR Enemy transform component is null!
ERROR Enemy transform component is null!
ERROR Enemy transform component is null!
ERROR Enemy transform component is null!
ERROR Enemy transform component is null!
ERROR Enemy transform component is null!
ERROR Enemy transform component is null!
ERROR Enemy transform component is null!
ERROR Enemy transform component is null!
ERROR Enemy transform component is null!
ERROR Enemy transform component is null!
ERROR Enemy transform component is null!
ERROR Enemy transform component is null!
ERROR Enemy transform component is null!
ERROR Enemy transform component is null!
ERROR Enemy transform component is null!
ERROR Enemy transform component is null!
ERROR Enemy transform component is null!
ERROR Enemy transform component is null!
ERROR Enemy transform component is null!
ERROR Enemy transform component is null!
ERROR Enemy transform component is null!
ERROR Enemy transform component is null!
ERROR Enemy transform component is null!
ERROR Enemy transform component is null!
ERROR Enemy transform component is null!
ERROR Enemy transform component is null!
ERROR Enemy transform component is null!
ERROR Enemy transform component is null!
ERROR Enemy transform component is null!
ERROR Enemy transform component is null!
ERROR Enemy transform component is null!
ERROR Enemy transform component is null!
ERROR Enemy transform component is null!
ERROR Enemy transform component is null!
ERROR Enemy transform component is null!
ERROR Enemy transform component is null!
ERROR Enemy transform component is null!
ERROR Enemy transform component is null!
ERROR Enemy transform component is null!
ERROR Enemy transform component is null!
ERROR Enemy transform component is null!
ERROR Enemy transform component is null!
ERROR Enemy transform component is null!
ERROR Enemy transform component is null!
ERROR Enemy transform component is null!
ERROR Enemy transform component is null!
ERROR Enemy transform component is null!
ERROR Enemy transform component is null!
ERROR Enemy transform component is null!
ERROR Enemy transform component is null!
ERROR Enemy transform component is null!
ERROR Enemy transform component is null!
ERROR Enemy transform component is null!
ERROR Enemy transform component is null!
ERROR Enemy transform component is null!
ERROR Enemy transform component is null!
ERROR Enemy transform component is null!
ERROR Enemy transform component is null!
ERROR Enemy transform component is null!
ERROR Enemy transform component is null!
ERROR Enemy transform component is null!
ERROR Enemy transform component is null!
ERROR Enemy transform component is null!
ERROR Enemy transform component is null!
ERROR Enemy transform component is null!
ERROR Enemy transform component is null!
ERROR Enemy transform component is null!
ERROR Enemy transform component is null!
ERROR Enemy transform component is null!
ERROR Enemy transform component is null!
ERROR Enemy transform component is null!
ERROR Enemy transform component is null!
ERROR Enemy transform component is null!
ERROR Enemy transform component is null!
ERROR Enemy transform component is null!
ERROR Enemy transform component is null!
ERROR Enemy transform component is null!
ERROR Enemy transform component is null!
ERROR Enemy transform component is null!
ERROR Enemy transform component is null!
ERROR Enemy transform component is null!
ERROR Enemy transform component is null!
ERROR Enemy transform component is null!
ERROR Enemy transform component is null!
ERROR Enemy transform component is null!
ERROR Enemy transform component is null!
ERROR Enemy transform component is null!
ERROR Enemy transform component is null!
ERROR Enemy transform component is null!
ERROR Enemy transform component is null!
ERROR Enemy transform component is null!
ERROR Enemy transform component is null!
ERROR Enemy transform component is null!
ERROR Enemy transform component is null!
ERROR Enemy transform component is null!
ERROR Enemy transform component is null!
ERROR Enemy transform component is null!
ERROR Enemy transform component is null!
ERROR Enemy transform component is null!
ERROR Enemy transform component is null!
ERROR Enemy transform component is null!
ERROR Enemy transform component is null!
ERROR Enemy transform component is null!
ERROR Enemy transform component is null!
ERROR Enemy transform component is null!
ERROR Enemy transform component is null!
ERROR Enemy transform component is null!
ERROR Enemy transform component is null!
ERROR Enemy transform component is null!
ERROR Enemy transform component is null!
ERROR Enemy transform component is null!
ERROR Enemy transform component is null!
ERROR Enemy transform component is null!
ERROR Enemy transform component is null!
ERROR Enemy transform component is null!
ERROR Enemy transform component is null!
ERROR Enemy transform component is null!
ERROR Enemy transform component is null!
ERROR Enemy transform component is null!
ERROR Enemy transform component is null!
ERROR Enemy transform component is null!
ERROR Enemy transform component is null!
ERROR Enemy transform component is null!
ERROR Enemy transform component is null!
ERROR Enemy transform component is null!
ERROR Enemy transform component is null!
ERROR Enemy transform component is null!
ERROR Enemy transform component is null!
ERROR Enemy transform component is null!
ERROR Enemy transform component is null!
ERROR Enemy transform component is null!
ERROR Enemy transform component is null!
ERROR Enemy transform component is null!
ERROR Enemy transform component is null!
ERROR Enemy transform component is null!
ERROR Enemy transform component is null!
ERROR Enemy transform component is null!
ERROR Enemy transform component is null!
ERROR Enemy transform component is null!
ERROR Enemy transform component is null!
ERROR Enemy transform component is null!
ERROR Enemy transform component is null!
ERROR Enemy transform component is null!
ERROR Enemy transform component is null!
ERROR Enemy transform component is null!
ERROR Enemy transform component is null!
ERROR Enemy transform component is null!
ERROR Enemy transform component is null!
ERROR Enemy transform component is null!
ERROR Enemy transform component is null!
ERROR Enemy transform component is null!
ERROR Enemy transform component is null!
ERROR Enemy transform component is null!
ERROR Enemy transform component is null!
ERROR Enemy transform component is null!
ERROR Enemy transform component is null!
ERROR Enemy transform component is null!
ERROR Enemy transform component is null!
ERROR Enemy transform component is null!
ERROR Enemy transform component is null!
ERROR Enemy transform component is null!
ERROR Enemy transform component is null!
ERROR Enemy transform component is null!
ERROR Enemy transform component is null!
ERROR Enemy transform component is null!
ERROR Enemy transform component is null!
ERROR Enemy transform component is null!
ERROR Enemy transform component is null!
ERROR Enemy transform component is null!
ERROR Enemy transform component is null!
ERROR Enemy transform component is null!
ERROR Enemy transform component is null!
ERROR Enemy transform component is null!
ERROR Enemy transform component is null!
ERROR Enemy transform component is null!
ERROR Enemy transform component is null!
ERROR Enemy transform component is null!
ERROR Enemy transform component is null!
ERROR Enemy transform component is null!
ERROR Enemy transform component is null!
ERROR Enemy transform component is null!
ERROR Enemy transform component is null!
ERROR Enemy transform component is null!
ERROR Enemy transform component is null!
ERROR Enemy transform component is null!
ERROR Enemy transform component is null!
ERROR Enemy transform component is null!
ERROR Enemy transform component is null!
ERROR Enemy transform component is null!
ERROR Enemy transform component is null!
ERROR Enemy transform component is null!
ERROR Enemy transform component is null!
ERROR Enemy transform component is null!
ERROR Enemy transform component is null!
ERROR Enemy transform component is null!
ERROR Enemy transform component is null!
ERROR Enemy transform component is null!
ERROR Enemy transform component is null!
ERROR Enemy transform component is null!
ERROR Enemy transform component is null!
ERROR Enemy transform component is null!
ERROR Enemy transform component is null!
ERROR Enemy transform component is null!
ERROR Enemy transform component is null!
ERROR Enemy transform component is null!
ERROR Enemy transform component is null!
ERROR Enemy transform component is null!
ERROR Enemy transform component is null!
ERROR Enemy transform component is null!
ERROR Enemy transform component is null!
ERROR Enemy transform component is null!
ERROR Enemy transform component is null!
ERROR Enemy transform component is null!
ERROR Enemy transform component is null!
ERROR Enemy transform component is null!
ERROR Enemy transform component is null!
ERROR Enemy transform component is null!
ERROR Enemy transform component is null!
ERROR Enemy transform component is null!
ERROR Enemy transform component is null!
ERROR Enemy transform component is null!
ERROR Enemy transform component is null!
ERROR Enemy transform component is null!
ERROR Enemy transform component is null!
ERROR Enemy transform component is null!
ERROR Enemy transform component is null!
ERROR Enemy transform component is null!
ERROR Enemy transform component is null!
ERROR Enemy transform component is null!
ERROR Enemy transform component is null!
ERROR Enemy transform component is null!
ERROR Enemy transform component is null!
ERROR Enemy transform component is null!
ERROR Enemy transform component is null!
ERROR Enemy transform component is null!
ERROR Enemy transform component is null!
ERROR Enemy transform component is null!
ERROR Enemy transform component is null!
ERROR Enemy transform component is null!
ERROR Enemy transform component is null!
ERROR Enemy transform component is null!
ERROR Enemy transform component is null!
ERROR Enemy transform component is null!
ERROR Enemy transform component is null!
ERROR Enemy transform component is null!
ERROR Enemy transform component is null!
ERROR Enemy transform component is null!
ERROR Enemy transform component is null!
ERROR Enemy transform component is null!
ERROR Enemy transform component is null!
ERROR Enemy transform component is null!
ERROR Enemy transform component is null!
ERROR Enemy transform component is null!
ERROR Enemy transform component is null!
ERROR Enemy transform component is null!
ERROR Enemy transform component is null!
ERROR Enemy transform component is null!
ERROR Enemy transform component is null!
ERROR Enemy transform component is null!
ERROR Enemy transform component is null!
ERROR Enemy transform component is null!
ERROR Enemy transform component is null!
ERROR Enemy transform component is null!
ERROR Enemy transform component is null!
ERROR Enemy transform component is null!
ERROR Enemy transform component is null!
ERROR Enemy transform component is null!
ERROR Enemy transform component is null!
ERROR Enemy transform component is null!
ERROR Enemy transform component is null!
ERROR Enemy transform component is null!
ERROR Enemy transform component is null!
ERROR Enemy transform component is null!
ERROR Enemy transform component is null!
ERROR Enemy transform component is null!
ERROR Enemy transform component is null!
ERROR Enemy transform component is null!
ERROR Enemy transform component is null!
ERROR Enemy transform component is null!
ERROR Enemy transform component is null!
ERROR Enemy transform component is null!
ERROR Enemy transform component is null!
ERROR Enemy transform component is null!
ERROR Enemy transform component is null!
ERROR Enemy transform component is null!
ERROR Enemy transform component is null!
ERROR Enemy transform component is null!
ERROR Enemy transform component is null!
ERROR Enemy transform component is null!
ERROR Enemy transform component is null!
ERROR Enemy transform component is null!
ERROR Enemy transform component is null!
ERROR Enemy transform component is null!
ERROR Enemy transform component is null!
ERROR Enemy transform component is null!
ERROR Enemy transform component is null!
ERROR Enemy transform component is null!
ERROR Enemy transform component is null!
ERROR Enemy transform component is null!
ERROR Enemy transform component is null!
ERROR Enemy transform component is null!
ERROR Enemy transform component is null!
ERROR Enemy transform component is null!
ERROR Enemy transform component is null!
ERROR Enemy transform component is null!
ERROR Enemy transform component is null!
ERROR Enemy transform component is null!
ERROR Enemy transform component is null!
ERROR Enemy transform component is null!
ERROR Enemy transform component is null!
ERROR Enemy transform component is null!
ERROR Enemy transform component is null!
ERROR Enemy transform component is null!
ERROR Enemy transform component is null!
ERROR Enemy transform component is null!
ERROR Enemy transform component is null!
ERROR Enemy transform component is null!
ERROR Enemy transform component is null!
ERROR Enemy transform component is null!
ERROR Enemy transform component is null!
ERROR Enemy transform component is null!
ERROR Enemy transform component is null!
ERROR Enemy transform component is null!
ERROR Enemy transform component is null!
ERROR Enemy transform component is null!
ERROR Enemy transform component is null!
ERROR Enemy transform component is null!
ERROR Enemy transform component is null!
ERROR Enemy transform component is null!
ERROR Enemy transform component is null!
ERROR Enemy transform component is null!
ERROR Enemy transform component is null!
ERROR Enemy transform component is null!
ERROR Enemy transform component is null!
ERROR Enemy transform component is null!
ERROR Enemy transform component is null!
ERROR Enemy transform component is null!
ERROR Enemy transform component is null!
ERROR Enemy transform component is null!
ERROR Enemy transform component is null!
ERROR Enemy transform component is null!
ERROR Enemy transform component is null!
ERROR Enemy transform component is null!
ERROR Enemy transform component is null!
ERROR Enemy transform component is null!
ERROR Enemy transform component is null!
ERROR Enemy transform component is null!
ERROR Enemy transform component is null!
ERROR Enemy transform component is null!
ERROR Enemy transform component is null!
ERROR Enemy transform component is null!
ERROR Enemy transform component is null!
ERROR Enemy transform component is null!
ERROR Enemy transform component is null!
ERROR Enemy transform component is null!
ERROR Enemy transform component is null!
ERROR Enemy transform component is null!
ERROR Enemy transform component is null!
ERROR Enemy transform component is null!
ERROR Enemy transform component is null!
ERROR Enemy transform component is null!
ERROR Enemy transform component is null!
ERROR Enemy transform component is null!
ERROR Enemy transform component is null!
ERROR Enemy transform component is null!
ERROR Enemy transform component is null!
ERROR Enemy transform component is null!
ERROR Enemy transform component is null!
ERROR Enemy transform component is null!
ERROR Enemy transform component is null!
ERROR Enemy transform component is null!
ERROR Enemy transform component is null!
ERROR Enemy transform component is null!
ERROR Enemy transform component is null!
ERROR Enemy transform component is null!
ERROR Enemy transform component is null!
ERROR Enemy transform component is null!
ERROR Enemy transform component is null!
ERROR Enemy transform component is null!
ERROR Enemy transform component is null!
ERROR Enemy transform component is null!
ERROR Enemy transform component is null!
ERROR Enemy transform component is null!
ERROR Enemy transform component is null!
ERROR Enemy transform component is null!
ERROR Enemy transform component is null!
ERROR Enemy transform component is null!
ERROR Enemy transform component is null!
ERROR Enemy transform component is null!
ERROR Enemy transform component is null!
ERROR Enemy transform component is null!
ERROR Enemy transform component is null!
ERROR Enemy transform component is null!
ERROR Enemy transform component is null!
ERROR Enemy transform component is null!
ERROR Enemy transform component is null!
ERROR Enemy transform component is null!
ERROR Enemy transform component is null!
ERROR Enemy transform component is null!
ERROR Enemy transform component is null!
ERROR Enemy transform component is null!
ERROR Enemy transform component is null!
ERROR Enemy transform component is null!
ERROR Enemy transform component is null!
ERROR Enemy transform component is null!
ERROR Enemy transform component is null!
ERROR Enemy transform component is null!
ERROR Enemy transform component is null!
ERROR Enemy transform component is null!
ERROR Enemy transform component is null!
ERROR Enemy transform component is null!
ERROR Enemy transform component is null!
ERROR Enemy transform component is null!
ERROR Enemy transform component is null!
ERROR Enemy transform component is null!
ERROR Enemy transform component is null!
ERROR Enemy transform component is null!
ERROR Enemy transform component is null!
ERROR Enemy transform component is null!
ERROR Enemy transform component is null!
ERROR Enemy transform component is null!
ERROR Enemy transform component is null!
ERROR Enemy transform component is null!
ERROR Enemy transform component is null!
ERROR Enemy transform component is null!
ERROR Enemy transform component is null!
ERROR Enemy transform component is null!
ERROR Enemy transform component is null!
ERROR Enemy transform component is null!
ERROR Enemy transform component is null!
ERROR Enemy transform component is null!
ERROR Enemy transform component is null!
ERROR Enemy transform component is null!
ERROR Enemy transform component is null!
ERROR Enemy transform component is null!
ERROR Enemy transform component is null!
ERROR Enemy transform component is null!
ERROR Enemy transform component is null!
ERROR Enemy transform component is null!
ERROR Enemy transform component is null!
ERROR Enemy transform component is null!
ERROR Enemy transform component is null!
ERROR Enemy transform component is null!
ERROR Enemy transform component is null!
ERROR Enemy transform component is null!
ERROR Enemy transform component is null!
ERROR Enemy transform component is null!
ERROR Enemy transform component is null!
ERROR Enemy transform component is null!
ERROR Enemy transform component is null!
ERROR Enemy transform component is null!
ERROR Enemy transform component is null!
ERROR Enemy transform component is null!
ERROR Enemy transform component is null!
ERROR Enemy transform component is null!
ERROR Enemy transform component is null!
ERROR Enemy transform component is null!
ERROR Enemy transform component is null!
ERROR Enemy transform component is null!
ERROR Enemy transform component is null!
ERROR Enemy transform component is null!
ERROR Enemy transform component is null!
ERROR Enemy transform component is null!
ERROR Enemy transform component is null!
ERROR Enemy transform component is null!
ERROR Enemy transform component is null!
ERROR Enemy transform component is null!
ERROR Enemy transform component is null!
ERROR Enemy transform component is null!
ERROR Enemy transform component is null!
ERROR Enemy transform component is null!
ERROR Enemy transform component is null!
ERROR Enemy transform component is null!
ERROR Enemy transform component is null!
ERROR Enemy transform component is null!
ERROR Enemy transform component is null!
ERROR Enemy transform component is null!
ERROR Enemy transform component is null!
ERROR Enemy transform component is null!
ERROR Enemy transform component is null!
ERROR Enemy transform component is null!
ERROR Enemy transform component is null!
ERROR Enemy transform component is null!
ERROR Enemy transform component is null!
ERROR Enemy transform component is null!
ERROR Enemy transform component is null!
ERROR Enemy transform component is null!
ERROR Enemy transform component is null!
ERROR Enemy transform component is null!
ERROR Enemy transform component is null!
ERROR Enemy transform component is null!
ERROR Enemy transform component is null!
ERROR Enemy transform component is null!
ERROR Enemy transform component is null!
ERROR Enemy transform component is null!
ERROR Enemy transform component is null!
ERROR Enemy transform component is null!
ERROR Enemy transform component is null!
ERROR Enemy transform component is null!
ERROR Enemy transform component is null!
ERROR Enemy transform component is null!
ERROR Enemy transform component is null!
ERROR Enemy transform component is null!
ERROR Enemy transform component is null!
ERROR Enemy transform component is null!
ERROR Enemy transform component is null!
ERROR Enemy transform component is null!
ERROR Enemy transform component is null!
ERROR Enemy transform component is null!
ERROR Enemy transform component is null!
ERROR Enemy transform component is null!
ERROR Enemy transform component is null!
ERROR Enemy transform component is null!
ERROR Enemy transform component is null!
ERROR Enemy transform component is null!
ERROR Enemy transform component is null!
ERROR Enemy transform component is null!
ERROR Enemy transform component is null!
ERROR Enemy transform component is null!
ERROR Enemy transform component is null!
ERROR Enemy transform component is null!
ERROR Enemy transform component is null!
ERROR Enemy transform component is null!
ERROR Enemy transform component is null!
ERROR Enemy transform component is null!
ERROR Enemy transform component is null!
ERROR Enemy transform component is null!
ERROR Enemy transform component is null!
ERROR Enemy transform component is null!
ERROR Enemy transform component is null!
ERROR Enemy transform component is null!
ERROR Enemy transform component is null!
ERROR Enemy transform component is null!
ERROR Enemy transform component is null!
ERROR Enemy transform component is null!
ERROR Enemy transform component is null!
ERROR Enemy transform component is null!
ERROR Enemy transform component is null!
ERROR Enemy transform component is null!
ERROR Enemy transform component is null!
ERROR Enemy transform component is null!
ERROR Enemy transform component is null!
ERROR Enemy transform component is null!
ERROR Enemy transform component is null!
ERROR Enemy transform component is null!
ERROR Enemy transform component is null!
ERROR Enemy transform component is null!
ERROR Enemy transform component is null!
ERROR Enemy transform component is null!
ERROR Enemy transform component is null!
ERROR Enemy transform component is null!
ERROR Enemy transform component is null!
ERROR Enemy transform component is null!
ERROR Enemy transform component is null!
ERROR Enemy transform component is null!
ERROR Enemy transform component is null!
ERROR Enemy transform component is null!
ERROR Enemy transform component is null!
ERROR Enemy transform component is null!
ERROR Enemy transform component is null!
ERROR Enemy transform component is null!
ERROR Enemy transform component is null!
ERROR Enemy transform component is null!
ERROR Enemy transform component is null!
ERROR Enemy transform component is null!
ERROR Enemy transform component is null!
ERROR Enemy transform component is null!
ERROR Enemy transform component is null!
ERROR Enemy transform component is null!
ERROR Enemy transform component is null!
ERROR Enemy transform component is null!
ERROR Enemy transform component is null!
ERROR Enemy transform component is null!
ERROR Enemy transform component is null!
ERROR Enemy transform component is null!
ERROR Enemy transform component is null!
ERROR Enemy transform component is null!
ERROR Enemy transform component is null!
ERROR Enemy transform component is null!
ERROR Enemy transform component is null!
ERROR Enemy transform component is null!
ERROR Enemy transform component is null!
ERROR Enemy transform component is null!
ERROR Enemy transform component is null!
ERROR Enemy transform component is null!
ERROR Enemy transform component is null!
ERROR Enemy transform component is null!
ERROR Enemy transform component is null!
ERROR Enemy transform component is null!
ERROR Enemy transform component is null!
ERROR Enemy transform component is null!
ERROR Enemy transform component is null!
ERROR Enemy transform component is null!
ERROR Enemy transform component is null!
ERROR Enemy transform component is null!
ERROR Enemy transform component is null!
ERROR Enemy transform component is null!
ERROR Enemy transform component is null!
ERROR Enemy transform component is null!
ERROR Enemy transform component is null!
ERROR Enemy transform component is null!
ERROR Enemy transform component is null!
ERROR Enemy transform component is null!
ERROR Enemy transform component is null!
ERROR Enemy transform component is null!
ERROR Enemy transform component is null!
ERROR Enemy transform component is null!
ERROR Enemy transform component is null!
ERROR Enemy transform component is null!
ERROR Enemy transform component is null!
ERROR Enemy transform component is null!
ERROR Enemy transform component is null!
ERROR Enemy transform component is null!
ERROR Enemy transform component is null!
ERROR Enemy transform component is null!
ERROR Enemy transform component is null!
ERROR Enemy transform component is null!
ERROR Enemy transform component is null!
ERROR Enemy transform component is null!
ERROR Enemy transform component is null!
ERROR Enemy transform component is null!
ERROR Enemy transform component is null!
ERROR Enemy transform component is null!
ERROR Enemy transform component is null!
ERROR Enemy transform component is null!
ERROR Enemy transform component is null!
ERROR Enemy transform component is null!
ERROR Enemy transform component is null!
ERROR Enemy transform component is null!
ERROR Enemy transform component is null!
ERROR Enemy transform component is null!
ERROR Enemy transform component is null!
ERROR Enemy transform component is null!
ERROR Enemy transform component is null!
ERROR Enemy transform component is null!
ERROR Enemy transform component is null!
ERROR Enemy transform component is null!
ERROR Enemy transform component is null!
ERROR Enemy transform component is null!
ERROR Enemy transform component is null!
ERROR Enemy transform component is null!
ERROR Enemy transform component is null!
ERROR Enemy transform component is null!
ERROR Enemy transform component is null!
ERROR Enemy transform component is null!
ERROR Enemy transform component is null!
ERROR Enemy transform component is null!
ERROR Enemy transform component is null!
ERROR Enemy transform component is null!
ERROR Enemy transform component is null!
ERROR Enemy transform component is null!
ERROR Enemy transform component is null!
ERROR Enemy transform component is null!
ERROR Enemy transform component is null!
ERROR Enemy transform component is null!
ERROR Enemy transform component is null!
ERROR Enemy transform component is null!
ERROR Enemy transform component is null!
ERROR Enemy transform component is null!
ERROR Enemy transform component is null!
ERROR Enemy transform component is null!
ERROR Enemy transform component is null!
ERROR Enemy transform component is null!
ERROR Enemy transform component is null!
ERROR Enemy transform component is null!
ERROR Enemy transform component is null!
ERROR Enemy transform component is null!
ERROR Enemy transform component is null!
ERROR Enemy transform component is null!
ERROR Enemy transform component is null!
ERROR Enemy transform component is null!
ERROR Enemy transform component is null!
ERROR Enemy transform component is null!
ERROR Enemy transform component is null!
ERROR Enemy transform component is null!
ERROR Enemy transform component is null!
ERROR Enemy transform component is null!
ERROR Enemy transform component is null!
ERROR Enemy transform component is null!
ERROR Enemy transform component is null!
ERROR Enemy transform component is null!
ERROR Enemy transform component is null!
ERROR Enemy transform component is null!
ERROR Enemy transform component is null!
ERROR Enemy transform component is null!
ERROR Enemy transform component is null!
ERROR Enemy transform component is null!
ERROR Enemy transform component is null!
ERROR Enemy transform component is null!
ERROR Enemy transform component is null!
ERROR Enemy transform component is null!
ERROR Enemy transform component is null!
ERROR Enemy transform component is null!
ERROR Enemy transform component is null!
ERROR Enemy transform component is null!
ERROR Enemy transform component is null!
ERROR Enemy transform component is null!
ERROR Enemy transform component is null!
ERROR Enemy transform component is null!
ERROR Enemy transform component is null!
ERROR Enemy transform component is null!
ERROR Enemy transform component is null!
ERROR Enemy transform component is null!
ERROR Enemy transform component is null!
ERROR Enemy transform component is null!
ERROR Enemy transform component is null!
ERROR Enemy transform component is null!
ERROR Enemy transform component is null!
ERROR Enemy transform component is null!
ERROR Enemy transform component is null!
ERROR Enemy transform component is null!
ERROR Enemy transform component is null!
ERROR Enemy transform component is null!
ERROR Enemy transform component is null!
ERROR Enemy transform component is null!
ERROR Enemy transform component is null!
ERROR Enemy transform component is null!
ERROR Enemy transform component is null!
ERROR Enemy transform component is null!
ERROR Enemy transform component is null!
ERROR Enemy transform component is null!
ERROR Enemy transform component is null!
ERROR Enemy transform component is null!
ERROR Enemy transform component is null!
ERROR Enemy transform component is null!
ERROR Enemy transform component is null!
ERROR Enemy transform component is null!
ERROR Enemy transform component is null!
ERROR Enemy transform component is null!
ERROR Enemy transform component is null!
ERROR Enemy transform component is null!
ERROR Enemy transform component is null!
ERROR Enemy transform component is null!
ERROR Enemy transform component is null!
ERROR Enemy transform component is null!
ERROR Enemy transform component is null!
ERROR Enemy transform component is null!
ERROR Enemy transform component is null!
ERROR Enemy transform component is null!
ERROR Enemy transform component is null!
ERROR Enemy transform component is null!
ERROR Enemy transform component is null!
ERROR Enemy transform component is null!
ERROR Enemy transform component is null!
ERROR Enemy transform component is null!
ERROR Enemy transform component is null!
ERROR Enemy transform component is null!
ERROR Enemy transform component is null!
ERROR Enemy transform component is null!
ERROR Enemy transform component is null!
ERROR Enemy transform component is null!
ERROR Enemy transform component is null!
ERROR Enemy transform component is null!
ERROR Enemy transform component is null!
ERROR Enemy transform component is null!
ERROR Enemy transform component is null!
ERROR Enemy transform component is null!
ERROR Enemy transform component is null!
ERROR Enemy transform component is null!
ERROR Enemy transform component is null!
ERROR Enemy transform component is null!
ERROR Enemy transform component is null!
ERROR Enemy transform component is null!
ERROR Enemy transform component is null!
ERROR Enemy transform component is null!
ERROR Enemy transform component is null!
ERROR Enemy transform component is null!
ERROR Enemy transform component is null!
ERROR Enemy transform component is null!
ERROR Enemy transform component is null!
ERROR Enemy transform component is null!
ERROR Enemy transform component is null!
ERROR Enemy transform component is null!
ERROR Enemy transform component is null!
ERROR Enemy transform component is null!
ERROR Enemy transform component is null!
ERROR Enemy transform component is null!
ERROR Enemy transform component is null!
ERROR Enemy transform component is null!
ERROR Enemy transform component is null!
ERROR Enemy transform component is null!
ERROR Enemy transform component is null!
ERROR Enemy transform component is null!
ERROR Enemy transform component is null!
ERROR Enemy transform component is null!
ERROR Enemy transform component is null!
ERROR Enemy transform component is null!
ERROR Enemy transform component is null!
ERROR Enemy transform component is null!
ERROR Enemy transform component is null!
ERROR Enemy transform component is null!
ERROR Enemy transform component is null!
ERROR Enemy transform component is null!
ERROR Enemy transform component is null!
ERROR Enemy transform component is null!
ERROR Enemy transform component is null!
ERROR Enemy transform component is null!
ERROR Enemy transform component is null!
ERROR Enemy transform component is null!
ERROR Enemy transform component is null!
ERROR Enemy transform component is null!
ERROR Enemy transform component is null!
ERROR Enemy transform component is null!
ERROR Enemy transform component is null!
ERROR Enemy transform component is null!
ERROR Enemy transform component is null!
ERROR Enemy transform component is null!
ERROR Enemy transform component is null!
ERROR Enemy transform component is null!
ERROR Enemy transform component is null!
ERROR Enemy transform component is null!
ERROR Enemy transform component is null!
ERROR Enemy transform component is null!
ERROR Enemy transform component is null!
ERROR Enemy transform component is null!
ERROR Enemy transform component is null!
ERROR Enemy transform component is null!
ERROR Enemy transform component is null!
ERROR Enemy transform component is null!
ERROR Enemy transform component is null!
ERROR Enemy transform component is null!
ERROR Enemy transform component is null!
ERROR Enemy transform component is null!
ERROR Enemy transform component is null!
ERROR Enemy transform component is null!
ERROR Enemy transform component is null!
ERROR Enemy transform component is null!
ERROR Enemy transform component is null!
ERROR Enemy transform component is null!
ERROR Enemy transform component is null!
ERROR Enemy transform component is null!
ERROR Enemy transform component is null!
ERROR Enemy transform component is null!
ERROR Enemy transform component is null!
ERROR Enemy transform component is null!
ERROR Enemy transform component is null!
ERROR Enemy transform component is null!
ERROR Enemy transform component is null!
ERROR Enemy transform component is null!
ERROR Enemy transform component is null!
ERROR Enemy transform component is null!
ERROR Enemy transform component is null!
ERROR Enemy transform component is null!
ERROR Enemy transform component is null!
ERROR Enemy transform component is null!
ERROR Enemy transform component is null!
ERROR Enemy transform component is null!
ERROR Enemy transform component is null!
ERROR Enemy transform component is null!
ERROR Enemy transform component is null!
ERROR Enemy transform component is null!
ERROR Enemy transform component is null!
ERROR Enemy transform component is null!
ERROR Enemy transform component is null!
ERROR Enemy transform component is null!
ERROR Enemy transform component is null!
ERROR Enemy transform component is null!
ERROR Enemy transform component is null!
ERROR Enemy transform component is null!
ERROR Enemy transform component is null!
ERROR Enemy transform component is null!
ERROR Enemy transform component is null!
ERROR Enemy transform component is null!
ERROR Enemy transform component is null!
ERROR Enemy transform component is null!
ERROR Enemy transform component is null!
ERROR Enemy transform component is null!
ERROR Enemy transform component is null!
ERROR Enemy transform component is null!
ERROR Enemy transform component is null!
ERROR Enemy transform component is null!
ERROR Enemy transform component is null!
ERROR Enemy transform component is null!
ERROR Enemy transform component is null!
ERROR Enemy transform component is null!
ERROR Enemy transform component is null!
ERROR Enemy transform component is null!
ERROR Enemy transform component is null!
ERROR Enemy transform component is null!
ERROR Enemy transform component is null!
ERROR Enemy transform component is null!
ERROR Enemy transform component is null!
ERROR Enemy transform component is null!
ERROR Enemy transform component is null!
ERROR Enemy transform component is null!
ERROR Enemy transform component is null!
ERROR Enemy transform component is null!
ERROR Enemy transform component is null!
ERROR Enemy transform component is null!
ERROR Enemy transform component is null!
ERROR Enemy transform component is null!
ERROR Enemy transform component is null!
ERROR Enemy transform component is null!
ERROR Enemy transform component is null!
ERROR Enemy transform component is null!
ERROR Enemy transform component is null!
ERROR Enemy transform component is null!
ERROR Enemy transform component is null!
ERROR Enemy transform component is null!
ERROR Enemy transform component is null!
ERROR Enemy transform component is null!
ERROR Enemy transform component is null!
ERROR Enemy transform component is null!
ERROR Enemy transform component is null!
ERROR Enemy transform component is null!
ERROR Enemy transform component is null!
ERROR Enemy transform component is null!
ERROR Enemy transform component is null!
ERROR Enemy transform component is null!
ERROR Enemy transform component is null!
ERROR Enemy transform component is null!
ERROR Enemy transform component is null!
ERROR Enemy transform component is null!
ERROR Enemy transform component is null!
ERROR Enemy transform component is null!
ERROR Enemy transform component is null!
ERROR Enemy transform component is null!
ERROR Enemy transform component is null!
ERROR Enemy transform component is null!
ERROR Enemy transform component is null!
ERROR Enemy transform component is null!
ERROR Enemy transform component is null!
ERROR Enemy transform component is null!
ERROR Enemy transform component is null!
ERROR Enemy transform component is null!
ERROR Enemy transform component is null!
ERROR Enemy transform component is null!
ERROR Enemy transform component is null!
ERROR Enemy transform component is null!
ERROR Enemy transform component is null!
ERROR Enemy transform component is null!
ERROR Enemy transform component is null!
ERROR Enemy transform component is null!
ERROR Enemy transform component is null!
ERROR Enemy transform component is null!
ERROR Enemy transform component is null!
ERROR Enemy transform component is null!
ERROR Enemy transform component is null!
ERROR Enemy transform component is null!
ERROR Enemy transform component is null!
ERROR Enemy transform component is null!
ERROR Enemy transform component is null!
ERROR Enemy transform component is null!
ERROR Enemy transform component is null!
ERROR Enemy transform component is null!
ERROR Enemy transform component is null!
ERROR Enemy transform component is null!
ERROR Enemy transform component is null!
ERROR Enemy transform component is null!
ERROR Enemy transform component is null!
ERROR Enemy transform component is null!
ERROR Enemy transform component is null!
ERROR Enemy transform component is null!
ERROR Enemy transform component is null!
ERROR Enemy transform component is null!
ERROR Enemy transform component is null!
ERROR Enemy transform component is null!
ERROR Enemy transform component is null!
ERROR Enemy transform component is null!
ERROR Enemy transform component is null!
ERROR Enemy transform component is null!
ERROR Enemy transform component is null!
ERROR Enemy transform component is null!
ERROR Enemy transform component is null!
ERROR Enemy transform component is null!
ERROR Enemy transform component is null!
ERROR Enemy transform component is null!
ERROR Enemy transform component is null!
ERROR Enemy transform component is null!
ERROR Enemy transform component is null!
ERROR Enemy transform component is null!
ERROR Enemy transform component is null!
ERROR Enemy transform component is null!
ERROR Enemy transform component is null!
ERROR Enemy transform component is null!
ERROR Enemy transform component is null!
ERROR Enemy transform component is null!
ERROR Enemy transform component is null!
ERROR Enemy transform component is null!
ERROR Enemy transform component is null!
ERROR Enemy transform component is null!
ERROR Enemy transform component is null!
ERROR Enemy transform component is null!
ERROR Enemy transform component is null!
ERROR Enemy transform component is null!
ERROR Enemy transform component is null!
ERROR Enemy transform component is null!
ERROR Enemy transform component is null!
ERROR Enemy transform component is null!
ERROR Enemy transform component is null!
ERROR Enemy transform component is null!
ERROR Enemy transform component is null!
ERROR Enemy transform component is null!
ERROR Enemy transform component is null!
ERROR Enemy transform component is null!
ERROR Enemy transform component is null!
ERROR Enemy transform component is null!
ERROR Enemy transform component is null!
ERROR Enemy transform component is null!
ERROR Enemy transform component is null!
ERROR Enemy transform component is null!
ERROR Enemy transform component is null!
ERROR Enemy transform component is null!
ERROR Enemy transform component is null!
ERROR Enemy transform component is null!
ERROR Enemy transform component is null!
ERROR Enemy transform component is null!
ERROR Enemy transform component is null!
ERROR Enemy transform component is null!
ERROR Enemy transform component is null!
ERROR Enemy transform component is null!
ERROR Enemy transform component is null!
ERROR Enemy transform component is null!
ERROR Enemy transform component is null!
ERROR Enemy transform component is null!
ERROR Enemy transform component is null!
ERROR Enemy transform component is null!
ERROR Enemy transform component is null!
ERROR Enemy transform component is null!
ERROR Enemy transform component is null!
ERROR Enemy transform component is null!
ERROR Enemy transform component is null!
ERROR Enemy transform component is null!
ERROR Enemy transform component is null!
ERROR Enemy transform component is null!
ERROR Enemy transform component is null!
ERROR Enemy transform component is null!
ERROR Enemy transform component is null!
ERROR Enemy transform component is null!
ERROR Enemy transform component is null!
ERROR Enemy transform component is null!
ERROR Enemy transform component is null!
ERROR Enemy transform component is null!
ERROR Enemy transform component is null!
ERROR Enemy transform component is null!
ERROR Enemy transform component is null!
ERROR Enemy transform component is null!
ERROR Enemy transform component is null!
ERROR Enemy transform component is null!
ERROR Enemy transform component is null!
ERROR Enemy transform component is null!
ERROR Enemy transform component is null!
ERROR Enemy transform component is null!
ERROR Enemy transform component is null!
ERROR Enemy transform component is null!
ERROR Enemy transform component is null!
ERROR Enemy transform component is null!
ERROR Enemy transform component is null!
ERROR Enemy transform component is null!
ERROR Enemy transform component is null!
ERROR Enemy transform component is null!
ERROR Enemy transform component is null!
ERROR Enemy transform component is null!
ERROR Enemy transform component is null!
ERROR Enemy transform component is null!
ERROR Enemy transform component is null!
ERROR Enemy transform component is null!
ERROR Enemy transform component is null!
ERROR Enemy transform component is null!
ERROR Enemy transform component is null!
ERROR Enemy transform component is null!
ERROR Enemy transform component is null!
ERROR Enemy transform component is null!
ERROR Enemy transform component is null!
ERROR Enemy transform component is null!
ERROR Enemy transform component is null!
ERROR Enemy transform component is null!
ERROR Enemy transform component is null!
ERROR Enemy transform component is null!
ERROR Enemy transform component is null!
ERROR Enemy transform component is null!
ERROR Enemy transform component is null!
ERROR Enemy transform component is null!
ERROR Enemy transform component is null!
ERROR Enemy transform component is null!
ERROR Enemy transform component is null!
ERROR Enemy transform component is null!
ERROR Enemy transform component is null!
ERROR Enemy transform component is null!
ERROR Enemy transform component is null!
ERROR Enemy transform component is null!
ERROR Enemy transform component is null!
ERROR Enemy transform component is null!
ERROR Enemy transform component is null!
ERROR Enemy transform component is null!
ERROR Enemy transform component is null!
ERROR Enemy transform component is null!
ERROR Enemy transform component is null!
ERROR Enemy transform component is null!
ERROR Enemy transform component is null!
ERROR Enemy transform component is null!
ERROR Enemy transform component is null!
ERROR Enemy transform component is null!
ERROR Enemy transform component is null!
ERROR Enemy transform component is null!
ERROR Enemy transform component is null!
ERROR Enemy transform component is null!
ERROR Enemy transform component is null!
ERROR Enemy transform component is null!
ERROR Enemy transform component is null!
ERROR Enemy transform component is null!
ERROR Enemy transform component is null!
ERROR Enemy transform component is null!
ERROR Enemy transform component is null!
ERROR Enemy transform component is null!
ERROR Enemy transform component is null!
ERROR Enemy transform component is null!
ERROR Enemy transform component is null!
ERROR Enemy transform component is null!
ERROR Enemy transform component is null!
ERROR Enemy transform component is null!
ERROR Enemy transform component is null!
ERROR Enemy transform component is null!
ERROR Enemy transform component is null!
ERROR Enemy transform component is null!
ERROR Enemy transform component is null!
ERROR Enemy transform component is null!
ERROR Enemy transform component is null!
ERROR Enemy transform component is null!
ERROR Enemy transform component is null!
ERROR Enemy transform component is null!
ERROR Enemy transform component is null!
ERROR Enemy transform component is null!
ERROR Enemy transform component is null!
ERROR Enemy transform component is null!
ERROR Enemy transform component is null!
ERROR Enemy transform component is null!
ERROR Enemy transform component is null!
ERROR Enemy transform component is null!
ERROR Enemy transform component is null!
ERROR Enemy transform component is null!
ERROR Enemy transform component is null!
ERROR Enemy transform component is null!
ERROR Enemy transform component is null!
ERROR Enemy transform component is null!
ERROR Enemy transform component is null!
ERROR Enemy transform component is null!
ERROR Enemy transform component is null!
ERROR Enemy transform component is null!
ERROR Enemy transform component is null!
ERROR Enemy transform component is null!
ERROR Enemy transform component is null!
ERROR Enemy transform component is null!
ERROR Enemy transform component is null!
ERROR Enemy transform component is null!
ERROR Enemy transform component is null!
ERROR Enemy transform component is null!
ERROR Enemy transform component is null!
ERROR Enemy transform component is null!
ERROR Enemy transform component is null!
ERROR Enemy transform component is null!
ERROR Enemy transform component is null!
ERROR Enemy transform component is null!
ERROR Enemy transform component is null!
ERROR Enemy transform component is null!
ERROR Enemy transform component is null!
ERROR Enemy transform component is null!
ERROR Enemy transform component is null!
ERROR Enemy transform component is null!
ERROR Enemy transform component is null!
ERROR Enemy transform component is null!
ERROR Enemy transform component is null!
ERROR Enemy transform component is null!
ERROR Enemy transform component is null!
ERROR Enemy transform component is null!
ERROR Enemy transform component is null!
ERROR Enemy transform component is null!
ERROR Enemy transform component is null!
ERROR Enemy transform component is null!
ERROR Enemy transform component is null!
ERROR Enemy transform component is null!
ERROR Enemy transform component is null!
ERROR Enemy transform component is null!
ERROR Enemy transform component is null!
ERROR Enemy transform component is null!
ERROR Enemy transform component is null!
ERROR Enemy transform component is null!
ERROR Enemy transform component is null!
ERROR Enemy transform component is null!
ERROR Enemy transform component is null!
ERROR Enemy transform component is null!
ERROR Enemy transform component is null!
ERROR Enemy transform component is null!
ERROR Enemy transform component is null!
ERROR Enemy transform component is null!
ERROR Enemy transform component is null!
ERROR Enemy transform component is null!
ERROR Enemy transform component is null!
ERROR Enemy transform component is null!
ERROR Enemy transform component is null!
ERROR Enemy transform component is null!
ERROR Enemy transform component is null!
ERROR Enemy transform component is null!
ERROR Enemy transform component is null!
ERROR Enemy transform component is null!
ERROR Enemy transform component is null!
ERROR Enemy transform component is null!
ERROR Enemy transform component is null!
ERROR Enemy transform component is null!
ERROR Enemy transform component is null!
ERROR Enemy transform component is null!
ERROR Enemy transform component is null!
ERROR Enemy transform component is null!
ERROR Enemy transform component is null!
ERROR Enemy transform component is null!
ERROR Enemy transform component is null!
ERROR Enemy transform component is null!
ERROR Enemy transform component is null!
ERROR Enemy transform component is null!
ERROR Enemy transform component is null!
ERROR Enemy transform component is null!
ERROR Enemy transform component is null!
ERROR Enemy transform component is null!
ERROR Enemy transform component is null!
ERROR Enemy transform component is null!
ERROR Enemy transform component is null!
ERROR Enemy transform component is null!
ERROR Enemy transform component is null!
ERROR Enemy transform component is null!
ERROR Enemy transform component is null!
ERROR Enemy transform component is null!
ERROR Enemy transform component is null!
ERROR Enemy transform component is null!
ERROR Enemy transform component is null!
ERROR Enemy transform component is null!
ERROR Enemy transform component is null!
ERROR Enemy transform component is null!
ERROR Enemy transform component is null!
ERROR Enemy transform component is null!
ERROR Enemy transform component is null!
ERROR Enemy transform component is null!
ERROR Enemy transform component is null!
ERROR Enemy transform component is null!
ERROR Enemy transform component is null!
ERROR Enemy transform component is null!
ERROR Enemy transform component is null!
ERROR Enemy transform component is null!
ERROR Enemy transform component is null!
ERROR Enemy transform component is null!
ERROR Enemy transform component is null!
ERROR Enemy transform component is null!
ERROR Enemy transform component is null!
ERROR Enemy transform component is null!
ERROR Enemy transform component is null!
ERROR Enemy transform component is null!
ERROR Enemy transform component is null!
ERROR Enemy transform component is null!
ERROR Enemy transform component is null!
ERROR Enemy transform component is null!
ERROR Enemy transform component is null!
ERROR Enemy transform component is null!
ERROR Enemy transform component is null!
ERROR Enemy transform component is null!
ERROR Enemy transform component is null!
ERROR Enemy transform component is null!
ERROR Enemy transform component is null!
ERROR Enemy transform component is null!
ERROR Enemy transform component is null!
ERROR Enemy transform component is null!
ERROR Enemy transform component is null!
ERROR Enemy transform component is null!
ERROR Enemy transform component is null!
ERROR Enemy transform component is null!
ERROR Enemy transform component is null!
ERROR Enemy transform component is null!
ERROR Enemy transform component is null!
ERROR Enemy transform component is null!
ERROR Enemy transform component is null!
ERROR Enemy transform component is null!
ERROR Enemy transform component is null!
ERROR Enemy transform component is null!
ERROR Enemy transform component is null!
ERROR Enemy transform component is null!
ERROR Enemy transform component is null!
ERROR Enemy transform component is null!
ERROR Enemy transform component is null!
ERROR Enemy transform component is null!
ERROR Enemy transform component is null!
ERROR Enemy transform component is null!
ERROR Enemy transform component is null!
ERROR Enemy transform component is null!
ERROR Enemy transform component is null!
ERROR Enemy transform component is null!
ERROR Enemy transform component is null!
ERROR Enemy transform component is null!
ERROR Enemy transform component is null!
ERROR Enemy transform component is null!
ERROR Enemy transform component is null!
ERROR Enemy transform component is null!
ERROR Enemy transform component is null!
ERROR Enemy transform component is null!
ERROR Enemy transform component is null!
ERROR Enemy transform component is null!
ERROR Enemy transform component is null!
ERROR Enemy transform component is null!
ERROR Enemy transform component is null!
ERROR Enemy transform component is null!
ERROR Enemy transform component is null!
ERROR Enemy transform component is null!
ERROR Enemy transform component is null!
ERROR Enemy transform component is null!
ERROR Enemy transform component is null!
ERROR Enemy transform component is null!
ERROR Enemy transform component is null!
ERROR Enemy transform component is null!
ERROR Enemy transform component is null!
ERROR Enemy transform component is null!
ERROR Enemy transform component is null!
ERROR Enemy transform component is null!
ERROR Enemy transform component is null!
ERROR Enemy transform component is null!
ERROR Enemy transform component is null!
ERROR Enemy transform component is null!
ERROR Enemy transform component is null!
ERROR Enemy transform component is null!
ERROR Enemy transform component is null!
ERROR Enemy transform component is null!
ERROR Enemy transform component is null!
ERROR Enemy transform component is null!
ERROR Enemy transform component is null!
ERROR Enemy transform component is null!
ERROR Enemy transform component is null!
ERROR Enemy transform component is null!
ERROR Enemy transform component is null!
ERROR Enemy transform component is null!
ERROR Enemy transform component is null!
ERROR Enemy transform component is null!
ERROR Enemy transform component is null!
ERROR Enemy transform component is null!
ERROR Enemy transform component is null!
ERROR Enemy transform component is null!
ERROR Enemy transform component is null!
ERROR Enemy transform component is null!
ERROR Enemy transform component is null!
ERROR Enemy transform component is null!
ERROR Enemy transform component is null!
ERROR Enemy transform component is null!
ERROR Enemy transform component is null!
ERROR Enemy transform component is null!
ERROR Enemy transform component is null!
ERROR Enemy transform component is null!
ERROR Enemy transform component is null!
ERROR Enemy transform component is null!
ERROR Enemy transform component is null!
ERROR Enemy transform component is null!
ERROR Enemy transform component is null!
ERROR Enemy transform component is null!
ERROR Enemy transform component is null!
ERROR Enemy transform component is null!
ERROR Enemy transform component is null!
ERROR Enemy transform component is null!
ERROR Enemy transform component is null!
ERROR Enemy transform component is null!
ERROR Enemy transform component is null!
ERROR Enemy transform component is null!
ERROR Enemy transform component is null!
ERROR Enemy transform component is null!
ERROR Enemy transform component is null!
ERROR Enemy transform component is null!
ERROR Enemy transform component is null!
ERROR Enemy transform component is null!
ERROR Enemy transform component is null!
ERROR Enemy transform component is null!
ERROR Enemy transform component is null!
ERROR Enemy transform component is null!
ERROR Enemy transform component is null!
ERROR Enemy transform component is null!
ERROR Enemy transform component is null!
ERROR Enemy transform component is null!
ERROR Enemy transform component is null!
ERROR Enemy transform component is null!
ERROR Enemy transform component is null!
ERROR Enemy transform component is null!
ERROR Enemy transform component is null!
ERROR Enemy transform component is null!
ERROR Enemy transform component is null!
ERROR Enemy transform component is null!
ERROR Enemy transform component is null!
ERROR Enemy transform component is null!
ERROR Enemy transform component is null!
ERROR Enemy transform component is null!
ERROR Enemy transform component is null!
ERROR Enemy transform component is null!
ERROR Enemy transform component is null!
ERROR Enemy transform component is null!
ERROR Enemy transform component is null!
ERROR Enemy transform component is null!
ERROR Enemy transform component is null!
ERROR Enemy transform component is null!
ERROR Enemy transform component is null!
ERROR Enemy transform component is null!
ERROR Enemy transform component is null!
ERROR Enemy transform component is null!
ERROR Enemy transform component is null!
ERROR Enemy transform component is null!
ERROR Enemy transform component is null!
ERROR Enemy transform component is null!
ERROR Enemy transform component is null!
ERROR Enemy transform component is null!
ERROR Enemy transform component is null!
ERROR Enemy transform component is null!
ERROR Enemy transform component is null!
ERROR Enemy transform component is null!
ERROR Enemy transform component is null!
ERROR Enemy transform component is null!
ERROR Enemy transform component is null!
ERROR Enemy transform component is null!
ERROR Enemy transform component is null!
ERROR Enemy transform component is null!
ERROR Enemy transform component is null!
ERROR Enemy transform component is null!
ERROR Enemy transform component is null!
ERROR Enemy transform component is null!
ERROR Enemy transform component is null!
ERROR Enemy transform component is null!
ERROR Enemy transform component is null!
ERROR Enemy transform component is null!
ERROR Enemy transform component is null!
ERROR Enemy transform component is null!
ERROR Enemy transform component is null!
ERROR Enemy transform component is null!
ERROR Enemy transform component is null!
ERROR Enemy transform component is null!
ERROR Enemy transform component is null!
ERROR Enemy transform component is null!
ERROR Enemy transform component is null!
ERROR Enemy transform component is null!
ERROR Enemy transform component is null!
ERROR Enemy transform component is null!
ERROR Enemy transform component is null!
ERROR Enemy transform component is null!
ERROR Enemy transform component is null!
ERROR Enemy transform component is null!
ERROR Enemy transform component is null!
ERROR Enemy transform component is null!
ERROR Enemy transform component is null!
ERROR Enemy transform component is null!
ERROR Enemy transform component is null!
ERROR Enemy transform component is null!
ERROR Enemy transform component is null!
ERROR Enemy transform component is null!
ERROR Enemy transform component is null!
ERROR Enemy transform component is null!
ERROR Enemy transform component is null!
ERROR Enemy transform component is null!
ERROR Enemy transform component is null!
ERROR Enemy transform component is null!
ERROR Enemy transform component is null!
ERROR Enemy transform component is null!
ERROR Enemy transform component is null!
ERROR Enemy transform component is null!
ERROR Enemy transform component is null!
ERROR Enemy transform component is null!
ERROR Enemy transform component is null!
ERROR Enemy transform component is null!
ERROR Enemy transform component is null!
ERROR Enemy transform component is null!
ERROR Enemy transform component is null!
ERROR Enemy transform component is null!
ERROR Enemy transform component is null!
ERROR Enemy transform component is null!
ERROR Enemy transform component is null!
ERROR Enemy transform component is null!
ERROR Enemy transform component is null!
ERROR Enemy transform component is null!
ERROR Enemy transform component is null!
ERROR Enemy transform component is null!
ERROR Enemy transform component is null!
ERROR Enemy transform component is null!
ERROR Enemy transform component is null!
ERROR Enemy transform component is null!
ERROR Enemy transform component is null!
ERROR Enemy transform component is null!
ERROR Enemy transform component is null!
ERROR Enemy transform component is null!
ERROR Enemy transform component is null!
ERROR Enemy transform component is null!
ERROR Enemy transform component is null!
ERROR Enemy transform component is null!
ERROR Enemy transform component is null!
ERROR Enemy transform component is null!
ERROR Enemy transform component is null!
ERROR Enemy transform component is null!
ERROR Enemy transform component is null!
ERROR Enemy transform component is null!
ERROR Enemy transform component is null!
ERROR Enemy transform component is null!
ERROR Enemy transform component is null!
ERROR Enemy transform component is null!
ERROR Enemy transform component is null!
ERROR Enemy transform component is null!
ERROR Enemy transform component is null!
ERROR Enemy transform component is null!
ERROR Enemy transform component is null!
ERROR Enemy transform component is null!
ERROR Enemy transform component is null!
ERROR Enemy transform component is null!
ERROR Enemy transform component is null!
ERROR Enemy transform component is null!
ERROR Enemy transform component is null!
ERROR Enemy transform component is null!
ERROR Enemy transform component is null!
ERROR Enemy transform component is null!
ERROR Enemy transform component is null!
ERROR Enemy transform component is null!
ERROR Enemy transform component is null!
ERROR Enemy transform component is null!
ERROR Enemy transform component is null!
ERROR Enemy transform component is null!
ERROR Enemy transform component is null!
ERROR Enemy transform component is null!
ERROR Enemy transform component is null!
ERROR Enemy transform component is null!
ERROR Enemy transform component is null!
ERROR Enemy transform component is null!
ERROR Enemy transform component is null!
ERROR Enemy transform component is null!
ERROR Enemy transform component is null!
ERROR Enemy transform component is null!
ERROR Enemy transform component is null!
ERROR Enemy transform component is null!
ERROR Enemy transform component is null!
ERROR Enemy transform component is null!
ERROR Enemy transform component is null!
ERROR Enemy transform component is null!
ERROR Enemy transform component is null!
ERROR Enemy transform component is null!
ERROR Enemy transform component is null!
ERROR Enemy transform component is null!
ERROR Enemy transform component is null!
ERROR Enemy transform component is null!
ERROR Enemy transform component is null!
ERROR Enemy transform component is null!
ERROR Enemy transform component is null!
ERROR Enemy transform component is null!
ERROR Enemy transform component is null!
ERROR Enemy transform component is null!
ERROR Enemy transform component is null!
ERROR Enemy transform component is null!
ERROR Enemy transform component is null!
ERROR Enemy transform component is null!
ERROR Enemy transform component is null!
ERROR Enemy transform component is null!
ERROR Enemy transform component is null!
ERROR Enemy transform component is null!
ERROR Enemy transform component is null!
ERROR Enemy transform component is null!
ERROR Enemy transform component is null!
ERROR Enemy transform component is null!
ERROR Enemy transform component is null!
ERROR Enemy transform component is null!
ERROR Enemy transform component is null!
ERROR Enemy transform component is null!
ERROR Enemy transform component is null!
ERROR Enemy transform component is null!
ERROR Enemy transform component is null!
ERROR Enemy transform component is null!
ERROR Enemy transform component is null!
ERROR Enemy transform component is null!
ERROR Enemy transform component is null!
ERROR Enemy transform component is null!
ERROR Enemy transform component is null!
ERROR Enemy transform component is null!
ERROR Enemy transform component is null!
ERROR Enemy transform component is null!
ERROR Enemy transform component is null!
ERROR Enemy transform component is null!
ERROR Enemy transform component is null!
ERROR Enemy transform component is null!
ERROR Enemy transform component is null!
ERROR Enemy transform component is null!
ERROR Enemy transform component is null!
ERROR Enemy transform component is null!
ERROR Enemy transform component is null!
ERROR Enemy transform component is null!
ERROR Enemy transform component is null!
ERROR Enemy transform component is null!
ERROR Enemy transform component is null!
ERROR Enemy transform component is null!
ERROR Enemy transform component is null!
ERROR Enemy transform component is null!
ERROR Enemy transform component is null!
ERROR Enemy transform component is null!
ERROR Enemy transform component is null!
ERROR Enemy transform component is null!
ERROR Enemy transform component is null!
ERROR Enemy transform component is null!
ERROR Enemy transform component is null!
ERROR Enemy transform component is null!
ERROR Enemy transform component is null!
ERROR Enemy transform component is null!
ERROR Enemy transform component is null!
ERROR Enemy transform component is null!
ERROR Enemy transform component is null!
ERROR Enemy transform component is null!
ERROR Enemy transform component is null!
ERROR Enemy transform component is null!
ERROR Enemy transform component is null!
ERROR Enemy transform component is null!
ERROR Enemy transform component is null!
ERROR Enemy transform component is null!
ERROR Enemy transform component is null!
ERROR Enemy transform component is null!
ERROR Enemy transform component is null!
ERROR Enemy transform component is null!
ERROR Enemy transform component is null!
ERROR Enemy transform component is null!
ERROR Enemy transform component is null!
ERROR Enemy transform component is null!
ERROR Enemy transform component is null!
ERROR Enemy transform component is null!
ERROR Enemy transform component is null!
ERROR Enemy transform component is null!
ERROR Enemy transform component is null!
ERROR Enemy transform component is null!
ERROR Enemy transform component is null!
ERROR Enemy transform component is null!
ERROR Enemy transform component is null!
ERROR Enemy transform component is null!
ERROR Enemy transform component is null!
ERROR Enemy transform component is null!
ERROR Enemy transform component is null!
ERROR Enemy transform component is null!
ERROR Enemy transform component is null!
ERROR Enemy transform component is null!
ERROR Enemy transform component is null!
ERROR Enemy transform component is null!
ERROR Enemy transform component is null!
ERROR Enemy transform component is null!
ERROR Enemy transform component is null!
ERROR Enemy transform component is null!
ERROR Enemy transform component is null!
ERROR Enemy transform component is null!
ERROR Enemy transform component is null!
ERROR Enemy transform component is null!
ERROR Enemy transform component is null!
ERROR Enemy transform component is null!
ERROR Enemy transform component is null!
ERROR Enemy transform component is null!
ERROR Enemy transform component is null!
ERROR Enemy transform component is null!
ERROR Enemy transform component is null!
ERROR Enemy transform component is null!
ERROR Enemy transform component is null!
ERROR Enemy transform component is null!
ERROR Enemy transform component is null!
ERROR Enemy transform component is null!
ERROR Enemy transform component is null!
ERROR Enemy transform component is null!
ERROR Enemy transform component is null!
ERROR Enemy transform component is null!
ERROR Enemy transform component is null!
ERROR Enemy transform component is null!
ERROR Enemy transform component is null!
ERROR Enemy transform component is null!
ERROR Enemy transform component is null!
ERROR Enemy transform component is null!
ERROR Enemy transform component is null!
ERROR Enemy transform component is null!
ERROR Enemy transform component is null!
ERROR Enemy transform component is null!
ERROR Enemy transform component is null!
ERROR Enemy transform component is null!
ERROR Enemy transform component is null!
ERROR Enemy transform component is null!
ERROR Enemy transform component is null!
ERROR Enemy transform component is null!
ERROR Enemy transform component is null!
ERROR Enemy transform component is null!
ERROR Enemy transform component is null!
ERROR Enemy transform component is null!
ERROR Enemy transform component is null!
ERROR Enemy transform component is null!
ERROR Enemy transform component is null!
ERROR Enemy transform component is null!
ERROR Enemy transform component is null!
ERROR Enemy transform component is null!
ERROR Enemy transform component is null!
ERROR Enemy transform component is null!
ERROR Enemy transform component is null!
ERROR Enemy transform component is null!
ERROR Enemy transform component is null!
ERROR Enemy transform component is null!
ERROR Enemy transform component is null!
ERROR Enemy transform component is null!
ERROR Enemy transform component is null!
ERROR Enemy transform component is null!
ERROR Enemy transform component is null!
ERROR Enemy transform component is null!
ERROR Enemy transform component is null!
ERROR Enemy transform component is null!
ERROR Enemy transform component is null!
ERROR Enemy transform component is null!
ERROR Enemy transform component is null!
ERROR Enemy transform component is null!
ERROR Enemy transform component is null!
ERROR Enemy transform component is null!
ERROR Enemy transform component is null!
ERROR Enemy transform component is null!
ERROR Enemy transform component is null!
ERROR Enemy transform component is null!
ERROR Enemy transform component is null!
ERROR Enemy transform component is null!
ERROR Enemy transform component is null!
ERROR Enemy transform component is null!
ERROR Enemy transform component is null!
ERROR Enemy transform component is null!
ERROR Enemy transform component is null!
ERROR Enemy transform component is null!
ERROR Enemy transform component is null!
ERROR Enemy transform component is null!
ERROR Enemy transform component is null!
ERROR Enemy transform component is null!
ERROR Enemy transform component is null!
ERROR Enemy transform component is null!
ERROR Enemy transform component is null!
ERROR Enemy transform component is null!
ERROR Enemy transform component is null!
ERROR Enemy transform component is null!
ERROR Enemy transform component is null!
ERROR Enemy transform component is null!
ERROR Enemy transform component is null!
ERROR Enemy transform component is null!
ERROR Enemy transform component is null!
ERROR Enemy transform component is null!
ERROR Enemy transform component is null!
ERROR Enemy transform component is null!
ERROR Enemy transform component is null!
ERROR Enemy transform component is null!
ERROR Enemy transform component is null!
ERROR Enemy transform component is null!
ERROR Enemy transform component is null!
ERROR Enemy transform component is null!
ERROR Enemy transform component is null!
ERROR Enemy transform component is null!
ERROR Enemy transform component is null!
ERROR Enemy transform component is null!
ERROR Enemy transform component is null!
ERROR Enemy transform component is null!
ERROR Enemy transform component is null!
ERROR Enemy transform component is null!
ERROR Enemy transform component is null!
ERROR Enemy transform component is null!
ERROR Enemy transform component is null!
ERROR Enemy transform component is null!
ERROR Enemy transform component is null!
ERROR Enemy transform component is null!
ERROR Enemy transform component is null!
ERROR Enemy transform component is null!
ERROR Enemy transform component is null!
ERROR Enemy transform component is null!
ERROR Enemy transform component is null!
ERROR Enemy transform component is null!
ERROR Enemy transform component is null!
ERROR Enemy transform component is null!
ERROR Enemy transform component is null!
ERROR Enemy transform component is null!
ERROR Enemy transform component is null!
ERROR Enemy transform component is null!
ERROR Enemy transform component is null!
ERROR Enemy transform component is null!
ERROR Enemy transform component is null!
ERROR Enemy transform component is null!
ERROR Enemy transform component is null!
ERROR Enemy transform component is null!
ERROR Enemy transform component is null!
ERROR Enemy transform component is null!
ERROR Enemy transform component is null!
ERROR Enemy transform component is null!
ERROR Enemy transform component is null!
ERROR Enemy transform component is null!
ERROR Enemy transform component is null!
ERROR Enemy transform component is null!
ERROR Enemy transform component is null!
ERROR Enemy transform component is null!
ERROR Enemy transform component is null!
ERROR Enemy transform component is null!
ERROR Enemy transform component is null!
ERROR Enemy transform component is null!
ERROR Enemy transform component is null!
ERROR Enemy transform component is null!
ERROR Enemy transform component is null!
ERROR Enemy transform component is null!
ERROR Enemy transform component is null!
ERROR Enemy transform component is null!
ERROR Enemy transform component is null!
ERROR Enemy transform component is null!
ERROR Enemy transform component is null!
ERROR Enemy transform component is null!
ERROR Enemy transform component is null!
ERROR Enemy transform component is null!
ERROR Enemy transform component is null!
ERROR Enemy transform component is null!
ERROR Enemy transform component is null!
ERROR Enemy transform component is null!
ERROR Enemy transform component is null!
ERROR Enemy transform component is null!
ERROR Enemy transform component is null!
ERROR Enemy transform component is null!
ERROR Enemy transform component is null!
ERROR Enemy transform component is null!
ERROR Enemy transform component is null!
ERROR Enemy transform component is null!
ERROR Enemy transform component is null!
ERROR Enemy transform component is null!
ERROR Enemy transform component is null!
ERROR Enemy transform component is null!
ERROR Enemy transform component is null!
ERROR Enemy transform component is null!
ERROR Enemy transform component is null!
ERROR Enemy transform component is null!
ERROR Enemy transform component is null!
ERROR Enemy transform component is null!
ERROR Enemy transform component is null!
ERROR Enemy transform component is null!
ERROR Enemy transform component is null!
ERROR Enemy transform component is null!
ERROR Enemy transform component is null!
ERROR Enemy transform component is null!
ERROR Enemy transform component is null!
ERROR Enemy transform component is null!
ERROR Enemy transform component is null!
ERROR Enemy transform component is null!
ERROR Enemy transform component is null!
ERROR Enemy transform component is null!
ERROR Enemy transform component is null!
ERROR Enemy transform component is null!
ERROR Enemy transform component is null!
ERROR Enemy transform component is null!
ERROR Enemy transform component is null!
ERROR Enemy transform component is null!
ERROR Enemy transform component is null!
ERROR Enemy transform component is null!
ERROR Enemy transform component is null!
ERROR Enemy transform component is null!
ERROR Enemy transform component is null!
ERROR Enemy transform component is null!
ERROR Enemy transform component is null!
ERROR Enemy transform component is null!
ERROR Enemy transform component is null!
ERROR Enemy transform component is null!
ERROR Enemy transform component is null!
ERROR Enemy transform component is null!
ERROR Enemy transform component is null!
ERROR Enemy transform component is null!
ERROR Enemy transform component is null!
ERROR Enemy transform component is null!
ERROR Enemy transform component is null!
ERROR Enemy transform component is null!
ERROR Enemy transform component is null!
ERROR Enemy transform component is null!
ERROR Enemy transform component is null!
ERROR Enemy transform component is null!
ERROR Enemy transform component is null!
ERROR Enemy transform component is null!
ERROR Enemy transform component is null!
ERROR Enemy transform component is null!
ERROR Enemy transform component is null!
ERROR Enemy transform component is null!
ERROR Enemy transform component is null!
ERROR Enemy transform component is null!
ERROR Enemy transform component is null!
ERROR Enemy transform component is null!
ERROR Enemy transform component is null!
ERROR Enemy transform component is null!
ERROR Enemy transform component is null!
ERROR Enemy transform component is null!
ERROR Enemy transform component is null!
ERROR Enemy transform component is null!
ERROR Enemy transform component is null!
ERROR Enemy transform component is null!
ERROR Enemy transform component is null!
ERROR Enemy transform component is null!
ERROR Enemy transform component is null!
ERROR Enemy transform component is null!
ERROR Enemy transform component is null!
ERROR Enemy transform component is null!
ERROR Enemy transform component is null!
ERROR Enemy transform component is null!
ERROR Enemy transform component is null!
ERROR Enemy transform component is null!
ERROR Enemy transform component is null!
ERROR Enemy transform component is null!
ERROR Enemy transform component is null!
ERROR Enemy transform component is null!
ERROR Enemy transform component is null!
ERROR Enemy transform component is null!
ERROR Enemy transform component is null!
ERROR Enemy transform component is null!
ERROR Enemy transform component is null!
ERROR Enemy transform component is null!
ERROR Enemy transform component is null!
ERROR Enemy transform component is null!
ERROR Enemy transform component is null!
ERROR Enemy transform component is null!
ERROR Enemy transform component is null!
ERROR Enemy transform component is null!
ERROR Enemy transform component is null!
ERROR Enemy transform component is null!
ERROR Enemy transform component is null!
ERROR Enemy transform component is null!
ERROR Enemy transform component is null!
ERROR Enemy transform component is null!
ERROR Enemy transform component is null!
ERROR Enemy transform component is null!
ERROR Enemy transform component is null!
ERROR Enemy transform component is null!
ERROR Enemy transform component is null!
ERROR Enemy transform component is null!
ERROR Enemy transform component is null!
ERROR Enemy transform component is null!
ERROR Enemy transform component is null!
ERROR Enemy transform component is null!
ERROR Enemy transform component is null!
ERROR Enemy transform component is null!
ERROR Enemy transform component is null!
ERROR Enemy transform component is null!
ERROR Enemy transform component is null!
ERROR Enemy transform component is null!
ERROR Enemy transform component is null!
ERROR Enemy transform component is null!
ERROR Enemy transform component is null!
ERROR Enemy transform component is null!
ERROR Enemy transform component is null!
ERROR Enemy transform component is null!
ERROR Enemy transform component is null!
ERROR Enemy transform component is null!
ERROR Enemy transform component is null!
ERROR Enemy transform component is null!
ERROR Enemy transform component is null!
ERROR Enemy transform component is null!
ERROR Enemy transform component is null!
ERROR Enemy transform component is null!
ERROR Enemy transform component is null!
ERROR Enemy transform component is null!
ERROR Enemy transform component is null!
ERROR Enemy transform component is null!
ERROR Enemy transform component is null!
ERROR Enemy transform component is null!
ERROR Enemy transform component is null!
ERROR Enemy transform component is null!
ERROR Enemy transform component is null!
ERROR Enemy transform component is null!
ERROR Enemy transform component is null!
ERROR Enemy transform component is null!
ERROR Enemy transform component is null!
ERROR Enemy transform component is null!
ERROR Enemy transform component is null!
ERROR Enemy transform component is null!
ERROR Enemy transform component is null!
ERROR Enemy transform component is null!
ERROR Enemy transform component is null!
ERROR Enemy transform component is null!
ERROR Enemy transform component is null!
ERROR Enemy transform component is null!
ERROR Enemy transform component is null!
ERROR Enemy transform component is null!
ERROR Enemy transform component is null!
ERROR Enemy transform component is null!
ERROR Enemy transform component is null!
ERROR Enemy transform component is null!
ERROR Enemy transform component is null!
ERROR Enemy transform component is null!
ERROR Enemy transform component is null!
ERROR Enemy transform component is null!
ERROR Enemy transform component is null!
ERROR Enemy transform component is null!
ERROR Enemy transform component is null!
ERROR Enemy transform component is null!
ERROR Enemy transform component is null!
ERROR Enemy transform component is null!
ERROR Enemy transform component is null!
ERROR Enemy transform component is null!
ERROR Enemy transform component is null!
ERROR Enemy transform component is null!
ERROR Enemy transform component is null!
ERROR Enemy transform component is null!
ERROR Enemy transform component is null!
ERROR Enemy transform component is null!
ERROR Enemy transform component is null!
ERROR Enemy transform component is null!
ERROR Enemy transform component is null!
ERROR Enemy transform component is null!
ERROR Enemy transform component is null!
ERROR Enemy transform component is null!
ERROR Enemy transform component is null!
ERROR Enemy transform component is null!
ERROR Enemy transform component is null!
ERROR Enemy transform component is null!
ERROR Enemy transform component is null!
ERROR Enemy transform component is null!
ERROR Enemy transform component is null!
ERROR Enemy transform component is null!
ERROR Enemy transform component is null!
ERROR Enemy transform component is null!
ERROR Enemy transform component is null!
ERROR Enemy transform component is null!
ERROR Enemy transform component is null!
ERROR Enemy transform component is null!
ERROR Enemy transform component is null!
ERROR Enemy transform component is null!
ERROR Enemy transform component is null!
ERROR Enemy transform component is null!
ERROR Enemy transform component is null!
ERROR Enemy transform component is null!
ERROR Enemy transform component is null!
ERROR Enemy transform component is null!
ERROR Enemy transform component is null!
ERROR Enemy transform component is null!
ERROR Enemy transform component is null!
ERROR Enemy transform component is null!
ERROR Enemy transform component is null!
ERROR Enemy transform component is null!
ERROR Enemy transform component is null!
ERROR Enemy transform component is null!
ERROR Enemy transform component is null!
ERROR Enemy transform component is null!
ERROR Enemy transform component is null!
ERROR Enemy transform component is null!
ERROR Enemy transform component is null!
ERROR Enemy transform component is null!
ERROR Enemy transform component is null!
ERROR Enemy transform component is null!
ERROR Enemy transform component is null!
ERROR Enemy transform component is null!
ERROR Enemy transform component is null!
ERROR Enemy transform component is null!
ERROR Enemy transform component is null!
ERROR Enemy transform component is null!
ERROR Enemy transform component is null!
ERROR Enemy transform component is null!
ERROR Enemy transform component is null!
ERROR Enemy transform component is null!
ERROR Enemy transform component is null!
ERROR Enemy transform component is null!
ERROR Enemy transform component is null!
ERROR Enemy transform component is null!
ERROR Enemy transform component is null!
ERROR Enemy transform component is null!
ERROR Enemy transform component is null!
ERROR Enemy transform component is null!
ERROR Enemy transform component is null!
ERROR Enemy transform component is null!
ERROR Enemy transform component is null!
ERROR Enemy transform component is null!
ERROR Enemy transform component is null!
ERROR Enemy transform component is null!
ERROR Enemy transform component is null!
ERROR Enemy transform component is null!
ERROR Enemy transform component is null!
ERROR Enemy transform component is null!
ERROR Enemy transform component is null!
ERROR Enemy transform component is null!
ERROR Enemy transform component is null!
ERROR Enemy transform component is null!
ERROR Enemy transform component is null!
ERROR Enemy transform component is null!
ERROR Enemy transform component is null!
ERROR Enemy transform component is null!
ERROR Enemy transform component is null!
ERROR Enemy transform component is null!
ERROR Enemy transform component is null!
ERROR Enemy transform component is null!
ERROR Enemy transform component is null!
ERROR Enemy transform component is null!
ERROR Enemy transform component is null!
ERROR Enemy transform component is null!
ERROR Enemy transform component is null!
ERROR Enemy transform component is null!
ERROR Enemy transform component is null!
ERROR Enemy transform component is null!
ERROR Enemy transform component is null!
ERROR Enemy transform component is null!
ERROR Enemy transform component is null!
ERROR Enemy transform component is null!
ERROR Enemy transform component is null!
ERROR Enemy transform component is null!
ERROR Enemy transform component is null!
ERROR Enemy transform component is null!
ERROR Enemy transform component is null!
ERROR Enemy transform component is null!
ERROR Enemy transform component is null!
ERROR Enemy transform component is null!
ERROR Enemy transform component is null!
ERROR Enemy transform component is null!
ERROR Enemy transform component is null!
ERROR Enemy transform component is null!
ERROR Enemy transform component is null!
ERROR Enemy transform component is null!
ERROR Enemy transform component is null!
ERROR Enemy transform component is null!
ERROR Enemy transform component is null!
ERROR Enemy transform component is null!
ERROR Enemy transform component is null!
ERROR Enemy transform component is null!
ERROR Enemy transform component is null!
ERROR Enemy transform component is null!
ERROR Enemy transform component is null!
ERROR Enemy transform component is null!
ERROR Enemy transform component is null!
ERROR Enemy transform component is null!
ERROR Enemy transform component is null!
ERROR Enemy transform component is null!
ERROR Enemy transform component is null!
ERROR Enemy transform component is null!
ERROR Enemy transform component is null!
ERROR Enemy transform component is null!
ERROR Enemy transform component is null!
ERROR Enemy transform component is null!
ERROR Enemy transform component is null!
ERROR Enemy transform component is null!
ERROR Enemy transform component is null!
ERROR Enemy transform component is null!
ERROR Enemy transform component is null!
ERROR Enemy transform component is null!
ERROR Enemy transform component is null!
ERROR Enemy transform component is null!
ERROR Enemy transform component is null!
ERROR Enemy transform component is null!
ERROR Enemy transform component is null!
ERROR Enemy transform component is null!
ERROR Enemy transform component is null!
ERROR Enemy transform component is null!
ERROR Enemy transform component is null!
ERROR Enemy transform component is null!
ERROR Enemy transform component is null!
ERROR Enemy transform component is null!
ERROR Enemy transform component is null!
ERROR Enemy transform component is null!
ERROR Enemy transform component is null!
ERROR Enemy transform component is null!
ERROR Enemy transform component is null!
ERROR Enemy transform component is null!
ERROR Enemy transform component is null!
ERROR Enemy transform component is null!
ERROR Enemy transform component is null!
ERROR Enemy transform component is null!
ERROR Enemy transform component is null!
ERROR Enemy transform component is null!
ERROR Enemy transform component is null!
ERROR Enemy transform component is null!
ERROR Enemy transform component is null!
ERROR Enemy transform component is null!
ERROR Enemy transform component is null!
ERROR Enemy transform component is null!
ERROR Enemy transform component is null!
ERROR Enemy transform component is null!
ERROR Enemy transform component is null!
ERROR Enemy transform component is null!
ERROR Enemy transform component is null!
ERROR Enemy transform component is null!
ERROR Enemy transform component is null!
ERROR Enemy transform component is null!
ERROR Enemy transform component is null!
ERROR Enemy transform component is null!
ERROR Enemy transform component is null!
ERROR Enemy transform component is null!
ERROR Enemy transform component is null!
ERROR Enemy transform component is null!
ERROR Enemy transform component is null!
ERROR Enemy transform component is null!
ERROR Enemy transform component is null!
ERROR Enemy transform component is null!
ERROR Enemy transform component is null!
ERROR Enemy transform component is null!
ERROR Enemy transform component is null!
ERROR Enemy transform component is null!
ERROR Enemy transform component is null!
ERROR Enemy transform component is null!
ERROR Enemy transform component is null!
ERROR Enemy transform component is null!
ERROR Enemy transform component is null!
ERROR Enemy transform component is null!
ERROR Enemy transform component is null!
ERROR Enemy transform component is null!
ERROR Enemy transform component is null!
ERROR Enemy transform component is null!
ERROR Enemy transform component is null!
ERROR Enemy transform component is null!
ERROR Enemy transform component is null!
ERROR Enemy transform component is null!
ERROR Enemy transform component is null!
ERROR Enemy transform component is null!
ERROR Enemy transform component is null!
ERROR Enemy transform component is null!
ERROR Enemy transform component is null!
ERROR Enemy transform component is null!
ERROR Enemy transform component is null!
ERROR Enemy transform component is null!
ERROR Enemy transform component is null!
ERROR Enemy transform component is null!
ERROR Enemy transform component is null!
ERROR Enemy transform component is null!
ERROR Enemy transform component is null!
ERROR Enemy transform component is null!
ERROR Enemy transform component is null!
ERROR Enemy transform component is null!
ERROR Enemy transform component is null!
ERROR Enemy transform component is null!
ERROR Enemy transform component is null!
ERROR Enemy transform component is null!
ERROR Enemy transform component is null!
ERROR Enemy transform component is null!
ERROR Enemy transform component is null!
ERROR Enemy transform component is null!
ERROR Enemy transform component is null!
ERROR Enemy transform component is null!
ERROR Enemy transform component is null!
ERROR Enemy transform component is null!
ERROR Enemy transform component is null!
ERROR Enemy transform component is null!
ERROR Enemy transform component is null!
ERROR Enemy transform component is null!
ERROR Enemy transform component is null!
ERROR Enemy transform component is null!
ERROR Enemy transform component is null!
ERROR Enemy transform component is null!
ERROR Enemy transform component is null!
ERROR Enemy transform component is null!
ERROR Enemy transform component is null!
ERROR Enemy transform component is null!
ERROR Enemy transform component is null!
ERROR Enemy transform component is null!
ERROR Enemy transform component is null!
ERROR Enemy transform component is null!
ERROR Enemy transform component is null!
ERROR Enemy transform component is null!
ERROR Enemy transform component is null!
ERROR Enemy transform component is null!
ERROR Enemy transform component is null!
ERROR Enemy transform component is null!
ERROR Enemy transform component is null!
ERROR Enemy transform component is null!
ERROR Enemy transform component is null!
ERROR Enemy transform component is null!
ERROR Enemy transform component is null!
ERROR Enemy transform component is null!
ERROR Enemy transform component is null!
ERROR Enemy transform component is null!
ERROR Enemy transform component is null!
ERROR Enemy transform component is null!
ERROR Enemy transform component is null!
ERROR Enemy transform component is null!
ERROR Enemy transform component is null!
ERROR Enemy transform component is null!
ERROR Enemy transform component is null!
ERROR Enemy transform component is null!
ERROR Enemy transform component is null!
ERROR Enemy transform component is null!
ERROR Enemy transform component is null!
ERROR Enemy transform component is null!
ERROR Enemy transform component is null!
ERROR Enemy transform component is null!
ERROR Enemy transform component is null!
ERROR Enemy transform component is null!
ERROR Enemy transform component is null!
ERROR Enemy transform component is null!
ERROR Enemy transform component is null!
ERROR Enemy transform component is null!
ERROR Enemy transform component is null!
ERROR Enemy transform component is null!
ERROR Enemy transform component is null!
ERROR Enemy transform component is null!
ERROR Enemy transform component is null!
ERROR Enemy transform component is null!
ERROR Enemy transform component is null!
ERROR Enemy transform component is null!
ERROR Enemy transform component is null!
ERROR Enemy transform component is null!
ERROR Enemy transform component is null!
ERROR Enemy transform component is null!
ERROR Enemy transform component is null!
ERROR Enemy transform component is null!
ERROR Enemy transform component is null!
ERROR Enemy transform component is null!
ERROR Enemy transform component is null!
ERROR Enemy transform component is null!
ERROR Enemy transform component is null!
ERROR Enemy transform component is null!
ERROR Enemy transform component is null!
ERROR Enemy transform component is null!
ERROR Enemy transform component is null!
ERROR Enemy transform component is null!
ERROR Enemy transform component is null!
ERROR Enemy transform component is null!
ERROR Enemy transform component is null!
ERROR Enemy transform component is null!
ERROR Enemy transform component is null!
ERROR Enemy transform component is null!
ERROR Enemy transform component is null!
ERROR Enemy transform component is null!
ERROR Enemy transform component is null!
ERROR Enemy transform component is null!
ERROR Enemy transform component is null!
ERROR Enemy transform component is null!
ERROR Enemy transform component is null!
ERROR Enemy transform component is null!
ERROR Enemy transform component is null!
ERROR Enemy transform component is null!
ERROR Enemy transform component is null!
ERROR Enemy transform component is null!
ERROR Enemy transform component is null!
ERROR Enemy transform component is null!
ERROR Enemy transform component is null!
ERROR Enemy transform component is null!
ERROR Enemy transform component is null!
ERROR Enemy transform component is null!
ERROR Enemy transform component is null!
ERROR Enemy transform component is null!
ERROR Enemy transform component is null!
ERROR Enemy transform component is null!
ERROR Enemy transform component is null!
ERROR Enemy transform component is null!
ERROR Enemy transform component is null!
ERROR Enemy transform component is null!
ERROR Enemy transform component is null!
ERROR Enemy transform component is null!
ERROR Enemy transform component is null!
ERROR Enemy transform component is null!
ERROR Enemy transform component is null!
ERROR Enemy transform component is null!
ERROR Enemy transform component is null!
ERROR Enemy transform component is null!
ERROR Enemy transform component is null!
ERROR Enemy transform component is null!
ERROR Enemy transform component is null!
ERROR Enemy transform component is null!
ERROR Enemy transform component is null!
ERROR Enemy transform component is null!
ERROR Enemy transform component is null!
ERROR Enemy transform component is null!
ERROR Enemy transform component is null!
ERROR Enemy transform component is null!
ERROR Enemy transform component is null!
ERROR Enemy transform component is null!
ERROR Enemy transform component is null!
ERROR Enemy transform component is null!
ERROR Enemy transform component is null!
ERROR Enemy transform component is null!
ERROR Enemy transform component is null!
ERROR Enemy transform component is null!
ERROR Enemy transform component is null!
ERROR Enemy transform component is null!
ERROR Enemy transform component is null!
ERROR Enemy transform component is null!
ERROR Enemy transform component is null!
ERROR Enemy transform component is null!
ERROR Enemy transform component is null!
ERROR Enemy transform component is null!
ERROR Enemy transform component is null!
ERROR Enemy transform component is null!
ERROR Enemy transform component is null!
ERROR Enemy transform component is null!
ERROR Enemy transform component is null!
ERROR Enemy transform component is null!
ERROR Enemy transform component is null!
ERROR Enemy transform component is null!
ERROR Enemy transform component is null!
ERROR Enemy transform component is null!
ERROR Enemy transform component is null!
ERROR Enemy transform component is null!
ERROR Enemy transform component is null!
ERROR Enemy transform component is null!
ERROR Enemy transform component is null!
ERROR Enemy transform component is null!
ERROR Enemy transform component is null!
ERROR Enemy transform component is null!
ERROR Enemy transform component is null!
ERROR Enemy transform component is null!
ERROR Enemy transform component is null!
ERROR Enemy transform component is null!
ERROR Enemy transform component is null!
ERROR Enemy transform component is null!
ERROR Enemy transform component is null!
ERROR Enemy transform component is null!
ERROR Enemy transform component is null!
ERROR Enemy transform component is null!
ERROR Enemy transform component is null!
ERROR Enemy transform component is null!
ERROR Enemy transform component is null!
ERROR Enemy transform component is null!
ERROR Enemy transform component is null!
ERROR Enemy transform component is null!
ERROR Enemy transform component is null!
ERROR Enemy transform component is null!
ERROR Enemy transform component is null!
ERROR Enemy transform component is null!
ERROR Enemy transform component is null!
ERROR Enemy transform component is null!
ERROR Enemy transform component is null!
ERROR Enemy transform component is null!
ERROR Enemy transform component is null!
ERROR Enemy transform component is null!
ERROR Enemy transform component is null!
ERROR Enemy transform component is null!
ERROR Enemy transform component is null!
ERROR Enemy transform component is null!
ERROR Enemy transform component is null!
ERROR Enemy transform component is null!
ERROR Enemy transform component is null!
ERROR Enemy transform component is null!
ERROR Enemy transform component is null!
ERROR Enemy transform component is null!
ERROR Enemy transform component is null!
ERROR Enemy transform component is null!
ERROR Enemy transform component is null!
ERROR Enemy transform component is null!
ERROR Enemy transform component is null!
ERROR Enemy transform component is null!
ERROR Enemy transform component is null!
ERROR Enemy transform component is null!
ERROR Enemy transform component is null!
ERROR Enemy transform component is null!
ERROR Enemy transform component is null!
ERROR Enemy transform component is null!
ERROR Enemy transform component is null!
ERROR Enemy transform component is null!
ERROR Enemy transform component is null!
ERROR Enemy transform component is null!
ERROR Enemy transform component is null!
ERROR Enemy transform component is null!
ERROR Enemy transform component is null!
ERROR Enemy transform component is null!
ERROR Enemy transform component is null!
ERROR Enemy transform component is null!
ERROR Enemy transform component is null!
ERROR Enemy transform component is null!
ERROR Enemy transform component is null!
ERROR Enemy transform component is null!
ERROR Enemy transform component is null!
ERROR Enemy transform component is null!
ERROR Enemy transform component is null!
ERROR Enemy transform component is null!
ERROR Enemy transform component is null!
ERROR Enemy transform component is null!
ERROR Enemy transform component is null!
ERROR Enemy transform component is null!
ERROR Enemy transform component is null!
ERROR Enemy transform component is null!
ERROR Enemy transform component is null!
ERROR Enemy transform component is null!
ERROR Enemy transform component is null!
ERROR Enemy transform component is null!
ERROR Enemy transform component is null!
ERROR Enemy transform component is null!
ERROR Enemy transform component is null!
ERROR Enemy transform component is null!
ERROR Enemy transform component is null!
ERROR Enemy transform component is null!
ERROR Enemy transform component is null!
ERROR Enemy transform component is null!
ERROR Enemy transform component is null!
ERROR Enemy transform component is null!
ERROR Enemy transform component is null!
ERROR Enemy transform component is null!
ERROR Enemy transform component is null!
ERROR Enemy transform component is null!
ERROR Enemy transform component is null!
ERROR Enemy transform component is null!
ERROR Enemy transform component is null!
ERROR Enemy transform component is null!
ERROR Enemy transform component is null!
ERROR Enemy transform component is null!
ERROR Enemy transform component is null!
ERROR Enemy transform component is null!
ERROR Enemy transform component is null!
ERROR Enemy transform component is null!
ERROR Enemy transform component is null!
ERROR Enemy transform component is null!
ERROR Enemy transform component is null!
ERROR Enemy transform component is null!
ERROR Enemy transform component is null!
ERROR Enemy transform component is null!
ERROR Enemy transform component is null!
ERROR Enemy transform component is null!
ERROR Enemy transform component is null!
ERROR Enemy transform component is null!
ERROR Enemy transform component is null!
ERROR Enemy transform component is null!
ERROR Enemy transform component is null!
ERROR Enemy transform component is null!
ERROR Enemy transform component is null!
ERROR Enemy transform component is null!
ERROR Enemy transform component is null!
ERROR Enemy transform component is null!
ERROR Enemy transform component is null!
ERROR Enemy transform component is null!
ERROR Enemy transform component is null!
ERROR Enemy transform component is null!
ERROR Enemy transform component is null!
ERROR Enemy transform component is null!
ERROR Enemy transform component is null!
ERROR Enemy transform component is null!
ERROR Enemy transform component is null!
ERROR Enemy transform component is null!
ERROR Enemy transform component is null!
ERROR Enemy transform component is null!
ERROR Enemy transform component is null!
ERROR Enemy transform component is null!
ERROR Enemy transform component is null!
ERROR Enemy transform component is null!
ERROR Enemy transform component is null!
ERROR Enemy transform component is null!
ERROR Enemy transform component is null!
ERROR Enemy transform component is null!
ERROR Enemy transform component is null!
ERROR Enemy transform component is null!
ERROR Enemy transform component is null!
ERROR Enemy transform component is null!
ERROR Enemy transform component is null!
ERROR Enemy transform component is null!
ERROR Enemy transform component is null!
ERROR Enemy transform component is null!
ERROR Enemy transform component is null!
ERROR Enemy transform component is null!
ERROR Enemy transform component is null!
ERROR Enemy transform component is null!
ERROR Enemy transform component is null!
ERROR Enemy transform component is null!
ERROR Enemy transform component is null!
ERROR Enemy transform component is null!
ERROR Enemy transform component is null!
ERROR Enemy transform component is null!
ERROR Enemy transform component is null!
ERROR Enemy transform component is null!
ERROR Enemy transform component is null!
ERROR Enemy transform component is null!
ERROR Enemy transform component is null!
ERROR Enemy transform component is null!
ERROR Enemy transform component is null!
ERROR Enemy transform component is null!
ERROR Enemy transform component is null!
ERROR Enemy transform component is null!
ERROR Enemy transform component is null!
ERROR Enemy transform component is null!
ERROR Enemy transform component is null!
ERROR Enemy transform component is null!
ERROR Enemy transform component is null!
ERROR Enemy transform component is null!
ERROR Enemy transform component is null!
ERROR Enemy transform component is null!
ERROR Enemy transform component is null!
ERROR Enemy transform component is null!
ERROR Enemy transform component is null!
ERROR Enemy transform component is null!
ERROR Enemy transform component is null!
ERROR Enemy transform component is null!
ERROR Enemy transform component is null!
ERROR Enemy transform component is null!
ERROR Enemy transform component is null!
ERROR Enemy transform component is null!
ERROR Enemy transform component is null!
ERROR Enemy transform component is null!
ERROR Enemy transform component is null!
ERROR Enemy transform component is null!
ERROR Enemy transform component is null!
ERROR Enemy transform component is null!
ERROR Enemy transform component is null!
ERROR Enemy transform component is null!
ERROR Enemy transform component is null!
ERROR Enemy transform component is null!
ERROR Enemy transform component is null!
ERROR Enemy transform component is null!
ERROR Enemy transform component is null!
ERROR Enemy transform component is null!
ERROR Enemy transform component is null!
ERROR Enemy transform component is null!
ERROR Enemy transform component is null!
ERROR Enemy transform component is null!
ERROR Enemy transform component is null!
ERROR Enemy transform component is null!
ERROR Enemy transform component is null!
ERROR Enemy transform component is null!
ERROR Enemy transform component is null!
ERROR Enemy transform component is null!
ERROR Enemy transform component is null!
ERROR Enemy transform component is null!
ERROR Enemy transform component is null!
ERROR Enemy transform component is null!
ERROR Enemy transform component is null!
ERROR Enemy transform component is null!
ERROR Enemy transform component is null!
ERROR Enemy transform component is null!
ERROR Enemy transform component is null!
ERROR Enemy transform component is null!
ERROR Enemy transform component is null!
ERROR Enemy transform component is null!
ERROR Enemy transform component is null!
ERROR Enemy transform component is null!
ERROR Enemy transform component is null!
ERROR Enemy transform component is null!
ERROR Enemy transform component is null!
ERROR Enemy transform component is null!
ERROR Enemy transform component is null!
ERROR Enemy transform component is null!
ERROR Enemy transform component is null!
ERROR Enemy transform component is null!
ERROR Enemy transform component is null!
ERROR Enemy transform component is null!
ERROR Enemy transform component is null!
ERROR Enemy transform component is null!
ERROR Enemy transform component is null!
ERROR Enemy transform component is null!
ERROR Enemy transform component is null!
ERROR Enemy transform component is null!
ERROR Enemy transform component is null!
ERROR Enemy transform component is null!
ERROR Enemy transform component is null!
ERROR Enemy transform component is null!
ERROR Enemy transform component is null!
ERROR Enemy transform component is null!
ERROR Enemy transform component is null!
ERROR Enemy transform component is null!
ERROR Enemy transform component is null!
ERROR Enemy transform component is null!
ERROR Enemy transform component is null!
ERROR Enemy transform component is null!
ERROR Enemy transform component is null!
ERROR Enemy transform component is null!
ERROR Enemy transform component is null!
ERROR Enemy transform component is null!
ERROR Enemy transform component is null!
ERROR Enemy transform component is null!
ERROR Enemy transform component is null!
ERROR Enemy transform component is null!
ERROR Enemy transform component is null!
ERROR Enemy transform component is null!
ERROR Enemy transform component is null!
ERROR Enemy transform component is null!
ERROR Enemy transform component is null!
ERROR Enemy transform component is null!
ERROR Enemy transform component is null!
ERROR Enemy transform component is null!
ERROR Enemy transform component is null!
ERROR Enemy transform component is null!
ERROR Enemy transform component is null!
ERROR Enemy transform component is null!
ERROR Enemy transform component is null!
ERROR Enemy transform component is null!
ERROR Enemy transform component is null!
ERROR Enemy transform component is null!
ERROR Enemy transform component is null!
ERROR Enemy transform component is null!
ERROR Enemy transform component is null!
ERROR Enemy transform component is null!
ERROR Enemy transform component is null!
ERROR Enemy transform component is null!
ERROR Enemy transform component is null!
ERROR Enemy transform component is null!
ERROR Enemy transform component is null!
ERROR Enemy transform component is null!
ERROR Enemy transform component is null!
ERROR Enemy transform component is null!
ERROR Enemy transform component is null!
ERROR Enemy transform component is null!
ERROR Enemy transform component is null!
ERROR Enemy transform component is null!
ERROR Enemy transform component is null!
ERROR Enemy transform component is null!
ERROR Enemy transform component is null!
ERROR Enemy transform component is null!
ERROR Enemy transform component is null!
ERROR Enemy transform component is null!
ERROR Enemy transform component is null!
ERROR Enemy transform component is null!
ERROR Enemy transform component is null!
ERROR Enemy transform component is null!
ERROR Enemy transform component is null!
ERROR Enemy transform component is null!
ERROR Enemy transform component is null!
ERROR Enemy transform component is null!
ERROR Enemy transform component is null!
ERROR Enemy transform component is null!
ERROR Enemy transform component is null!
ERROR Enemy transform component is null!
ERROR Enemy transform component is null!
ERROR Enemy transform component is null!
ERROR Enemy transform component is null!
ERROR Enemy transform component is null!
ERROR Enemy transform component is null!
ERROR Enemy transform component is null!
ERROR Enemy transform component is null!
ERROR Enemy transform component is null!
ERROR Enemy transform component is null!
ERROR Enemy transform component is null!
ERROR Enemy transform component is null!
ERROR Enemy transform component is null!
ERROR Enemy transform component is null!
ERROR Enemy transform component is null!
ERROR Enemy transform component is null!
ERROR Enemy transform component is null!
ERROR Enemy transform component is null!
ERROR Enemy transform component is null!
ERROR Enemy transform component is null!
ERROR Enemy transform component is null!
ERROR Enemy transform component is null!
ERROR Enemy transform component is null!
ERROR Enemy transform component is null!
ERROR Enemy transform component is null!
ERROR Enemy transform component is null!
ERROR Enemy transform component is null!
ERROR Enemy transform component is null!
ERROR Enemy transform component is null!
ERROR Enemy transform component is null!
ERROR Enemy transform component is null!
ERROR Enemy transform component is null!
ERROR Enemy transform component is null!
ERROR Enemy transform component is null!
ERROR Enemy transform component is null!
ERROR Enemy transform component is null!
ERROR Enemy transform component is null!
ERROR Enemy transform component is null!
ERROR Enemy transform component is null!
ERROR Enemy transform component is null!
ERROR Enemy transform component is null!
ERROR Enemy transform component is null!
ERROR Enemy transform component is null!
ERROR Enemy transform component is null!
ERROR Enemy transform component is null!
ERROR Enemy transform component is null!
ERROR Enemy transform component is null!
ERROR Enemy transform component is null!
ERROR Enemy transform component is null!
ERROR Enemy transform component is null!
ERROR Enemy transform component is null!
ERROR Enemy transform component is null!
ERROR Enemy transform component is null!
ERROR Enemy transform component is null!
ERROR Enemy transform component is null!
ERROR Enemy transform component is null!
ERROR Enemy transform component is null!
ERROR Enemy transform component is null!
ERROR Enemy transform component is null!
ERROR Enemy transform component is null!
ERROR Enemy transform component is null!
ERROR Enemy transform component is null!
ERROR Enemy transform component is null!
ERROR Enemy transform component is null!
ERROR Enemy transform component is null!
ERROR Enemy transform component is null!
ERROR Enemy transform component is null!
ERROR Enemy transform component is null!
ERROR Enemy transform component is null!
ERROR Enemy transform component is null!
ERROR Enemy transform component is null!
ERROR Enemy transform component is null!
ERROR Enemy transform component is null!
ERROR Enemy transform component is null!
ERROR Enemy transform component is null!
ERROR Enemy transform component is null!
ERROR Enemy transform component is null!
ERROR Enemy transform component is null!
ERROR Enemy transform component is null!
ERROR Enemy transform component is null!
ERROR Enemy transform component is null!
ERROR Enemy transform component is null!
ERROR Enemy transform component is null!
ERROR Enemy transform component is null!
ERROR Enemy transform component is null!
ERROR Enemy transform component is null!
ERROR Enemy transform component is null!
ERROR Enemy transform component is null!
ERROR Enemy transform component is null!
ERROR Enemy transform component is null!
ERROR Enemy transform component is null!
ERROR Enemy transform component is null!
ERROR Enemy transform component is null!
ERROR Enemy transform component is null!
ERROR Enemy transform component is null!
ERROR Enemy transform component is null!
ERROR Enemy transform component is null!
ERROR Enemy transform component is null!
ERROR Enemy transform component is null!
ERROR Enemy transform component is null!
ERROR Enemy transform component is null!
ERROR Enemy transform component is null!
ERROR Enemy transform component is null!
ERROR Enemy transform component is null!
ERROR Enemy transform component is null!
ERROR Enemy transform component is null!
ERROR Enemy transform component is null!
ERROR Enemy transform component is null!
ERROR Enemy transform component is null!
ERROR Enemy transform component is null!
ERROR Enemy transform component is null!
ERROR Enemy transform component is null!
ERROR Enemy transform component is null!
ERROR Enemy transform component is null!
ERROR Enemy transform component is null!
ERROR Enemy transform component is null!
ERROR Enemy transform component is null!
ERROR Enemy transform component is null!
ERROR Enemy transform component is null!
ERROR Enemy transform component is null!
ERROR Enemy transform component is null!
ERROR Enemy transform component is null!
ERROR Enemy transform component is null!
ERROR Enemy transform component is null!
ERROR Enemy transform component is null!
ERROR Enemy transform component is null!
ERROR Enemy transform component is null!
ERROR Enemy transform component is null!
ERROR Enemy transform component is null!
ERROR Enemy transform component is null!
ERROR Enemy transform component is null!
ERROR Enemy transform component is null!
ERROR Enemy transform component is null!
ERROR Enemy transform component is null!
ERROR Enemy transform component is null!
ERROR Enemy transform component is null!
ERROR Enemy transform component is null!
ERROR Enemy transform component is null!
ERROR Enemy transform component is null!
ERROR Enemy transform component is null!
ERROR Enemy transform component is null!
ERROR Enemy transform component is null!
ERROR Enemy transform component is null!
ERROR Enemy transform component is null!
ERROR Enemy transform component is null!
ERROR Enemy transform component is null!
ERROR Enemy transform component is null!
ERROR Enemy transform component is null!
ERROR Enemy transform component is null!
ERROR Enemy transform component is null!
ERROR Enemy transform component is null!
ERROR Enemy transform component is null!
ERROR Enemy transform component is null!
ERROR Enemy transform component is null!
ERROR Enemy transform component is null!
ERROR Enemy transform component is null!
ERROR Enemy transform component is null!
ERROR Enemy transform component is null!
ERROR Enemy transform component is null!
ERROR Enemy transform component is null!
ERROR Enemy transform component is null!
ERROR Enemy transform component is null!
ERROR Enemy transform component is null!
ERROR Enemy transform component is null!
ERROR Enemy transform component is null!
ERROR Enemy transform component is null!
ERROR Enemy transform component is null!
ERROR Enemy transform component is null!
ERROR Enemy transform component is null!
ERROR Enemy transform component is null!
ERROR Enemy transform component is null!
ERROR Enemy transform component is null!
ERROR Enemy transform component is null!
ERROR Enemy transform component is null!
ERROR Enemy transform component is null!
ERROR Enemy transform component is null!
ERROR Enemy transform component is null!
ERROR Enemy transform component is null!
ERROR Enemy transform component is null!
ERROR Enemy transform component is null!
ERROR Enemy transform component is null!
ERROR Enemy transform component is null!
ERROR Enemy transform component is null!
ERROR Enemy transform component is null!
ERROR Enemy transform component is null!
ERROR Enemy transform component is null!
ERROR Enemy transform component is null!
ERROR Enemy transform component is null!
ERROR Enemy transform component is null!
ERROR Enemy transform component is null!
ERROR Enemy transform component is null!
ERROR Enemy transform component is null!
ERROR Enemy transform component is null!
ERROR Enemy transform component is null!
ERROR Enemy transform component is null!
ERROR Enemy transform component is null!
ERROR Enemy transform component is null!
ERROR Enemy transform component is null!
ERROR Enemy transform component is null!
ERROR Enemy transform component is null!
ERROR Enemy transform component is null!
ERROR Enemy transform component is null!
ERROR Enemy transform component is null!
ERROR Enemy transform component is null!
ERROR Enemy transform component is null!
ERROR Enemy transform component is null!
ERROR Enemy transform component is null!
ERROR Enemy transform component is null!
ERROR Enemy transform component is null!
ERROR Enemy transform component is null!
ERROR Enemy transform component is null!
ERROR Enemy transform component is null!
ERROR Enemy transform component is null!
ERROR Enemy transform component is null!
ERROR Enemy transform component is null!
ERROR Enemy transform component is null!
ERROR Enemy transform component is null!
ERROR Enemy transform component is null!
ERROR Enemy transform component is null!
ERROR Enemy transform component is null!
ERROR Enemy transform component is null!
ERROR Enemy transform component is null!
ERROR Enemy transform component is null!
ERROR Enemy transform component is null!
ERROR Enemy transform component is null!
ERROR Enemy transform component is null!
ERROR Enemy transform component is null!
ERROR Enemy transform component is null!
ERROR Enemy transform component is null!
ERROR Enemy transform component is null!
ERROR Enemy transform component is null!
ERROR Enemy transform component is null!
ERROR Enemy transform component is null!
ERROR Enemy transform component is null!
ERROR Enemy transform component is null!
ERROR Enemy transform component is null!
ERROR Enemy transform component is null!
ERROR Enemy transform component is null!
ERROR Enemy transform component is null!
ERROR Enemy transform component is null!
ERROR Enemy transform component is null!
ERROR Enemy transform component is null!
ERROR Enemy transform component is null!
ERROR Enemy transform component is null!
ERROR Enemy transform component is null!
ERROR Enemy transform component is null!
ERROR Enemy transform component is null!
ERROR Enemy transform component is null!
ERROR Enemy transform component is null!
ERROR Enemy transform component is null!
ERROR Enemy transform component is null!
ERROR Enemy transform component is null!
ERROR Enemy transform component is null!
ERROR Enemy transform component is null!
ERROR Enemy transform component is null!
ERROR Enemy transform component is null!
ERROR Enemy transform component is null!
ERROR Enemy transform component is null!
ERROR Enemy transform component is null!
ERROR Enemy transform component is null!
ERROR Enemy transform component is null!
ERROR Enemy transform component is null!
ERROR Enemy transform component is null!
ERROR Enemy transform component is null!
ERROR Enemy transform component is null!
ERROR Enemy transform component is null!
ERROR Enemy transform component is null!
ERROR Enemy transform component is null!
ERROR Enemy transform component is null!
ERROR Enemy transform component is null!
ERROR Enemy transform component is null!
ERROR Enemy transform component is null!
ERROR Enemy transform component is null!
ERROR Enemy transform component is null!
ERROR Enemy transform component is null!
ERROR Enemy transform component is null!
ERROR Enemy transform component is null!
ERROR Enemy transform component is null!
ERROR Enemy transform component is null!
ERROR Enemy transform component is null!
ERROR Enemy transform component is null!
ERROR Enemy transform component is null!
ERROR Enemy transform component is null!
ERROR Enemy transform component is null!
ERROR Enemy transform component is null!
ERROR Enemy transform component is null!
ERROR Enemy transform component is null!
ERROR Enemy transform component is null!
ERROR Enemy transform component is null!
ERROR Enemy transform component is null!
ERROR Enemy transform component is null!
ERROR Enemy transform component is null!
ERROR Enemy transform component is null!
ERROR Enemy transform component is null!
ERROR Enemy transform component is null!
ERROR Enemy transform component is null!
ERROR Enemy transform component is null!
ERROR Enemy transform component is null!
ERROR Enemy transform component is null!
ERROR Enemy transform component is null!
ERROR Enemy transform component is null!
ERROR Enemy transform component is null!
ERROR Enemy transform component is null!
ERROR Enemy transform component is null!
ERROR Enemy transform component is null!
ERROR Enemy transform component is null!
ERROR Enemy transform component is null!
ERROR Enemy transform component is null!
ERROR Enemy transform component is null!
ERROR Enemy transform component is null!
ERROR Enemy transform component is null!
ERROR Enemy transform component is null!
ERROR Enemy transform component is null!
ERROR Enemy transform component is null!
ERROR Enemy transform component is null!
ERROR Enemy transform component is null!
ERROR Enemy transform component is null!
ERROR Enemy transform component is null!
ERROR Enemy transform component is null!
ERROR Enemy transform component is null!
ERROR Enemy transform component is null!
ERROR Enemy transform component is null!
ERROR Enemy transform component is null!
ERROR Enemy transform component is null!
ERROR Enemy transform component is null!
ERROR Enemy transform component is null!
ERROR Enemy transform component is null!
ERROR Enemy transform component is null!
ERROR Enemy transform component is null!
ERROR Enemy transform component is null!
ERROR Enemy transform component is null!
ERROR Enemy transform component is null!
ERROR Enemy transform component is null!
ERROR Enemy transform component is null!
ERROR Enemy transform component is null!
ERROR Enemy transform component is null!
ERROR Enemy transform component is null!
ERROR Enemy transform component is null!
ERROR Enemy transform component is null!
ERROR Enemy transform component is null!
ERROR Enemy transform component is null!
ERROR Enemy transform component is null!
ERROR Enemy transform component is null!
ERROR Enemy transform component is null!
ERROR Enemy transform component is null!
ERROR Enemy transform component is null!
ERROR Enemy transform component is null!
ERROR Enemy transform component is null!
ERROR Enemy transform component is null!
ERROR Enemy transform component is null!
ERROR Enemy transform component is null!
ERROR Enemy transform component is null!
ERROR Enemy transform component is null!
ERROR Enemy transform component is null!
ERROR Enemy transform component is null!
ERROR Enemy transform component is null!
ERROR Enemy transform component is null!
ERROR Enemy transform component is null!
ERROR Enemy transform component is null!
ERROR Enemy transform component is null!
ERROR Enemy transform component is null!
ERROR Enemy transform component is null!
ERROR Enemy transform component is null!
ERROR Enemy transform component is null!
ERROR Enemy transform component is null!
ERROR Enemy transform component is null!
ERROR Enemy transform component is null!
ERROR Enemy transform component is null!
ERROR Enemy transform component is null!
ERROR Enemy transform component is null!
ERROR Enemy transform component is null!
ERROR Enemy transform component is null!
ERROR Enemy transform component is null!
ERROR Enemy transform component is null!
ERROR Enemy transform component is null!
ERROR Enemy transform component is null!
ERROR Enemy transform component is null!
ERROR Enemy transform component is null!
ERROR Enemy transform component is null!
ERROR Enemy transform component is null!
ERROR Enemy transform component is null!
ERROR Enemy transform component is null!
ERROR Enemy transform component is null!
ERROR Enemy transform component is null!
ERROR Enemy transform component is null!
ERROR Enemy transform component is null!
ERROR Enemy transform component is null!
ERROR Enemy transform component is null!
ERROR Enemy transform component is null!
ERROR Enemy transform component is null!
ERROR Enemy transform component is null!
ERROR Enemy transform component is null!
ERROR Enemy transform component is null!
ERROR Enemy transform component is null!
ERROR Enemy transform component is null!
ERROR Enemy transform component is null!
ERROR Enemy transform component is null!
ERROR Enemy transform component is null!
ERROR Enemy transform component is null!
ERROR Enemy transform component is null!
ERROR Enemy transform component is null!
ERROR Enemy transform component is null!
ERROR Enemy transform component is null!
ERROR Enemy transform component is null!
ERROR Enemy transform component is null!
ERROR Enemy transform component is null!
ERROR Enemy transform component is null!
ERROR Enemy transform component is null!
ERROR Enemy transform component is null!
ERROR Enemy transform component is null!
ERROR Enemy transform component is null!
ERROR Enemy transform component is null!
ERROR Enemy transform component is null!
ERROR Enemy transform component is null!
ERROR Enemy transform component is null!
ERROR Enemy transform component is null!
ERROR Enemy transform component is null!
ERROR Enemy transform component is null!
ERROR Enemy transform component is null!
ERROR Enemy transform component is null!
ERROR Enemy transform component is null!
ERROR Enemy transform component is null!
ERROR Enemy transform component is null!
ERROR Enemy transform component is null!
ERROR Enemy transform component is null!
ERROR Enemy transform component is null!
ERROR Enemy transform component is null!
ERROR Enemy transform component is null!
ERROR Enemy transform component is null!
ERROR Enemy transform component is null!
ERROR Enemy transform component is null!
ERROR Enemy transform component is null!
ERROR Enemy transform component is null!
ERROR Enemy transform component is null!
ERROR Enemy transform component is null!
ERROR Enemy transform component is null!
ERROR Enemy transform component is null!
ERROR Enemy transform component is null!
ERROR Enemy transform component is null!
ERROR Enemy transform component is null!
ERROR Enemy transform component is null!
ERROR Enemy transform component is null!
ERROR Enemy transform component is null!
ERROR Enemy transform component is null!
ERROR Enemy transform component is null!
ERROR Enemy transform component is null!
ERROR Enemy transform component is null!
ERROR Enemy transform component is null!
ERROR Enemy transform component is null!
ERROR Enemy transform component is null!
ERROR Enemy transform component is null!
ERROR Enemy transform component is null!
ERROR Enemy transform component is null!
ERROR Enemy transform component is null!
ERROR Enemy transform component is null!
ERROR Enemy transform component is null!
ERROR Enemy transform component is null!
ERROR Enemy transform component is null!
ERROR Enemy transform component is null!
ERROR Enemy transform component is null!
ERROR Enemy transform component is null!
ERROR Enemy transform component is null!
ERROR Enemy transform component is null!
ERROR Enemy transform component is null!
ERROR Enemy transform component is null!
ERROR Enemy transform component is null!
ERROR Enemy transform component is null!
ERROR Enemy transform component is null!
ERROR Enemy transform component is null!
ERROR Enemy transform component is null!
ERROR Enemy transform component is null!
ERROR Enemy transform component is null!
ERROR Enemy transform component is null!
ERROR Enemy transform component is null!
ERROR Enemy transform component is null!
ERROR Enemy transform component is null!
ERROR Enemy transform component is null!
ERROR Enemy transform component is null!
ERROR Enemy transform component is null!
ERROR Enemy transform component is null!
ERROR Enemy transform component is null!
ERROR Enemy transform component is null!
ERROR Enemy transform component is null!
ERROR Enemy transform component is null!
ERROR Enemy transform component is null!
ERROR Enemy transform component is null!
ERROR Enemy transform component is null!
ERROR Enemy transform component is null!
ERROR Enemy transform component is null!
ERROR Enemy transform component is null!
ERROR Enemy transform component is null!
ERROR Enemy transform component is null!
ERROR Enemy transform component is null!
ERROR Enemy transform component is null!
ERROR Enemy transform component is null!
ERROR Enemy transform component is null!
ERROR Enemy transform component is null!
ERROR Enemy transform component is null!
ERROR Enemy transform component is null!
ERROR Enemy transform component is null!
ERROR Enemy transform component is null!
ERROR Enemy transform component is null!
ERROR Enemy transform component is null!
ERROR Enemy transform component is null!
ERROR Enemy transform component is null!
ERROR Enemy transform component is null!
ERROR Enemy transform component is null!
ERROR Enemy transform component is null!
ERROR Enemy transform component is null!
ERROR Enemy transform component is null!
ERROR Enemy transform component is null!
ERROR Enemy transform component is null!
ERROR Enemy transform component is null!
ERROR Enemy transform component is null!
ERROR Enemy transform component is null!
ERROR Enemy transform component is null!
ERROR Enemy transform component is null!
ERROR Enemy transform component is null!
ERROR Enemy transform component is null!
ERROR Enemy transform component is null!
ERROR Enemy transform component is null!
ERROR Enemy transform component is null!
ERROR Enemy transform component is null!
ERROR Enemy transform component is null!
ERROR Enemy transform component is null!
ERROR Enemy transform component is null!
ERROR Enemy transform component is null!
ERROR Enemy transform component is null!
ERROR Enemy transform component is null!
ERROR Enemy transform component is null!
ERROR Enemy transform component is null!
ERROR Enemy transform component is null!
ERROR Enemy transform component is null!
ERROR Enemy transform component is null!
ERROR Enemy transform component is null!
ERROR Enemy transform component is null!
ERROR Enemy transform component is null!
ERROR Enemy transform component is null!
ERROR Enemy transform component is null!
ERROR Enemy transform component is null!
ERROR Enemy transform component is null!
ERROR Enemy transform component is null!
ERROR Enemy transform component is null!
ERROR Enemy transform component is null!
ERROR Enemy transform component is null!
ERROR Enemy transform component is null!
ERROR Enemy transform component is null!
ERROR Enemy transform component is null!
ERROR Enemy transform component is null!
ERROR Enemy transform component is null!
ERROR Enemy transform component is null!
ERROR Enemy transform component is null!
ERROR Enemy transform component is null!
ERROR Enemy transform component is null!
ERROR Enemy transform component is null!
ERROR Enemy transform component is null!
ERROR Enemy transform component is null!
ERROR Enemy transform component is null!
ERROR Enemy transform component is null!
ERROR Enemy transform component is null!
ERROR Enemy transform component is null!
ERROR Enemy transform component is null!
ERROR Enemy transform component is null!
ERROR Enemy transform component is null!
ERROR Enemy transform component is null!
ERROR Enemy transform component is null!
ERROR Enemy transform component is null!
ERROR Enemy transform component is null!
ERROR Enemy transform component is null!
ERROR Enemy transform component is null!
ERROR Enemy transform component is null!
ERROR Enemy transform component is null!
ERROR Enemy transform component is null!
ERROR Enemy transform component is null!
ERROR Enemy transform component is null!
ERROR Enemy transform component is null!
ERROR Enemy transform component is null!
ERROR Enemy transform component is null!
ERROR Enemy transform component is null!
ERROR Enemy transform component is null!
ERROR Enemy transform component is null!
ERROR Enemy transform component is null!
ERROR Enemy transform component is null!
ERROR Enemy transform component is null!
ERROR Enemy transform component is null!
ERROR Enemy transform component is null!
ERROR Enemy transform component is null!
ERROR Enemy transform component is null!
ERROR Enemy transform component is null!
ERROR Enemy transform component is null!
ERROR Enemy transform component is null!
ERROR Enemy transform component is null!
ERROR Enemy transform component is null!
ERROR Enemy transform component is null!
ERROR Enemy transform component is null!
ERROR Enemy transform component is null!
ERROR Enemy transform component is null!
ERROR Enemy transform component is null!
ERROR Enemy transform component is null!
ERROR Enemy transform component is null!
ERROR Enemy transform component is null!
ERROR Enemy transform component is null!
ERROR Enemy transform component is null!
ERROR Enemy transform component is null!
ERROR Enemy transform component is null!
ERROR Enemy transform component is null!
ERROR Enemy transform component is null!
ERROR Enemy transform component is null!
ERROR Enemy transform component is null!
ERROR Enemy transform component is null!
ERROR Enemy transform component is null!
ERROR Enemy transform component is null!
ERROR Enemy transform component is null!
ERROR Enemy transform component is null!
ERROR Enemy transform component is null!
ERROR Enemy transform component is null!
ERROR Enemy transform component is null!
ERROR Enemy transform component is null!
